<?xml version="1.0" encoding="ISO-8859-1" standalone="no"?>
<IP DBVersion="V4.0" Name="DMA" Version="STM32Cube_FW_H7_V1.0.0" IncludeFile="stm32h7xx_hal.h" xmlns:ns0="http://www.w3.org/2001/XMLSchema-instance" ns0:schemaLocation="http://mcd.rou.st.com/modules.php?name=mcu ../../../../../../../doc/V4/Development/Specifications/db/IP_Configs.xsd" xmlns="http://mcd.rou.st.com/modules.php?name=mcu">
    <RefConfig Name="HAL_DMA_Init">
      <CallLibMethod Name="HAL_DMA_Init"/>
      <IFCondition Expression = "((Request=BDMA_REQUEST_GENERATOR0)|(Request=BDMA_REQUEST_GENERATOR1)|(Request=BDMA_REQUEST_GENERATOR2)|(Request=BDMA_REQUEST_GENERATOR3)|(Request=BDMA_REQUEST_GENERATOR4)|(Request=BDMA_REQUEST_GENERATOR5)|(Request=BDMA_REQUEST_GENERATOR6)|(Request=BDMA_REQUEST_GENERATOR7))&amp; !(SignalID=NONE)">
        <CallLibMethod Name="HAL_DMAEx_ConfigMuxRequestGenerator"/>
      </IFCondition>
      <IFCondition Expression = "!(SyncSignalID=NONE)">
        <CallLibMethod Name="HAL_DMAEx_ConfigMuxSync">
          <MethodArg Name="RequestNumber" ParameterName="SyncRequestNumber"/>
        </CallLibMethod>
      </IFCondition>
      <IFCondition Expression = "(SyncSignalID=NONE) &amp; (EventEnable=ENABLE)">
        <CallLibMethod Name="HAL_DMAEx_ConfigMuxSync">
          <MethodArg Name="RequestNumber" ParameterName="SyncRequestNumber"/>
          <MethodArg Name="SyncSignalID" FValue="HAL_DMAMUX2_SYNC_EXTI0"/> <!--Forcage-->
          <MethodArg Name="SyncEnable" FValue="DISABLE"/> <!--Forcage-->
        </CallLibMethod>
      </IFCondition>
      <Component Name="HAL:DMA"/>
    </RefConfig>
    <RefConfig Name="HAL_DMA_DeInit">
      <CallLibMethod Name="HAL_DMA_DeInit"/>
    </RefConfig>
    <LibMethod Comment="" Name="HAL_DMA_Init">
        <Argument Comment="" AddressOf="true" GenericType="struct" Name="hdma" TypeName="DMA_HandleTypeDef" Context="global">
            <Argument Comment="" AddressOf="false" GenericType="baseaddress" Name="Instance" TypeName="DMA_Stream_TypeDef *"/>
            <Argument Comment="" AddressOf="false" GenericType="struct" Name="Init" TypeName="DMA_InitTypeDef">
                <Argument Comment="" AddressOf="false" GenericType="simple" Name="Request"/>
                <Argument Comment="" AddressOf="false" GenericType="simple" Name="Direction"/>
                <Argument Comment="" AddressOf="false" GenericType="simple" Name="PeriphInc"/>
                <Argument Comment="" AddressOf="false" GenericType="simple" Name="MemInc"/>
                <Argument Comment="" AddressOf="false" GenericType="simple" Name="PeriphDataAlignment"/>
                <Argument Comment="" AddressOf="false" GenericType="simple" Name="MemDataAlignment"/>
                <Argument Comment="" AddressOf="false" GenericType="simple" Name="Mode"/>
                <Argument Comment="" AddressOf="false" GenericType="simple" Name="Priority"/>
            </Argument>
            <Argument Comment="" AddressOf="false" GenericType="enum" Name="Lock" TypeName="HAL_LockTypeDef"/>
            <Argument Comment="" AddressOf="false" GenericType="enum" Name="State" TypeName="HAL_DMA_StateTypeDef"/>
            <Argument Comment="" AddressOf="true" GenericType="simple" Name="Parent"/>
            <Argument Comment="" AddressOf="true" GenericType="simple" Name="XferCpltCallback"/>
            <Argument Comment="" AddressOf="true" GenericType="simple" Name="XferHalfCpltCallback"/>
            <Argument Comment="" AddressOf="true" GenericType="simple" Name="XferM1CpltCallback"/>
            <Argument Comment="" AddressOf="true" GenericType="simple" Name="XferM1HalfCpltCallback"/>
            <Argument Comment="" AddressOf="true" GenericType="simple" Name="XferErrorCallback"/>
            <Argument Comment="" AddressOf="true" GenericType="simple" Name="XferAbortCallback"/>
            <Argument Comment="" AddressOf="false" GenericType="simple" Name="ErrorCode"/>
            <Argument Comment="" AddressOf="false" GenericType="simple" Name="StreamBaseAddress"/>
            <Argument Comment="" AddressOf="false" GenericType="simple" Name="StreamIndex"/>
        </Argument>
    </LibMethod>
    <LibMethod Comment="" Name="HAL_DMA_DeInit">
        <Argument Comment="" AddressOf="true" GenericType="struct" Name="hdma" TypeName="DMA_HandleTypeDef">
            <Argument Comment="" AddressOf="false" GenericType="baseaddress" Name="Instance" TypeName="DMA_Stream_TypeDef *"/>
            <Argument Comment="" AddressOf="false" GenericType="struct" Name="Init" TypeName="DMA_InitTypeDef">
                <Argument Comment="" AddressOf="false" GenericType="simple" Name="Request"/>
                <Argument Comment="" AddressOf="false" GenericType="simple" Name="Direction"/>
                <Argument Comment="" AddressOf="false" GenericType="simple" Name="PeriphInc"/>
                <Argument Comment="" AddressOf="false" GenericType="simple" Name="MemInc"/>
                <Argument Comment="" AddressOf="false" GenericType="simple" Name="PeriphDataAlignment"/>
                <Argument Comment="" AddressOf="false" GenericType="simple" Name="MemDataAlignment"/>
                <Argument Comment="" AddressOf="false" GenericType="simple" Name="Mode"/>
                <Argument Comment="" AddressOf="false" GenericType="simple" Name="Priority"/>
            </Argument>
            <Argument Comment="" AddressOf="false" GenericType="enum" Name="Lock" TypeName="HAL_LockTypeDef"/>
            <Argument Comment="" AddressOf="false" GenericType="enum" Name="State" TypeName="HAL_DMA_StateTypeDef"/>
            <Argument Comment="" AddressOf="true" GenericType="simple" Name="Parent"/>
            <Argument Comment="" AddressOf="true" GenericType="simple" Name="XferCpltCallback"/>
            <Argument Comment="" AddressOf="true" GenericType="simple" Name="XferHalfCpltCallback"/>
            <Argument Comment="" AddressOf="true" GenericType="simple" Name="XferM1CpltCallback"/>
            <Argument Comment="" AddressOf="true" GenericType="simple" Name="XferM1HalfCpltCallback"/>
            <Argument Comment="" AddressOf="true" GenericType="simple" Name="XferErrorCallback"/>
            <Argument Comment="" AddressOf="true" GenericType="simple" Name="XferAbortCallback"/>
            <Argument Comment="" AddressOf="false" GenericType="simple" Name="ErrorCode"/>
            <Argument Comment="" AddressOf="false" GenericType="simple" Name="StreamBaseAddress"/>
            <Argument Comment="" AddressOf="false" GenericType="simple" Name="StreamIndex"/>
        </Argument>
    </LibMethod>
    <LibMethod Comment="Configure the DMAMUX request generator for the selected BDMA channel" Name="HAL_DMAEx_ConfigMuxRequestGenerator">
        <Argument Comment="" AddressOf="true" GenericType="struct" Name="hdma" TypeName="DMA_HandleTypeDef" Context="global">
            <Argument Comment="" AddressOf="false" GenericType="baseaddress" Name="Instance" TypeName="DMA_Stream_TypeDef *"/>
            <Argument Comment="" AddressOf="false" GenericType="struct" Name="Init" TypeName="DMA_InitTypeDef">
                <Argument Comment="" AddressOf="false" GenericType="simple" Name="Request"/>
                <Argument Comment="" AddressOf="false" GenericType="simple" Name="Direction"/>
                <Argument Comment="" AddressOf="false" GenericType="simple" Name="PeriphInc"/>
                <Argument Comment="" AddressOf="false" GenericType="simple" Name="MemInc"/>
                <Argument Comment="" AddressOf="false" GenericType="simple" Name="PeriphDataAlignment"/>
                <Argument Comment="" AddressOf="false" GenericType="simple" Name="MemDataAlignment"/>
                <Argument Comment="" AddressOf="false" GenericType="simple" Name="Mode"/>
                <Argument Comment="" AddressOf="false" GenericType="simple" Name="Priority"/>
            </Argument>
            <Argument Comment="" AddressOf="false" GenericType="enum" Name="Lock" TypeName="HAL_LockTypeDef"/>
            <Argument Comment="" AddressOf="false" GenericType="enum" Name="State" TypeName="HAL_DMA_StateTypeDef"/>
            <Argument Comment="" AddressOf="true" GenericType="simple" Name="Parent"/>
            <Argument Comment="" AddressOf="true" GenericType="simple" Name="XferCpltCallback"/>
            <Argument Comment="" AddressOf="true" GenericType="simple" Name="XferHalfCpltCallback"/>
            <Argument Comment="" AddressOf="true" GenericType="simple" Name="XferM1CpltCallback"/>
            <Argument Comment="" AddressOf="true" GenericType="simple" Name="XferM1HalfCpltCallback"/>
            <Argument Comment="" AddressOf="true" GenericType="simple" Name="XferErrorCallback"/>
            <Argument Comment="" AddressOf="true" GenericType="simple" Name="XferAbortCallback"/>
            <Argument Comment="" AddressOf="false" GenericType="simple" Name="ErrorCode"/>
            <Argument Comment="" AddressOf="false" GenericType="simple" Name="StreamBaseAddress"/>
            <Argument Comment="" AddressOf="false" GenericType="simple" Name="StreamIndex"/>
        </Argument>
        <Argument Comment="" AddressOf="true" GenericType="struct" Name="pRequestGeneratorConfig" TypeName="HAL_DMA_MuxRequestGeneratorConfigTypeDef">
            <Argument Comment="" AddressOf="false" GenericType="simple" Name="SignalID"/>
            <Argument Comment="" AddressOf="false" GenericType="simple" Name="Polarity"/>
            <Argument Comment="" AddressOf="false" GenericType="simple" Name="RequestNumber"/>
        </Argument>
    </LibMethod>
        <LibMethod Comment="Configure the DMAMUX synchronization parameters for the selected BDMA channel" Name="HAL_DMAEx_ConfigMuxSync">
        <Argument Comment="" AddressOf="true" GenericType="struct" Name="hdma" TypeName="DMA_HandleTypeDef" Context="global">
            <Argument Comment="" AddressOf="false" GenericType="baseaddress" Name="Instance" TypeName="DMA_Stream_TypeDef *"/>
            <Argument Comment="" AddressOf="false" GenericType="struct" Name="Init" TypeName="DMA_InitTypeDef">
                <Argument Comment="" AddressOf="false" GenericType="simple" Name="Request"/>
                <Argument Comment="" AddressOf="false" GenericType="simple" Name="Direction"/>
                <Argument Comment="" AddressOf="false" GenericType="simple" Name="PeriphInc"/>
                <Argument Comment="" AddressOf="false" GenericType="simple" Name="MemInc"/>
                <Argument Comment="" AddressOf="false" GenericType="simple" Name="PeriphDataAlignment"/>
                <Argument Comment="" AddressOf="false" GenericType="simple" Name="MemDataAlignment"/>
                <Argument Comment="" AddressOf="false" GenericType="simple" Name="Mode"/>
                <Argument Comment="" AddressOf="false" GenericType="simple" Name="Priority"/>
            </Argument>
            <Argument Comment="" AddressOf="false" GenericType="enum" Name="Lock" TypeName="HAL_LockTypeDef"/>
            <Argument Comment="" AddressOf="false" GenericType="enum" Name="State" TypeName="HAL_DMA_StateTypeDef"/>
            <Argument Comment="" AddressOf="true" GenericType="simple" Name="Parent"/>
            <Argument Comment="" AddressOf="true" GenericType="simple" Name="XferCpltCallback"/>
            <Argument Comment="" AddressOf="true" GenericType="simple" Name="XferHalfCpltCallback"/>
            <Argument Comment="" AddressOf="true" GenericType="simple" Name="XferM1CpltCallback"/>
            <Argument Comment="" AddressOf="true" GenericType="simple" Name="XferM1HalfCpltCallback"/>
            <Argument Comment="" AddressOf="true" GenericType="simple" Name="XferErrorCallback"/>
            <Argument Comment="" AddressOf="true" GenericType="simple" Name="XferAbortCallback"/>
            <Argument Comment="" AddressOf="false" GenericType="simple" Name="ErrorCode"/>
            <Argument Comment="" AddressOf="false" GenericType="simple" Name="StreamBaseAddress"/>
            <Argument Comment="" AddressOf="false" GenericType="simple" Name="StreamIndex"/>
        </Argument>
        <Argument Comment="" AddressOf="true" GenericType="struct" Name="pSyncConfig" TypeName="HAL_DMA_MuxSyncConfigTypeDef">
            <Argument Comment="" AddressOf="false" GenericType="simple" Name="SyncSignalID"/>
            <Argument Comment="" AddressOf="false" GenericType="simple" Name="SyncPolarity"/>
            <Argument Comment="" AddressOf="false" GenericType="simple" Name="SyncEnable"/>
            <Argument Comment="" AddressOf="false" GenericType="simple" Name="EventEnable"/>
            <Argument Comment="" AddressOf="false" GenericType="simple" Name="RequestNumber"/>
        </Argument>
    </LibMethod>
    <!--RefComponent Cclass="HAL" Cgroup="DMA" Cversion="1.0.0">
        <File Category="header" Name="Drivers/STM32H7xx_HAL_Driver/Inc/stm32h7xx_hal_dma.h"/>
        <File Category="header" Name="Drivers/STM32H7xx_HAL_Driver/Inc/stm32h7xx_hal_dma_ex.h"/>
        <File Category="source" Name="Drivers/STM32H7xx_HAL_Driver/Src/stm32h7xx_hal_dma.c"/>
        <File Category="source" Name="Drivers/STM32H7xx_HAL_Driver/Src/stm32h7xx_hal_dma_ex.c"/>
    </RefComponent-->
</IP>
