<?xml version="1.0" encoding="ISO-8859-1" standalone="no"?>
<IP xmlns="http://mcd.rou.st.com/modules.php?name=mcu" DBVersion="V4.0" Name="CAN" Version="STM32Cube_FW_F3_V1.10.0" xmlns:ns0="http://www.w3.org/2001/XMLSchema-instance" ns0:schemaLocation="http://mcd.rou.st.com/modules.php?name=mcu ../../../../../../../doc/V4/Development/Specifications/db/IP_Configs.xsd">
   <RefConfig Name="Can_Init">
        <CallLibMethod Name="HAL_CAN_Init">
            <MethodArg Name="TimeSeg1" ParameterName="BS1"/>
            <MethodArg Name="TimeSeg2" ParameterName="BS2"/>
            <MethodArg Name="SyncJumpWidth" ParameterName="SJW"/>
            <MethodArg Name="TimeTriggeredMode" ParameterName="TTCM"/>
            <MethodArg Name="AutoBusOff" ParameterName="ABOM"/>
            <MethodArg Name="AutoWakeUp" ParameterName="AWUM"/>
            <MethodArg Name="AutoRetransmission" ParameterName="NART"/>
            <MethodArg Name="ReceiveFifoLocked" ParameterName="RFLM"/>
            <MethodArg Name="TransmitFifoPriority" ParameterName="TXFP"/>
            </CallLibMethod>
        <ImplementCallBack Name="HAL_CAN_MspInit"/>
        <ImplementCallBack Name="HAL_CAN_MspDeInit"/>
    </RefConfig>
    <RefConfig Name="Can_DeInit">
        <CallLibMethod Name="HAL_CAN_DeInit"/>
    </RefConfig>
    <LibMethod Comment="" Name="HAL_CAN_Init">
        <Argument AddressOf="true" Context="global" GenericType="struct" Name="hcan" TypeName="CAN_HandleTypeDef">
            <Argument AddressOf="false" GenericType="baseaddress" Name="Instance" TypeName="CAN_TypeDef"/>
            <Argument AddressOf="false" GenericType="struct" Name="Init" TypeName="CAN_InitTypeDef">
                <Argument AddressOf="false" GenericType="simple" Name="Prescaler" OptimizationCondition="equal"/>
                <Argument AddressOf="false" GenericType="simple" Name="Mode" OptimizationCondition="equal"/>
                <Argument AddressOf="false" GenericType="simple" Name="SyncJumpWidth" OptimizationCondition="equal"/>
                <Argument AddressOf="false" GenericType="simple" Name="TimeSeg1" OptimizationCondition="equal"/>
                <Argument AddressOf="false" GenericType="simple" Name="TimeSeg2" OptimizationCondition="equal"/>
                <Argument AddressOf="false" GenericType="simple" Name="TimeTriggeredMode" OptimizationCondition="equal"/>
                <Argument AddressOf="false" GenericType="simple" Name="AutoBusOff" OptimizationCondition="equal"/>
                <Argument AddressOf="false" GenericType="simple" Name="AutoWakeUp" OptimizationCondition="equal"/>
                <Argument AddressOf="false" GenericType="simple" Name="AutoRetransmission" OptimizationCondition="equal"/>
                <Argument AddressOf="false" GenericType="simple" Name="ReceiveFifoLocked" OptimizationCondition="equal"/>
                <Argument AddressOf="false" GenericType="simple" Name="TransmitFifoPriority" OptimizationCondition="equal"/>
            </Argument>
<!--           <Argument AddressOf="false" GenericType="simple" Name="TxMailBoxesAbortRequest" OptimizationCondition="equal"/>-->
            <Argument AddressOf="false" GenericType="simple" Name="State" OptimizationCondition="equal"/>
           <Argument AddressOf="false" GenericType="simple" Name="ErrorCode" OptimizationCondition="equal"/>
        </Argument>
    </LibMethod>
    <LibMethod Comment="" Name="HAL_CAN_ConfigFilter">
      <Argument AddressOf="true" Context="global" GenericType="struct" Name="hcan" TypeName="CAN_HandleTypeDef">
            <Argument AddressOf="false" GenericType="baseaddress" Name="Instance" TypeName="CAN_TypeDef"/>
            <Argument AddressOf="false" GenericType="struct" Name="Init" TypeName="CAN_InitTypeDef">
                <Argument AddressOf="false" GenericType="simple" Name="Prescaler" OptimizationCondition="equal"/>
                <Argument AddressOf="false" GenericType="simple" Name="Mode" OptimizationCondition="equal"/>
                <Argument AddressOf="false" GenericType="simple" Name="SyncJumpWidth" OptimizationCondition="equal"/>
                <Argument AddressOf="false" GenericType="simple" Name="TimeSeg1" OptimizationCondition="equal"/>
                <Argument AddressOf="false" GenericType="simple" Name="TimeSeg2" OptimizationCondition="equal"/>
                <Argument AddressOf="false" GenericType="simple" Name="TimeTriggeredMode" OptimizationCondition="equal"/>
                <Argument AddressOf="false" GenericType="simple" Name="AutoBusOff" OptimizationCondition="equal"/>
                <Argument AddressOf="false" GenericType="simple" Name="AutoWakeUp" OptimizationCondition="equal"/>
                <Argument AddressOf="false" GenericType="simple" Name="AutoRetransmission" OptimizationCondition="equal"/>
                <Argument AddressOf="false" GenericType="simple" Name="ReceiveFifoLocked" OptimizationCondition="equal"/>
                <Argument AddressOf="false" GenericType="simple" Name="TransmitFifoPriority" OptimizationCondition="equal"/>
            </Argument>
<!--           <Argument AddressOf="false" GenericType="simple" Name="TxMailBoxesAbortRequest" OptimizationCondition="equal"/>-->
            <Argument AddressOf="false" GenericType="simple" Name="State" OptimizationCondition="equal"/>
           <Argument AddressOf="false" GenericType="simple" Name="ErrorCode" OptimizationCondition="equal"/>
        </Argument>
        <Argument AddressOf="true" GenericType="struct" Name="sFilterConfig" TypeName="CAN_FilterTypeDef">
            <Argument AddressOf="false" GenericType="simple" Name="FilterIdHigh" OptimizationCondition="equal"/>
            <Argument AddressOf="false" GenericType="simple" Name="FilterIdLow" OptimizationCondition="equal"/>
            <Argument AddressOf="false" GenericType="simple" Name="FilterMaskIdHigh" OptimizationCondition="equal"/>
            <Argument AddressOf="false" GenericType="simple" Name="FilterMaskIdLow" OptimizationCondition="equal"/>
            <Argument AddressOf="false" GenericType="simple" Name="FilterFIFOAssignment" OptimizationCondition="equal"/>
            <Argument AddressOf="false" GenericType="simple" Name="FilterBank" OptimizationCondition="equal"/>
            <Argument AddressOf="false" GenericType="simple" Name="FilterMode" OptimizationCondition="equal"/>
            <Argument AddressOf="false" GenericType="simple" Name="FilterScale" OptimizationCondition="equal"/>
            <Argument AddressOf="false" GenericType="simple" Name="FilterActivation" OptimizationCondition="equal"/>
            <Argument AddressOf="false" GenericType="simple" Name="SlaveStartFilterBank" OptimizationCondition="equal"/>
        </Argument>
    </LibMethod>
    <LibMethod Comment="" Name="HAL_CAN_DeInit">
       <Argument AddressOf="true" Context="global" GenericType="struct" Name="hcan" TypeName="CAN_HandleTypeDef">
            <Argument AddressOf="false" GenericType="baseaddress" Name="Instance" TypeName="CAN_TypeDef"/>
            <Argument AddressOf="false" GenericType="struct" Name="Init" TypeName="CAN_InitTypeDef">
                <Argument AddressOf="false" GenericType="simple" Name="Prescaler" OptimizationCondition="equal"/>
                <Argument AddressOf="false" GenericType="simple" Name="Mode" OptimizationCondition="equal"/>
                <Argument AddressOf="false" GenericType="simple" Name="SyncJumpWidth" OptimizationCondition="equal"/>
                <Argument AddressOf="false" GenericType="simple" Name="TimeSeg1" OptimizationCondition="equal"/>
                <Argument AddressOf="false" GenericType="simple" Name="TimeSeg2" OptimizationCondition="equal"/>
                <Argument AddressOf="false" GenericType="simple" Name="TimeTriggeredMode" OptimizationCondition="equal"/>
                <Argument AddressOf="false" GenericType="simple" Name="AutoBusOff" OptimizationCondition="equal"/>
                <Argument AddressOf="false" GenericType="simple" Name="AutoWakeUp" OptimizationCondition="equal"/>
                <Argument AddressOf="false" GenericType="simple" Name="AutoRetransmission" OptimizationCondition="equal"/>
                <Argument AddressOf="false" GenericType="simple" Name="ReceiveFifoLocked" OptimizationCondition="equal"/>
                <Argument AddressOf="false" GenericType="simple" Name="TransmitFifoPriority" OptimizationCondition="equal"/>
            </Argument>
<!--           <Argument AddressOf="false" GenericType="simple" Name="TxMailBoxesAbortRequest" OptimizationCondition="equal"/>-->
            <Argument AddressOf="false" GenericType="simple" Name="State" OptimizationCondition="equal"/>
           <Argument AddressOf="false" GenericType="simple" Name="ErrorCode" OptimizationCondition="equal"/>
        </Argument>
    </LibMethod>
    <LibMethod Comment="" Name="HAL_CAN_MspInit">
      <Argument AddressOf="true" Context="global" GenericType="struct" Name="hcan" TypeName="CAN_HandleTypeDef">
            <Argument AddressOf="false" GenericType="baseaddress" Name="Instance" TypeName="CAN_TypeDef"/>
            <Argument AddressOf="false" GenericType="struct" Name="Init" TypeName="CAN_InitTypeDef">
                <Argument AddressOf="false" GenericType="simple" Name="Prescaler" OptimizationCondition="equal"/>
                <Argument AddressOf="false" GenericType="simple" Name="Mode" OptimizationCondition="equal"/>
                <Argument AddressOf="false" GenericType="simple" Name="SyncJumpWidth" OptimizationCondition="equal"/>
                <Argument AddressOf="false" GenericType="simple" Name="TimeSeg1" OptimizationCondition="equal"/>
                <Argument AddressOf="false" GenericType="simple" Name="TimeSeg2" OptimizationCondition="equal"/>
                <Argument AddressOf="false" GenericType="simple" Name="TimeTriggeredMode" OptimizationCondition="equal"/>
                <Argument AddressOf="false" GenericType="simple" Name="AutoBusOff" OptimizationCondition="equal"/>
                <Argument AddressOf="false" GenericType="simple" Name="AutoWakeUp" OptimizationCondition="equal"/>
                <Argument AddressOf="false" GenericType="simple" Name="AutoRetransmission" OptimizationCondition="equal"/>
                <Argument AddressOf="false" GenericType="simple" Name="ReceiveFifoLocked" OptimizationCondition="equal"/>
                <Argument AddressOf="false" GenericType="simple" Name="TransmitFifoPriority" OptimizationCondition="equal"/>
            </Argument>
<!--           <Argument AddressOf="false" GenericType="simple" Name="TxMailBoxesAbortRequest" OptimizationCondition="equal"/>-->
            <Argument AddressOf="false" GenericType="simple" Name="State" OptimizationCondition="equal"/>
           <Argument AddressOf="false" GenericType="simple" Name="ErrorCode" OptimizationCondition="equal"/>
        </Argument>
    </LibMethod>
    <LibMethod Comment="" Name="HAL_CAN_MspDeInit">
        <Argument AddressOf="true" Context="global" GenericType="struct" Name="hcan" TypeName="CAN_HandleTypeDef">
            <Argument AddressOf="false" GenericType="baseaddress" Name="Instance" TypeName="CAN_TypeDef"/>
            <Argument AddressOf="false" GenericType="struct" Name="Init" TypeName="CAN_InitTypeDef">
                <Argument AddressOf="false" GenericType="simple" Name="Prescaler" OptimizationCondition="equal"/>
                <Argument AddressOf="false" GenericType="simple" Name="Mode" OptimizationCondition="equal"/>
                <Argument AddressOf="false" GenericType="simple" Name="SyncJumpWidth" OptimizationCondition="equal"/>
                <Argument AddressOf="false" GenericType="simple" Name="TimeSeg1" OptimizationCondition="equal"/>
                <Argument AddressOf="false" GenericType="simple" Name="TimeSeg2" OptimizationCondition="equal"/>
                <Argument AddressOf="false" GenericType="simple" Name="TimeTriggeredMode" OptimizationCondition="equal"/>
                <Argument AddressOf="false" GenericType="simple" Name="AutoBusOff" OptimizationCondition="equal"/>
                <Argument AddressOf="false" GenericType="simple" Name="AutoWakeUp" OptimizationCondition="equal"/>
                <Argument AddressOf="false" GenericType="simple" Name="AutoRetransmission" OptimizationCondition="equal"/>
                <Argument AddressOf="false" GenericType="simple" Name="ReceiveFifoLocked" OptimizationCondition="equal"/>
                <Argument AddressOf="false" GenericType="simple" Name="TransmitFifoPriority" OptimizationCondition="equal"/>
            </Argument>
<!--           <Argument AddressOf="false" GenericType="simple" Name="TxMailBoxesAbortRequest" OptimizationCondition="equal"/>-->
            <Argument AddressOf="false" GenericType="simple" Name="State" OptimizationCondition="equal"/>
           <Argument AddressOf="false" GenericType="simple" Name="ErrorCode" OptimizationCondition="equal"/>
        </Argument>
    </LibMethod>
    <LibMethod Comment="" Name="HAL_CAN_Start">
      <Argument AddressOf="true" Context="global" GenericType="struct" Name="hcan" TypeName="CAN_HandleTypeDef">
            <Argument AddressOf="false" GenericType="baseaddress" Name="Instance" TypeName="CAN_TypeDef"/>
            <Argument AddressOf="false" GenericType="struct" Name="Init" TypeName="CAN_InitTypeDef">
                <Argument AddressOf="false" GenericType="simple" Name="Prescaler" OptimizationCondition="equal"/>
                <Argument AddressOf="false" GenericType="simple" Name="Mode" OptimizationCondition="equal"/>
                <Argument AddressOf="false" GenericType="simple" Name="SyncJumpWidth" OptimizationCondition="equal"/>
                <Argument AddressOf="false" GenericType="simple" Name="TimeSeg1" OptimizationCondition="equal"/>
                <Argument AddressOf="false" GenericType="simple" Name="TimeSeg2" OptimizationCondition="equal"/>
                <Argument AddressOf="false" GenericType="simple" Name="TimeTriggeredMode" OptimizationCondition="equal"/>
                <Argument AddressOf="false" GenericType="simple" Name="AutoBusOff" OptimizationCondition="equal"/>
                <Argument AddressOf="false" GenericType="simple" Name="AutoWakeUp" OptimizationCondition="equal"/>
                <Argument AddressOf="false" GenericType="simple" Name="AutoRetransmission" OptimizationCondition="equal"/>
                <Argument AddressOf="false" GenericType="simple" Name="ReceiveFifoLocked" OptimizationCondition="equal"/>
                <Argument AddressOf="false" GenericType="simple" Name="TransmitFifoPriority" OptimizationCondition="equal"/>
            </Argument>
<!--           <Argument AddressOf="false" GenericType="simple" Name="TxMailBoxesAbortRequest" OptimizationCondition="equal"/>-->
            <Argument AddressOf="false" GenericType="simple" Name="State" OptimizationCondition="equal"/>
           <Argument AddressOf="false" GenericType="simple" Name="ErrorCode" OptimizationCondition="equal"/>
        </Argument>
        <Argument AddressOf="false" GenericType="simple" Name="Timeout" OptimizationCondition="equal"/>
    </LibMethod>
    <LibMethod Comment="" Name="HAL_CAN_Stop">
        <Argument AddressOf="true" Context="global" GenericType="struct" Name="hcan" TypeName="CAN_HandleTypeDef">
            <Argument AddressOf="false" GenericType="baseaddress" Name="Instance" TypeName="CAN_TypeDef"/>
            <Argument AddressOf="false" GenericType="struct" Name="Init" TypeName="CAN_InitTypeDef">
                <Argument AddressOf="false" GenericType="simple" Name="Prescaler" OptimizationCondition="equal"/>
                <Argument AddressOf="false" GenericType="simple" Name="Mode" OptimizationCondition="equal"/>
                <Argument AddressOf="false" GenericType="simple" Name="SyncJumpWidth" OptimizationCondition="equal"/>
                <Argument AddressOf="false" GenericType="simple" Name="TimeSeg1" OptimizationCondition="equal"/>
                <Argument AddressOf="false" GenericType="simple" Name="TimeSeg2" OptimizationCondition="equal"/>
                <Argument AddressOf="false" GenericType="simple" Name="TimeTriggeredMode" OptimizationCondition="equal"/>
                <Argument AddressOf="false" GenericType="simple" Name="AutoBusOff" OptimizationCondition="equal"/>
                <Argument AddressOf="false" GenericType="simple" Name="AutoWakeUp" OptimizationCondition="equal"/>
                <Argument AddressOf="false" GenericType="simple" Name="AutoRetransmission" OptimizationCondition="equal"/>
                <Argument AddressOf="false" GenericType="simple" Name="ReceiveFifoLocked" OptimizationCondition="equal"/>
                <Argument AddressOf="false" GenericType="simple" Name="TransmitFifoPriority" OptimizationCondition="equal"/>
            </Argument>
<!--           <Argument AddressOf="false" GenericType="simple" Name="TxMailBoxesAbortRequest" OptimizationCondition="equal"/>-->
            <Argument AddressOf="false" GenericType="simple" Name="State" OptimizationCondition="equal"/>
           <Argument AddressOf="false" GenericType="simple" Name="ErrorCode" OptimizationCondition="equal"/>
        </Argument>
    </LibMethod>
    <LibMethod Comment="" Name="HAL_CAN_RequestSleep">
       <Argument AddressOf="true" Context="global" GenericType="struct" Name="hcan" TypeName="CAN_HandleTypeDef">
            <Argument AddressOf="false" GenericType="baseaddress" Name="Instance" TypeName="CAN_TypeDef"/>
            <Argument AddressOf="false" GenericType="struct" Name="Init" TypeName="CAN_InitTypeDef">
                <Argument AddressOf="false" GenericType="simple" Name="Prescaler" OptimizationCondition="equal"/>
                <Argument AddressOf="false" GenericType="simple" Name="Mode" OptimizationCondition="equal"/>
                <Argument AddressOf="false" GenericType="simple" Name="SyncJumpWidth" OptimizationCondition="equal"/>
                <Argument AddressOf="false" GenericType="simple" Name="TimeSeg1" OptimizationCondition="equal"/>
                <Argument AddressOf="false" GenericType="simple" Name="TimeSeg2" OptimizationCondition="equal"/>
                <Argument AddressOf="false" GenericType="simple" Name="TimeTriggeredMode" OptimizationCondition="equal"/>
                <Argument AddressOf="false" GenericType="simple" Name="AutoBusOff" OptimizationCondition="equal"/>
                <Argument AddressOf="false" GenericType="simple" Name="AutoWakeUp" OptimizationCondition="equal"/>
                <Argument AddressOf="false" GenericType="simple" Name="AutoRetransmission" OptimizationCondition="equal"/>
                <Argument AddressOf="false" GenericType="simple" Name="ReceiveFifoLocked" OptimizationCondition="equal"/>
                <Argument AddressOf="false" GenericType="simple" Name="TransmitFifoPriority" OptimizationCondition="equal"/>
            </Argument>
<!--           <Argument AddressOf="false" GenericType="simple" Name="TxMailBoxesAbortRequest" OptimizationCondition="equal"/>-->
            <Argument AddressOf="false" GenericType="simple" Name="State" OptimizationCondition="equal"/>
           <Argument AddressOf="false" GenericType="simple" Name="ErrorCode" OptimizationCondition="equal"/>
        </Argument>
        </LibMethod>
    <LibMethod Comment="" Name="HAL_CAN_WakeUp">
      <Argument AddressOf="true" Context="global" GenericType="struct" Name="hcan" TypeName="CAN_HandleTypeDef">
            <Argument AddressOf="false" GenericType="baseaddress" Name="Instance" TypeName="CAN_TypeDef"/>
            <Argument AddressOf="false" GenericType="struct" Name="Init" TypeName="CAN_InitTypeDef">
                <Argument AddressOf="false" GenericType="simple" Name="Prescaler" OptimizationCondition="equal"/>
                <Argument AddressOf="false" GenericType="simple" Name="Mode" OptimizationCondition="equal"/>
                <Argument AddressOf="false" GenericType="simple" Name="SyncJumpWidth" OptimizationCondition="equal"/>
                <Argument AddressOf="false" GenericType="simple" Name="TimeSeg1" OptimizationCondition="equal"/>
                <Argument AddressOf="false" GenericType="simple" Name="TimeSeg2" OptimizationCondition="equal"/>
                <Argument AddressOf="false" GenericType="simple" Name="TimeTriggeredMode" OptimizationCondition="equal"/>
                <Argument AddressOf="false" GenericType="simple" Name="AutoBusOff" OptimizationCondition="equal"/>
                <Argument AddressOf="false" GenericType="simple" Name="AutoWakeUp" OptimizationCondition="equal"/>
                <Argument AddressOf="false" GenericType="simple" Name="AutoRetransmission" OptimizationCondition="equal"/>
                <Argument AddressOf="false" GenericType="simple" Name="ReceiveFifoLocked" OptimizationCondition="equal"/>
                <Argument AddressOf="false" GenericType="simple" Name="TransmitFifoPriority" OptimizationCondition="equal"/>
            </Argument>
<!--           <Argument AddressOf="false" GenericType="simple" Name="TxMailBoxesAbortRequest" OptimizationCondition="equal"/>-->
            <Argument AddressOf="false" GenericType="simple" Name="State" OptimizationCondition="equal"/>
           <Argument AddressOf="false" GenericType="simple" Name="ErrorCode" OptimizationCondition="equal"/>
        </Argument>
       
    </LibMethod>
        <LibMethod Comment="" Name="HAL_CAN_AddTxMessage">
         <Argument AddressOf="true" Context="global" GenericType="struct" Name="hcan" TypeName="CAN_HandleTypeDef">
            <Argument AddressOf="false" GenericType="baseaddress" Name="Instance" TypeName="CAN_TypeDef"/>
            <Argument AddressOf="false" GenericType="struct" Name="Init" TypeName="CAN_InitTypeDef">
                <Argument AddressOf="false" GenericType="simple" Name="Prescaler" OptimizationCondition="equal"/>
                <Argument AddressOf="false" GenericType="simple" Name="Mode" OptimizationCondition="equal"/>
                <Argument AddressOf="false" GenericType="simple" Name="SyncJumpWidth" OptimizationCondition="equal"/>
                <Argument AddressOf="false" GenericType="simple" Name="TimeSeg1" OptimizationCondition="equal"/>
                <Argument AddressOf="false" GenericType="simple" Name="TimeSeg2" OptimizationCondition="equal"/>
                <Argument AddressOf="false" GenericType="simple" Name="TimeTriggeredMode" OptimizationCondition="equal"/>
                <Argument AddressOf="false" GenericType="simple" Name="AutoBusOff" OptimizationCondition="equal"/>
                <Argument AddressOf="false" GenericType="simple" Name="AutoWakeUp" OptimizationCondition="equal"/>
                <Argument AddressOf="false" GenericType="simple" Name="AutoRetransmission" OptimizationCondition="equal"/>
                <Argument AddressOf="false" GenericType="simple" Name="ReceiveFifoLocked" OptimizationCondition="equal"/>
                <Argument AddressOf="false" GenericType="simple" Name="TransmitFifoPriority" OptimizationCondition="equal"/>
            </Argument>
<!--           <Argument AddressOf="false" GenericType="simple" Name="TxMailBoxesAbortRequest" OptimizationCondition="equal"/>-->
            <Argument AddressOf="false" GenericType="simple" Name="State" OptimizationCondition="equal"/>
           <Argument AddressOf="false" GenericType="simple" Name="ErrorCode" OptimizationCondition="equal"/>
        </Argument>
       <Argument AddressOf="true" Context="global" GenericType="struct" Name="hcan" TypeName="CAN_TxHeaderTypeDef">
                <Argument AddressOf="false" GenericType="simple" Name="StdId" OptimizationCondition="equal"/>
                <Argument AddressOf="false" GenericType="simple" Name="ExtId" OptimizationCondition="equal"/>
                <Argument AddressOf="false" GenericType="simple" Name="IDE" OptimizationCondition="equal"/>
                <Argument AddressOf="false" GenericType="simple" Name="RTR" OptimizationCondition="equal"/>
                <Argument AddressOf="false" GenericType="simple" Name="DLC" OptimizationCondition="equal"/>
                <Argument AddressOf="false" GenericType="simple" Name="TransmitGlobalTime" OptimizationCondition="equal"/>
          </Argument>
        <Argument AddressOf="false" GenericType="simple" Name="aData" OptimizationCondition="equal"/>
        <Argument AddressOf="false" GenericType="simple" Name="pTxMailbox" OptimizationCondition="equal"/>
    </LibMethod>
     <LibMethod Comment="" Name="HAL_CAN_AbortTxRequest">
         <Argument AddressOf="true" Context="global" GenericType="struct" Name="hcan" TypeName="CAN_HandleTypeDef">
            <Argument AddressOf="false" GenericType="baseaddress" Name="Instance" TypeName="CAN_TypeDef"/>
            <Argument AddressOf="false" GenericType="struct" Name="Init" TypeName="CAN_InitTypeDef">
                <Argument AddressOf="false" GenericType="simple" Name="Prescaler" OptimizationCondition="equal"/>
                <Argument AddressOf="false" GenericType="simple" Name="Mode" OptimizationCondition="equal"/>
                <Argument AddressOf="false" GenericType="simple" Name="SyncJumpWidth" OptimizationCondition="equal"/>
                <Argument AddressOf="false" GenericType="simple" Name="TimeSeg1" OptimizationCondition="equal"/>
                <Argument AddressOf="false" GenericType="simple" Name="TimeSeg2" OptimizationCondition="equal"/>
                <Argument AddressOf="false" GenericType="simple" Name="TimeTriggeredMode" OptimizationCondition="equal"/>
                <Argument AddressOf="false" GenericType="simple" Name="AutoBusOff" OptimizationCondition="equal"/>
                <Argument AddressOf="false" GenericType="simple" Name="AutoWakeUp" OptimizationCondition="equal"/>
                <Argument AddressOf="false" GenericType="simple" Name="AutoRetransmission" OptimizationCondition="equal"/>
                <Argument AddressOf="false" GenericType="simple" Name="ReceiveFifoLocked" OptimizationCondition="equal"/>
                <Argument AddressOf="false" GenericType="simple" Name="TransmitFifoPriority" OptimizationCondition="equal"/>
            </Argument>
<!--           <Argument AddressOf="false" GenericType="simple" Name="TxMailBoxesAbortRequest" OptimizationCondition="equal"/>-->
            <Argument AddressOf="false" GenericType="simple" Name="State" OptimizationCondition="equal"/>
           <Argument AddressOf="false" GenericType="simple" Name="ErrorCode" OptimizationCondition="equal"/>
        </Argument>
        <Argument AddressOf="false" GenericType="simple" Name="TxMailboxes" OptimizationCondition="equal"/>
    </LibMethod>
    <LibMethod Comment="" Name="HAL_CAN_GetRxMessage">
     <Argument AddressOf="true" Context="global" GenericType="struct" Name="hcan" TypeName="CAN_HandleTypeDef">
            <Argument AddressOf="false" GenericType="baseaddress" Name="Instance" TypeName="CAN_TypeDef"/>
            <Argument AddressOf="false" GenericType="struct" Name="Init" TypeName="CAN_InitTypeDef">
                <Argument AddressOf="false" GenericType="simple" Name="Prescaler" OptimizationCondition="equal"/>
                <Argument AddressOf="false" GenericType="simple" Name="Mode" OptimizationCondition="equal"/>
                <Argument AddressOf="false" GenericType="simple" Name="SyncJumpWidth" OptimizationCondition="equal"/>
                <Argument AddressOf="false" GenericType="simple" Name="TimeSeg1" OptimizationCondition="equal"/>
                <Argument AddressOf="false" GenericType="simple" Name="TimeSeg2" OptimizationCondition="equal"/>
                <Argument AddressOf="false" GenericType="simple" Name="TimeTriggeredMode" OptimizationCondition="equal"/>
                <Argument AddressOf="false" GenericType="simple" Name="AutoBusOff" OptimizationCondition="equal"/>
                <Argument AddressOf="false" GenericType="simple" Name="AutoWakeUp" OptimizationCondition="equal"/>
                <Argument AddressOf="false" GenericType="simple" Name="AutoRetransmission" OptimizationCondition="equal"/>
                <Argument AddressOf="false" GenericType="simple" Name="ReceiveFifoLocked" OptimizationCondition="equal"/>
                <Argument AddressOf="false" GenericType="simple" Name="TransmitFifoPriority" OptimizationCondition="equal"/>
            </Argument>
           <Argument AddressOf="false" GenericType="simple" Name="TxMailBoxesAbortRequest" OptimizationCondition="equal"/>
            <Argument AddressOf="false" GenericType="simple" Name="State" OptimizationCondition="equal"/>
           <Argument AddressOf="false" GenericType="simple" Name="ErrorCode" OptimizationCondition="equal"/>
        </Argument>
        <Argument AddressOf="false" GenericType="simple" Name="RxFifo" OptimizationCondition="equal"/>
    </LibMethod>
    <LibMethod Comment="" Name="HAL_CAN_IRQHandler">
       <Argument AddressOf="true" Context="global" GenericType="struct" Name="hcan" TypeName="CAN_HandleTypeDef">
            <Argument AddressOf="false" GenericType="baseaddress" Name="Instance" TypeName="CAN_TypeDef"/>
            <Argument AddressOf="false" GenericType="struct" Name="Init" TypeName="CAN_InitTypeDef">
                <Argument AddressOf="false" GenericType="simple" Name="Prescaler" OptimizationCondition="equal"/>
                <Argument AddressOf="false" GenericType="simple" Name="Mode" OptimizationCondition="equal"/>
                <Argument AddressOf="false" GenericType="simple" Name="SyncJumpWidth" OptimizationCondition="equal"/>
                <Argument AddressOf="false" GenericType="simple" Name="TimeSeg1" OptimizationCondition="equal"/>
                <Argument AddressOf="false" GenericType="simple" Name="TimeSeg2" OptimizationCondition="equal"/>
                <Argument AddressOf="false" GenericType="simple" Name="TimeTriggeredMode" OptimizationCondition="equal"/>
                <Argument AddressOf="false" GenericType="simple" Name="AutoBusOff" OptimizationCondition="equal"/>
                <Argument AddressOf="false" GenericType="simple" Name="AutoWakeUp" OptimizationCondition="equal"/>
                <Argument AddressOf="false" GenericType="simple" Name="AutoRetransmission" OptimizationCondition="equal"/>
                <Argument AddressOf="false" GenericType="simple" Name="ReceiveFifoLocked" OptimizationCondition="equal"/>
                <Argument AddressOf="false" GenericType="simple" Name="TransmitFifoPriority" OptimizationCondition="equal"/>
            </Argument>
<!--           <Argument AddressOf="false" GenericType="simple" Name="TxMailBoxesAbortRequest" OptimizationCondition="equal"/>-->
            <Argument AddressOf="false" GenericType="simple" Name="State" OptimizationCondition="equal"/>
           <Argument AddressOf="false" GenericType="simple" Name="ErrorCode" OptimizationCondition="equal"/>
        </Argument>
    </LibMethod>
    <LibMethod Comment="" Name="HAL_CAN_GetError">
       <Argument AddressOf="true" Context="global" GenericType="struct" Name="hcan" TypeName="CAN_HandleTypeDef">
            <Argument AddressOf="false" GenericType="baseaddress" Name="Instance" TypeName="CAN_TypeDef"/>
            <Argument AddressOf="false" GenericType="struct" Name="Init" TypeName="CAN_InitTypeDef">
                <Argument AddressOf="false" GenericType="simple" Name="Prescaler" OptimizationCondition="equal"/>
                <Argument AddressOf="false" GenericType="simple" Name="Mode" OptimizationCondition="equal"/>
                <Argument AddressOf="false" GenericType="simple" Name="SyncJumpWidth" OptimizationCondition="equal"/>
                <Argument AddressOf="false" GenericType="simple" Name="TimeSeg1" OptimizationCondition="equal"/>
                <Argument AddressOf="false" GenericType="simple" Name="TimeSeg2" OptimizationCondition="equal"/>
                <Argument AddressOf="false" GenericType="simple" Name="TimeTriggeredMode" OptimizationCondition="equal"/>
                <Argument AddressOf="false" GenericType="simple" Name="AutoBusOff" OptimizationCondition="equal"/>
                <Argument AddressOf="false" GenericType="simple" Name="AutoWakeUp" OptimizationCondition="equal"/>
                <Argument AddressOf="false" GenericType="simple" Name="AutoRetransmission" OptimizationCondition="equal"/>
                <Argument AddressOf="false" GenericType="simple" Name="ReceiveFifoLocked" OptimizationCondition="equal"/>
                <Argument AddressOf="false" GenericType="simple" Name="TransmitFifoPriority" OptimizationCondition="equal"/>
            </Argument>
<!--           <Argument AddressOf="false" GenericType="simple" Name="TxMailBoxesAbortRequest" OptimizationCondition="equal"/>-->
            <Argument AddressOf="false" GenericType="simple" Name="State" OptimizationCondition="equal"/>
           <Argument AddressOf="false" GenericType="simple" Name="ErrorCode" OptimizationCondition="equal"/>
        </Argument>
    </LibMethod>
    <LibMethod Comment="" Name="HAL_CAN_GetState">
       <Argument AddressOf="true" Context="global" GenericType="struct" Name="hcan" TypeName="CAN_HandleTypeDef">
            <Argument AddressOf="false" GenericType="baseaddress" Name="Instance" TypeName="CAN_TypeDef"/>
            <Argument AddressOf="false" GenericType="struct" Name="Init" TypeName="CAN_InitTypeDef">
                <Argument AddressOf="false" GenericType="simple" Name="Prescaler" OptimizationCondition="equal"/>
                <Argument AddressOf="false" GenericType="simple" Name="Mode" OptimizationCondition="equal"/>
                <Argument AddressOf="false" GenericType="simple" Name="SyncJumpWidth" OptimizationCondition="equal"/>
                <Argument AddressOf="false" GenericType="simple" Name="TimeSeg1" OptimizationCondition="equal"/>
                <Argument AddressOf="false" GenericType="simple" Name="TimeSeg2" OptimizationCondition="equal"/>
                <Argument AddressOf="false" GenericType="simple" Name="TimeTriggeredMode" OptimizationCondition="equal"/>
                <Argument AddressOf="false" GenericType="simple" Name="AutoBusOff" OptimizationCondition="equal"/>
                <Argument AddressOf="false" GenericType="simple" Name="AutoWakeUp" OptimizationCondition="equal"/>
                <Argument AddressOf="false" GenericType="simple" Name="AutoRetransmission" OptimizationCondition="equal"/>
                <Argument AddressOf="false" GenericType="simple" Name="ReceiveFifoLocked" OptimizationCondition="equal"/>
                <Argument AddressOf="false" GenericType="simple" Name="TransmitFifoPriority" OptimizationCondition="equal"/>
            </Argument>
<!--           <Argument AddressOf="false" GenericType="simple" Name="TxMailBoxesAbortRequest" OptimizationCondition="equal"/>-->
            <Argument AddressOf="false" GenericType="simple" Name="State" OptimizationCondition="equal"/>
           <Argument AddressOf="false" GenericType="simple" Name="ErrorCode" OptimizationCondition="equal"/>
        </Argument>
    </LibMethod>
    <LibMethod Comment="" Name="HAL_CAN_GetTxMailboxesFreeLevel">
      <Argument AddressOf="true" Context="global" GenericType="struct" Name="hcan" TypeName="CAN_HandleTypeDef">
            <Argument AddressOf="false" GenericType="baseaddress" Name="Instance" TypeName="CAN_TypeDef"/>
            <Argument AddressOf="false" GenericType="struct" Name="Init" TypeName="CAN_InitTypeDef">
                <Argument AddressOf="false" GenericType="simple" Name="Prescaler" OptimizationCondition="equal"/>
                <Argument AddressOf="false" GenericType="simple" Name="Mode" OptimizationCondition="equal"/>
                <Argument AddressOf="false" GenericType="simple" Name="SyncJumpWidth" OptimizationCondition="equal"/>
                <Argument AddressOf="false" GenericType="simple" Name="TimeSeg1" OptimizationCondition="equal"/>
                <Argument AddressOf="false" GenericType="simple" Name="TimeSeg2" OptimizationCondition="equal"/>
                <Argument AddressOf="false" GenericType="simple" Name="TimeTriggeredMode" OptimizationCondition="equal"/>
                <Argument AddressOf="false" GenericType="simple" Name="AutoBusOff" OptimizationCondition="equal"/>
                <Argument AddressOf="false" GenericType="simple" Name="AutoWakeUp" OptimizationCondition="equal"/>
                <Argument AddressOf="false" GenericType="simple" Name="AutoRetransmission" OptimizationCondition="equal"/>
                <Argument AddressOf="false" GenericType="simple" Name="ReceiveFifoLocked" OptimizationCondition="equal"/>
                <Argument AddressOf="false" GenericType="simple" Name="TransmitFifoPriority" OptimizationCondition="equal"/>
            </Argument>
<!--           <Argument AddressOf="false" GenericType="simple" Name="TxMailBoxesAbortRequest" OptimizationCondition="equal"/>-->
            <Argument AddressOf="false" GenericType="simple" Name="State" OptimizationCondition="equal"/>
           <Argument AddressOf="false" GenericType="simple" Name="ErrorCode" OptimizationCondition="equal"/>
        </Argument>
    </LibMethod>
    <LibMethod Comment="" Name="HAL_CAN_RxCpltCallback">
        <Argument AddressOf="true" Context="global" GenericType="struct" Name="hcan" TypeName="CAN_HandleTypeDef">
            <Argument AddressOf="false" GenericType="baseaddress" Name="Instance" TypeName="CAN_TypeDef"/>
            <Argument AddressOf="false" GenericType="struct" Name="Init" TypeName="CAN_InitTypeDef">
                <Argument AddressOf="false" GenericType="simple" Name="Prescaler" OptimizationCondition="equal"/>
                <Argument AddressOf="false" GenericType="simple" Name="Mode" OptimizationCondition="equal"/>
                <Argument AddressOf="false" GenericType="simple" Name="SyncJumpWidth" OptimizationCondition="equal"/>
                <Argument AddressOf="false" GenericType="simple" Name="TimeSeg1" OptimizationCondition="equal"/>
                <Argument AddressOf="false" GenericType="simple" Name="TimeSeg2" OptimizationCondition="equal"/>
                <Argument AddressOf="false" GenericType="simple" Name="TimeTriggeredMode" OptimizationCondition="equal"/>
                <Argument AddressOf="false" GenericType="simple" Name="AutoBusOff" OptimizationCondition="equal"/>
                <Argument AddressOf="false" GenericType="simple" Name="AutoWakeUp" OptimizationCondition="equal"/>
                <Argument AddressOf="false" GenericType="simple" Name="AutoRetransmission" OptimizationCondition="equal"/>
                <Argument AddressOf="false" GenericType="simple" Name="ReceiveFifoLocked" OptimizationCondition="equal"/>
                <Argument AddressOf="false" GenericType="simple" Name="TransmitFifoPriority" OptimizationCondition="equal"/>
            </Argument>
<!--           <Argument AddressOf="false" GenericType="simple" Name="TxMailBoxesAbortRequest" OptimizationCondition="equal"/>-->
            <Argument AddressOf="false" GenericType="simple" Name="State" OptimizationCondition="equal"/>
           <Argument AddressOf="false" GenericType="simple" Name="ErrorCode" OptimizationCondition="equal"/>
        </Argument>
    </LibMethod>
    <LibMethod Comment="" Name="HAL_CAN_ErrorCallback">
        <Argument AddressOf="true" Context="global" GenericType="struct" Name="hcan" TypeName="CAN_HandleTypeDef">
            <Argument AddressOf="false" GenericType="baseaddress" Name="Instance" TypeName="CAN_TypeDef"/>
            <Argument AddressOf="false" GenericType="struct" Name="Init" TypeName="CAN_InitTypeDef">
                <Argument AddressOf="false" GenericType="simple" Name="Prescaler" OptimizationCondition="equal"/>
                <Argument AddressOf="false" GenericType="simple" Name="Mode" OptimizationCondition="equal"/>
                <Argument AddressOf="false" GenericType="simple" Name="SyncJumpWidth" OptimizationCondition="equal"/>
                <Argument AddressOf="false" GenericType="simple" Name="TimeSeg1" OptimizationCondition="equal"/>
                <Argument AddressOf="false" GenericType="simple" Name="TimeSeg2" OptimizationCondition="equal"/>
                <Argument AddressOf="false" GenericType="simple" Name="TimeTriggeredMode" OptimizationCondition="equal"/>
                <Argument AddressOf="false" GenericType="simple" Name="AutoBusOff" OptimizationCondition="equal"/>
                <Argument AddressOf="false" GenericType="simple" Name="AutoWakeUp" OptimizationCondition="equal"/>
                <Argument AddressOf="false" GenericType="simple" Name="AutoRetransmission" OptimizationCondition="equal"/>
                <Argument AddressOf="false" GenericType="simple" Name="ReceiveFifoLocked" OptimizationCondition="equal"/>
                <Argument AddressOf="false" GenericType="simple" Name="TransmitFifoPriority" OptimizationCondition="equal"/>
            </Argument>
<!--           <Argument AddressOf="false" GenericType="simple" Name="TxMailBoxesAbortRequest" OptimizationCondition="equal"/>-->
            <Argument AddressOf="false" GenericType="simple" Name="State" OptimizationCondition="equal"/>
           <Argument AddressOf="false" GenericType="simple" Name="ErrorCode" OptimizationCondition="equal"/>
        </Argument>
    </LibMethod>
   <RefComponent Cclass="HAL" Cgroup="CAN" Cversion="1.10.0">
        <File Category="header" Name="Drivers/STM32F3xx_HAL_Driver/Inc/stm32f3xx_hal_can.h"/>
        <File Category="source" Name="Drivers/STM32F3xx_HAL_Driver/Src/stm32f3xx_hal_can.c"/>
    </RefComponent>
</IP>
