<?xml version="1.0" encoding="ISO-8859-1" standalone="no"?>
<IP xmlns="http://mcd.rou.st.com/modules.php?name=mcu" DBVersion="V4.0" Name="COMP" Version="STM32Cube_FW_F0_V1.1.0" xmlns:ns0="http://www.w3.org/2001/XMLSchema-instance" ns0:schemaLocation="http://mcd.rou.st.com/modules.php?name=mcu ../../../../../../../doc/V4/Development/Specifications/db/IP_Configs.xsd">
    <RefConfig Name="Comp_Init">
        <CallLibMethod Name="HAL_COMP_Init"/>
        <ImplementCallBack Name="HAL_COMP_MspInit"/>
        <ImplementCallBack Name="HAL_COMP_MspDeInit"/>
    </RefConfig>
    <RefConfig Name="Comp_DeInit">
        <CallLibMethod Name="HAL_COMP_DeInit"/>
    </RefConfig>
    <LibMethod Comment="" Name="HAL_COMP_Init">
        <Argument AddressOf="true" Context="global" GenericType="struct" Name="hcomp" TypeName="COMP_HandleTypeDef">
            <Argument AddressOf="false" GenericType="baseaddress" Name="Instance" TypeName="COMP_TypeDef"/>
            <Argument AddressOf="false" GenericType="struct" Name="Init" TypeName="COMP_InitTypeDef">
                <Argument AddressOf="false" GenericType="simple" Name="InvertingInput" OptimizationCondition="equal"/>
                <Argument AddressOf="false" GenericType="simple" Name="NonInvertingInput" OptimizationCondition="equal"/>
                <Argument AddressOf="false" GenericType="simple" Name="Output" OptimizationCondition="equal"/>
                <Argument AddressOf="false" GenericType="simple" Name="OutputPol" OptimizationCondition="equal"/>
                <Argument AddressOf="false" GenericType="simple" Name="Hysteresis" OptimizationCondition="equal"/>
                <Argument AddressOf="false" GenericType="simple" Name="Mode" OptimizationCondition="equal"/>
                <Argument AddressOf="false" GenericType="simple" Name="WindowMode" OptimizationCondition="equal"/>
                <Argument AddressOf="false" GenericType="simple" Name="TriggerMode" OptimizationCondition="equal"/>
            </Argument>
            <Argument AddressOf="false" GenericType="simple" Name="Lock" OptimizationCondition="equal"/>
            <Argument AddressOf="false" GenericType="simple" Name="State" OptimizationCondition="equal"/>
        </Argument>
    </LibMethod>
    <LibMethod Comment="" Name="HAL_COMP_DeInit">
        <Argument AddressOf="true" Context="global" GenericType="struct" Name="hcomp" TypeName="COMP_HandleTypeDef">
            <Argument AddressOf="false" GenericType="baseaddress" Name="Instance" TypeName="COMP_TypeDef"/>
            <Argument AddressOf="false" GenericType="struct" Name="Init" TypeName="COMP_InitTypeDef">
                <Argument AddressOf="false" GenericType="simple" Name="InvertingInput" OptimizationCondition="equal"/>
                <Argument AddressOf="false" GenericType="simple" Name="NonInvertingInput" OptimizationCondition="equal"/>
                <Argument AddressOf="false" GenericType="simple" Name="Output" OptimizationCondition="equal"/>
                <Argument AddressOf="false" GenericType="simple" Name="OutputPol" OptimizationCondition="equal"/>
                <Argument AddressOf="false" GenericType="simple" Name="Hysteresis" OptimizationCondition="equal"/>
                <Argument AddressOf="false" GenericType="simple" Name="Mode" OptimizationCondition="equal"/>
                <Argument AddressOf="false" GenericType="simple" Name="WindowMode" OptimizationCondition="equal"/>
                <Argument AddressOf="false" GenericType="simple" Name="TriggerMode" OptimizationCondition="equal"/>
            </Argument>
            <Argument AddressOf="false" GenericType="simple" Name="Lock" OptimizationCondition="equal"/>
            <Argument AddressOf="false" GenericType="simple" Name="State" OptimizationCondition="equal"/>
        </Argument>
    </LibMethod>
    <LibMethod Comment="" Name="HAL_COMP_MspInit">
        <Argument AddressOf="true" Context="global" GenericType="struct" Name="hcomp" TypeName="COMP_HandleTypeDef">
            <Argument AddressOf="false" GenericType="baseaddress" Name="Instance" TypeName="COMP_TypeDef"/>
            <Argument AddressOf="false" GenericType="struct" Name="Init" TypeName="COMP_InitTypeDef">
                <Argument AddressOf="false" GenericType="simple" Name="InvertingInput" OptimizationCondition="equal"/>
                <Argument AddressOf="false" GenericType="simple" Name="NonInvertingInput" OptimizationCondition="equal"/>
                <Argument AddressOf="false" GenericType="simple" Name="Output" OptimizationCondition="equal"/>
                <Argument AddressOf="false" GenericType="simple" Name="OutputPol" OptimizationCondition="equal"/>
                <Argument AddressOf="false" GenericType="simple" Name="Hysteresis" OptimizationCondition="equal"/>
                <Argument AddressOf="false" GenericType="simple" Name="Mode" OptimizationCondition="equal"/>
                <Argument AddressOf="false" GenericType="simple" Name="WindowMode" OptimizationCondition="equal"/>
                <Argument AddressOf="false" GenericType="simple" Name="TriggerMode" OptimizationCondition="equal"/>
            </Argument>
            <Argument AddressOf="false" GenericType="simple" Name="Lock" OptimizationCondition="equal"/>
            <Argument AddressOf="false" GenericType="simple" Name="State" OptimizationCondition="equal"/>
        </Argument>
    </LibMethod>
    <LibMethod Comment="" Name="HAL_COMP_MspDeInit">
        <Argument AddressOf="true" Context="global" GenericType="struct" Name="hcomp" TypeName="COMP_HandleTypeDef">
            <Argument AddressOf="false" GenericType="baseaddress" Name="Instance" TypeName="COMP_TypeDef"/>
            <Argument AddressOf="false" GenericType="struct" Name="Init" TypeName="COMP_InitTypeDef">
                <Argument AddressOf="false" GenericType="simple" Name="InvertingInput" OptimizationCondition="equal"/>
                <Argument AddressOf="false" GenericType="simple" Name="NonInvertingInput" OptimizationCondition="equal"/>
                <Argument AddressOf="false" GenericType="simple" Name="Output" OptimizationCondition="equal"/>
                <Argument AddressOf="false" GenericType="simple" Name="OutputPol" OptimizationCondition="equal"/>
                <Argument AddressOf="false" GenericType="simple" Name="Hysteresis" OptimizationCondition="equal"/>
                <Argument AddressOf="false" GenericType="simple" Name="Mode" OptimizationCondition="equal"/>
                <Argument AddressOf="false" GenericType="simple" Name="WindowMode" OptimizationCondition="equal"/>
                <Argument AddressOf="false" GenericType="simple" Name="TriggerMode" OptimizationCondition="equal"/>
            </Argument>
            <Argument AddressOf="false" GenericType="simple" Name="Lock" OptimizationCondition="equal"/>
            <Argument AddressOf="false" GenericType="simple" Name="State" OptimizationCondition="equal"/>
        </Argument>
    </LibMethod>
    <RefComponent Cclass="HAL" Cgroup="COMP" Cversion="1.1.0">
        <File Category="header" Name="Drivers/STM32F0xx_HAL_Driver/Inc/stm32f0xx_hal_comp.h"/>
        <File Category="source" Name="Drivers/STM32F0xx_HAL_Driver/Src/stm32f0xx_hal_comp.c"/>
    </RefComponent>
</IP>
