<?xml version="1.0" encoding="ISO-8859-1" standalone="no"?>
<IP xmlns="http://mcd.rou.st.com/modules.php?name=mcu" DBVersion="V4.0" Name="CRC" Version="STM32Cube_FW_L5_V0.5.0" xmlns:ns0="http://www.w3.org/2001/XMLSchema-instance" ns0:schemaLocation="http://mcd.rou.st.com/modules.php?name=mcu ../../../../../../../doc/V4/Development/Specifications/db/IP_Configs.xsd">
    <RefConfig Name="Crc_Init">
        <CallLibMethod Name="HAL_CRC_Init"/>
        <ImplementCallBack Name="HAL_CRC_MspInit"/>
        <ImplementCallBack Name="HAL_CRC_MspDeInit"/>
    </RefConfig>
    <RefConfig Name="Crc_DeInit">
        <CallLibMethod Name="HAL_CRC_DeInit"/>
    </RefConfig>
   <LibMethod Comment="" Name="HAL_CRC_Init">
        <Argument AddressOf="true" Context="global" GenericType="struct" Name="hcrc" TypeName="CRC_HandleTypeDef">
            <Argument AddressOf="false" GenericType="baseaddress" Name="Instance" TypeName="CRC_TypeDef"/>
            <Argument AddressOf="false" GenericType="struct" Name="Init" TypeName="CRC_InitTypeDef">
                <Argument AddressOf="false" GenericType="simple" Name="DefaultPolynomialUse" OptimizationCondition="equal"/>
                <Argument AddressOf="false" GenericType="simple" Name="DefaultInitValueUse" OptimizationCondition="equal"/>
                <Argument AddressOf="false" GenericType="simple" Name="GeneratingPolynomial" OptimizationCondition="equal"/>
                <Argument AddressOf="false" GenericType="simple" Name="CRCLength" OptimizationCondition="equal"/>
                <Argument AddressOf="false" GenericType="simple" Name="InitValue" OptimizationCondition="equal"/>
                <Argument AddressOf="false" GenericType="simple" Name="InputDataInversionMode" OptimizationCondition="equal"/>
                <Argument AddressOf="false" GenericType="simple" Name="OutputDataInversionMode" OptimizationCondition="equal"/>
            </Argument>
            <Argument AddressOf="false" GenericType="simple" Name="Lock" OptimizationCondition="equal"/>
            <Argument AddressOf="false" GenericType="simple" Name="State" OptimizationCondition="equal"/>
            <Argument AddressOf="false" GenericType="simple" Name="InputDataFormat" OptimizationCondition="equal"/>
        </Argument>
    </LibMethod>
    <LibMethod Comment="" Name="HAL_CRC_DeInit">
        <Argument AddressOf="true" Context="global" GenericType="struct" Name="hcrc" TypeName="CRC_HandleTypeDef">
            <Argument AddressOf="false" GenericType="baseaddress" Name="Instance" TypeName="CRC_TypeDef"/>
            <Argument AddressOf="false" GenericType="struct" Name="Init" TypeName="CRC_InitTypeDef">
                <Argument AddressOf="false" GenericType="simple" Name="DefaultPolynomialUse" OptimizationCondition="equal"/>
                <Argument AddressOf="false" GenericType="simple" Name="DefaultInitValueUse" OptimizationCondition="equal"/>
                <Argument AddressOf="false" GenericType="simple" Name="GeneratingPolynomial" OptimizationCondition="equal"/>
                <Argument AddressOf="false" GenericType="simple" Name="CRCLength" OptimizationCondition="equal"/>
                <Argument AddressOf="false" GenericType="simple" Name="InitValue" OptimizationCondition="equal"/>
                <Argument AddressOf="false" GenericType="simple" Name="InputDataInversionMode" OptimizationCondition="equal"/>
                <Argument AddressOf="false" GenericType="simple" Name="OutputDataInversionMode" OptimizationCondition="equal"/>
            </Argument>
            <Argument AddressOf="false" GenericType="simple" Name="Lock" OptimizationCondition="equal"/>
            <Argument AddressOf="false" GenericType="simple" Name="State" OptimizationCondition="equal"/>
            <Argument AddressOf="false" GenericType="simple" Name="InputDataFormat" OptimizationCondition="equal"/>
        </Argument>
    </LibMethod>
    <LibMethod Comment="" Name="HAL_CRC_MspInit">
        <Argument AddressOf="true" Context="global" GenericType="struct" Name="hcrc" TypeName="CRC_HandleTypeDef">
            <Argument AddressOf="false" GenericType="baseaddress" Name="Instance" TypeName="CRC_TypeDef"/>
            <Argument AddressOf="false" GenericType="struct" Name="Init" TypeName="CRC_InitTypeDef">
                <Argument AddressOf="false" GenericType="simple" Name="DefaultPolynomialUse" OptimizationCondition="equal"/>
                <Argument AddressOf="false" GenericType="simple" Name="DefaultInitValueUse" OptimizationCondition="equal"/>
                <Argument AddressOf="false" GenericType="simple" Name="GeneratingPolynomial" OptimizationCondition="equal"/>
                <Argument AddressOf="false" GenericType="simple" Name="CRCLength" OptimizationCondition="equal"/>
                <Argument AddressOf="false" GenericType="simple" Name="InitValue" OptimizationCondition="equal"/>
                <Argument AddressOf="false" GenericType="simple" Name="InputDataInversionMode" OptimizationCondition="equal"/>
                <Argument AddressOf="false" GenericType="simple" Name="OutputDataInversionMode" OptimizationCondition="equal"/>
            </Argument>
            <Argument AddressOf="false" GenericType="simple" Name="Lock" OptimizationCondition="equal"/>
            <Argument AddressOf="false" GenericType="simple" Name="State" OptimizationCondition="equal"/>
            <Argument AddressOf="false" GenericType="simple" Name="InputDataFormat" OptimizationCondition="equal"/>
        </Argument>
    </LibMethod>
    <LibMethod Comment="" Name="HAL_CRC_MspDeInit">
        <Argument AddressOf="true" Context="global" GenericType="struct" Name="hcrc" TypeName="CRC_HandleTypeDef">
            <Argument AddressOf="false" GenericType="baseaddress" Name="Instance" TypeName="CRC_TypeDef"/>
            <Argument AddressOf="false" GenericType="struct" Name="Init" TypeName="CRC_InitTypeDef">
                <Argument AddressOf="false" GenericType="simple" Name="DefaultPolynomialUse" OptimizationCondition="equal"/>
                <Argument AddressOf="false" GenericType="simple" Name="DefaultInitValueUse" OptimizationCondition="equal"/>
                <Argument AddressOf="false" GenericType="simple" Name="GeneratingPolynomial" OptimizationCondition="equal"/>
                <Argument AddressOf="false" GenericType="simple" Name="CRCLength" OptimizationCondition="equal"/>
                <Argument AddressOf="false" GenericType="simple" Name="InitValue" OptimizationCondition="equal"/>
                <Argument AddressOf="false" GenericType="simple" Name="InputDataInversionMode" OptimizationCondition="equal"/>
                <Argument AddressOf="false" GenericType="simple" Name="OutputDataInversionMode" OptimizationCondition="equal"/>
            </Argument>
            <Argument AddressOf="false" GenericType="simple" Name="Lock" OptimizationCondition="equal"/>
            <Argument AddressOf="false" GenericType="simple" Name="State" OptimizationCondition="equal"/>
            <Argument AddressOf="false" GenericType="simple" Name="InputDataFormat" OptimizationCondition="equal"/>
        </Argument>
    </LibMethod>
    <LibMethod Comment="" Name="HAL_CRC_Polynomial_Set">
        <Argument AddressOf="true" Context="global" GenericType="struct" Name="hcrc" TypeName="CRC_HandleTypeDef">
            <Argument AddressOf="false" GenericType="baseaddress" Name="Instance" TypeName="CRC_TypeDef"/>
            <Argument AddressOf="false" GenericType="struct" Name="Init" TypeName="CRC_InitTypeDef">
                <Argument AddressOf="false" GenericType="simple" Name="DefaultPolynomialUse" OptimizationCondition="equal"/>
                <Argument AddressOf="false" GenericType="simple" Name="DefaultInitValueUse" OptimizationCondition="equal"/>
                <Argument AddressOf="false" GenericType="simple" Name="GeneratingPolynomial" OptimizationCondition="equal"/>
                <Argument AddressOf="false" GenericType="simple" Name="CRCLength" OptimizationCondition="equal"/>
                <Argument AddressOf="false" GenericType="simple" Name="InitValue" OptimizationCondition="equal"/>
                <Argument AddressOf="false" GenericType="simple" Name="InputDataInversionMode" OptimizationCondition="equal"/>
                <Argument AddressOf="false" GenericType="simple" Name="OutputDataInversionMode" OptimizationCondition="equal"/>
            </Argument>
            <Argument AddressOf="false" GenericType="simple" Name="Lock" OptimizationCondition="equal"/>
            <Argument AddressOf="false" GenericType="simple" Name="State" OptimizationCondition="equal"/>
            <Argument AddressOf="false" GenericType="simple" Name="InputDataFormat" OptimizationCondition="equal"/>
        </Argument>
        <Argument AddressOf="false" GenericType="simple" Name="Pol" OptimizationCondition="equal"/>
        <Argument AddressOf="false" GenericType="simple" Name="PolyLength" OptimizationCondition="equal"/>
    </LibMethod>
    <LibMethod Comment="" Name="HAL_CRC_Input_Data_Reverse">
        <Argument AddressOf="true" Context="global" GenericType="struct" Name="hcrc" TypeName="CRC_HandleTypeDef">
            <Argument AddressOf="false" GenericType="baseaddress" Name="Instance" TypeName="CRC_TypeDef"/>
            <Argument AddressOf="false" GenericType="struct" Name="Init" TypeName="CRC_InitTypeDef">
                <Argument AddressOf="false" GenericType="simple" Name="DefaultPolynomialUse" OptimizationCondition="equal"/>
                <Argument AddressOf="false" GenericType="simple" Name="DefaultInitValueUse" OptimizationCondition="equal"/>
                <Argument AddressOf="false" GenericType="simple" Name="GeneratingPolynomial" OptimizationCondition="equal"/>
                <Argument AddressOf="false" GenericType="simple" Name="CRCLength" OptimizationCondition="equal"/>
                <Argument AddressOf="false" GenericType="simple" Name="InitValue" OptimizationCondition="equal"/>
                <Argument AddressOf="false" GenericType="simple" Name="InputDataInversionMode" OptimizationCondition="equal"/>
                <Argument AddressOf="false" GenericType="simple" Name="OutputDataInversionMode" OptimizationCondition="equal"/>
            </Argument>
            <Argument AddressOf="false" GenericType="simple" Name="Lock" OptimizationCondition="equal"/>
            <Argument AddressOf="false" GenericType="simple" Name="State" OptimizationCondition="equal"/>
            <Argument AddressOf="false" GenericType="simple" Name="InputDataFormat" OptimizationCondition="equal"/>
        </Argument>
        <Argument AddressOf="false" GenericType="simple" Name="InputReverseMode" OptimizationCondition="equal"/>
    </LibMethod>
    <LibMethod Comment="" Name="HAL_CRC_Output_Data_Reverse">
        <Argument AddressOf="true" Context="global" GenericType="struct" Name="hcrc" TypeName="CRC_HandleTypeDef">
            <Argument AddressOf="false" GenericType="baseaddress" Name="Instance" TypeName="CRC_TypeDef"/>
            <Argument AddressOf="false" GenericType="struct" Name="Init" TypeName="CRC_InitTypeDef">
                <Argument AddressOf="false" GenericType="simple" Name="DefaultPolynomialUse" OptimizationCondition="equal"/>
                <Argument AddressOf="false" GenericType="simple" Name="DefaultInitValueUse" OptimizationCondition="equal"/>
                <Argument AddressOf="false" GenericType="simple" Name="GeneratingPolynomial" OptimizationCondition="equal"/>
                <Argument AddressOf="false" GenericType="simple" Name="CRCLength" OptimizationCondition="equal"/>
                <Argument AddressOf="false" GenericType="simple" Name="InitValue" OptimizationCondition="equal"/>
                <Argument AddressOf="false" GenericType="simple" Name="InputDataInversionMode" OptimizationCondition="equal"/>
                <Argument AddressOf="false" GenericType="simple" Name="OutputDataInversionMode" OptimizationCondition="equal"/>
            </Argument>
            <Argument AddressOf="false" GenericType="simple" Name="Lock" OptimizationCondition="equal"/>
            <Argument AddressOf="false" GenericType="simple" Name="State" OptimizationCondition="equal"/>
            <Argument AddressOf="false" GenericType="simple" Name="InputDataFormat" OptimizationCondition="equal"/>
        </Argument>
        <Argument AddressOf="false" GenericType="simple" Name="OutputReverseMode" OptimizationCondition="equal"/>
    </LibMethod>
    <LibMethod Comment="" Name="HAL_CRC_Accumulate">
        <Argument AddressOf="true" Context="global" GenericType="struct" Name="hcrc" TypeName="CRC_HandleTypeDef">
            <Argument AddressOf="false" GenericType="baseaddress" Name="Instance" TypeName="CRC_TypeDef"/>
            <Argument AddressOf="false" GenericType="struct" Name="Init" TypeName="CRC_InitTypeDef">
                <Argument AddressOf="false" GenericType="simple" Name="DefaultPolynomialUse" OptimizationCondition="equal"/>
                <Argument AddressOf="false" GenericType="simple" Name="DefaultInitValueUse" OptimizationCondition="equal"/>
                <Argument AddressOf="false" GenericType="simple" Name="GeneratingPolynomial" OptimizationCondition="equal"/>
                <Argument AddressOf="false" GenericType="simple" Name="CRCLength" OptimizationCondition="equal"/>
                <Argument AddressOf="false" GenericType="simple" Name="InitValue" OptimizationCondition="equal"/>
                <Argument AddressOf="false" GenericType="simple" Name="InputDataInversionMode" OptimizationCondition="equal"/>
                <Argument AddressOf="false" GenericType="simple" Name="OutputDataInversionMode" OptimizationCondition="equal"/>
            </Argument>
            <Argument AddressOf="false" GenericType="simple" Name="Lock" OptimizationCondition="equal"/>
            <Argument AddressOf="false" GenericType="simple" Name="State" OptimizationCondition="equal"/>
            <Argument AddressOf="false" GenericType="simple" Name="InputDataFormat" OptimizationCondition="equal"/>
        </Argument>
        <Argument AddressOf="false" GenericType="simple" Name="pBuffer" OptimizationCondition="equal"/>
        <Argument AddressOf="false" GenericType="simple" Name="BufferLength" OptimizationCondition="equal"/>
    </LibMethod>
    <LibMethod Comment="" Name="HAL_CRC_Calculate">
        <Argument AddressOf="true" Context="global" GenericType="struct" Name="hcrc" TypeName="CRC_HandleTypeDef">
            <Argument AddressOf="false" GenericType="baseaddress" Name="Instance" TypeName="CRC_TypeDef"/>
            <Argument AddressOf="false" GenericType="struct" Name="Init" TypeName="CRC_InitTypeDef">
                <Argument AddressOf="false" GenericType="simple" Name="DefaultPolynomialUse" OptimizationCondition="equal"/>
                <Argument AddressOf="false" GenericType="simple" Name="DefaultInitValueUse" OptimizationCondition="equal"/>
                <Argument AddressOf="false" GenericType="simple" Name="GeneratingPolynomial" OptimizationCondition="equal"/>
                <Argument AddressOf="false" GenericType="simple" Name="CRCLength" OptimizationCondition="equal"/>
                <Argument AddressOf="false" GenericType="simple" Name="InitValue" OptimizationCondition="equal"/>
                <Argument AddressOf="false" GenericType="simple" Name="InputDataInversionMode" OptimizationCondition="equal"/>
                <Argument AddressOf="false" GenericType="simple" Name="OutputDataInversionMode" OptimizationCondition="equal"/>
            </Argument>
            <Argument AddressOf="false" GenericType="simple" Name="Lock" OptimizationCondition="equal"/>
            <Argument AddressOf="false" GenericType="simple" Name="State" OptimizationCondition="equal"/>
            <Argument AddressOf="false" GenericType="simple" Name="InputDataFormat" OptimizationCondition="equal"/>
        </Argument>
        <Argument AddressOf="false" GenericType="simple" Name="pBuffer" OptimizationCondition="equal"/>
        <Argument AddressOf="false" GenericType="simple" Name="BufferLength" OptimizationCondition="equal"/>
    </LibMethod>
    <LibMethod Comment="" Name="HAL_CRC_GetState">
        <Argument AddressOf="true" Context="global" GenericType="struct" Name="hcrc" TypeName="CRC_HandleTypeDef">
            <Argument AddressOf="false" GenericType="baseaddress" Name="Instance" TypeName="CRC_TypeDef"/>
            <Argument AddressOf="false" GenericType="struct" Name="Init" TypeName="CRC_InitTypeDef">
                <Argument AddressOf="false" GenericType="simple" Name="DefaultPolynomialUse" OptimizationCondition="equal"/>
                <Argument AddressOf="false" GenericType="simple" Name="DefaultInitValueUse" OptimizationCondition="equal"/>
                <Argument AddressOf="false" GenericType="simple" Name="GeneratingPolynomial" OptimizationCondition="equal"/>
                <Argument AddressOf="false" GenericType="simple" Name="CRCLength" OptimizationCondition="equal"/>
                <Argument AddressOf="false" GenericType="simple" Name="InitValue" OptimizationCondition="equal"/>
                <Argument AddressOf="false" GenericType="simple" Name="InputDataInversionMode" OptimizationCondition="equal"/>
                <Argument AddressOf="false" GenericType="simple" Name="OutputDataInversionMode" OptimizationCondition="equal"/>
            </Argument>
            <Argument AddressOf="false" GenericType="simple" Name="Lock" OptimizationCondition="equal"/>
            <Argument AddressOf="false" GenericType="simple" Name="State" OptimizationCondition="equal"/>
            <Argument AddressOf="false" GenericType="simple" Name="InputDataFormat" OptimizationCondition="equal"/>
        </Argument>
    </LibMethod>
    <RefComponent Cclass="HAL" Cgroup="CRC" Cversion="0.2.0">
        <File Category="header" Name="Drivers/STM32L5xx_HAL_Driver/Inc/stm32l5xx_hal_crc.h"/>
        <File Category="source" Name="Drivers/STM32L5xx_HAL_Driver/Src/stm32l5xx_hal_crc.c"/>
        <File Category="header" Name="Drivers/STM32L5xx_HAL_Driver/Inc/stm32l5xx_hal_crc_ex.h"/>
        <File Category="source" Name="Drivers/STM32L5xx_HAL_Driver/Src/stm32l5xx_hal_crc_ex.c"/>
    </RefComponent>
</IP>
