<?xml version="1.0" encoding="ISO-8859-1" standalone="no"?>
<IP xmlns="http://mcd.rou.st.com/modules.php?name=mcu" DBVersion="V4.0" Name="STM32Cube_FW_F7_V0.1.0" Version="V0.8.0" xmlns:ns0="http://www.w3.org/2001/XMLSchema-instance" ns0:schemaLocation="http://mcd.rou.st.com/modules.php?name=mcu ../../../../../../../doc/V4/Development/Specifications/db/IP_Configs.xsd">
	<RefConfig Name="DAC_ChannelConfig" Comment="DAC channel OUT1 config">
		<CallLibMethod Name="HAL_DAC_ConfigChannel"/>
                       <ImplementCallBack Name="HAL_DAC_MspInit"/>
        <ImplementCallBack Name="HAL_DAC_MspDeInit"/>
 
	</RefConfig>
	<RefConfig Name="DAC_ChannelConfig2" Comment="DAC channel OUT2 config" >
		<CallLibMethod Name="HAL_DAC_ConfigChannel">
			<MethodArg Name="DAC_Channel" ParameterName="DAC_Channel2"/>
		    <MethodArg Name="DAC_OutputBuffer" ParameterName="DAC_OutputBuffer2"/>
			<MethodArg Name="DAC_Trigger" ParameterName="DAC_Trigger2"/>
		</CallLibMethod>
                       <ImplementCallBack Name="HAL_DAC_MspInit"/>
        <ImplementCallBack Name="HAL_DAC_MspDeInit"/>
 					
	</RefConfig>
	<RefConfig Name="DAC_Init"  Comment="DAC Initialization">
		<CallLibMethod Name="HAL_DAC_Init"/>
                       <ImplementCallBack Name="HAL_DAC_MspInit"/>
        <ImplementCallBack Name="HAL_DAC_MspDeInit"/>       

	</RefConfig>
	<RefConfig Name="DAC_TriangleWaveGenerate1" Comment="Configure Triangle wave generation on DAC OUT1">
		<CallLibMethod Name="HAL_DACEx_TriangleWaveGenerate">
			<MethodArg Name="channel" ParameterName="DAC_Channel"/>
			<MethodArg Name="Amplitude" ParameterName="TriangleAmplitude"/>
		</CallLibMethod>		
	</RefConfig>
	<RefConfig Name="DAC_NoiseWaveGenerate1" Comment="Configure Noise wave generation on DAC OUT1">
		<CallLibMethod Name="HAL_DACEx_NoiseWaveGenerate">
			<MethodArg Name="channel" ParameterName="DAC_Channel"/>
			<MethodArg Name="Amplitude" ParameterName="NoiseAmplitude"/>
		</CallLibMethod>		
	</RefConfig>
		<RefConfig Name="DAC_TriangleWaveGenerate2" Comment="Configure Triangle wave generation on DAC OUT2">
		<CallLibMethod Name="HAL_DACEx_TriangleWaveGenerate">
			<MethodArg Name="channel" ParameterName="DAC_Channel2"/>
			<MethodArg Name="Amplitude" ParameterName="TriangleAmplitude2"/>
		</CallLibMethod>		
	</RefConfig>
	<RefConfig Name="DAC_NoiseWaveGenerate2" Comment="Configure Noise wave generation on DAC OUT2">
		<CallLibMethod Name="HAL_DACEx_NoiseWaveGenerate">
			<MethodArg Name="channel" ParameterName="DAC_Channel2"/>
			<MethodArg Name="Amplitude" ParameterName="NoiseAmplitude2"/>
		</CallLibMethod>		
	</RefConfig>
	<LibMethod Comment="" Name="HAL_DAC_Init"  Optimizable="true">
		<Argument AddressOf="true" Context="global" GenericType="struct" Name="hdac" TypeName="DAC_HandleTypeDef"  >
			<Argument AddressOf="false" GenericType="baseaddress" Name="Instance" TypeName="DAC_TypeDef"/>
			<Argument AddressOf="false" GenericType="enum" Name="State" TypeName="HAL_DAC_StateTypeDef"/>
			<Argument AddressOf="false" GenericType="simple" Name="Lock" OptimizationCondition="equal"/>
			<Argument AddressOf="true" GenericType="simple" Name="DMA_Handle1" OptimizationCondition="equal" TypeName="DMA_HandleTypeDef"/>
			<Argument AddressOf="true" GenericType="simple" Name="DMA_Handle2" OptimizationCondition="equal" TypeName="DMA_HandleTypeDef"/>
		</Argument>
	</LibMethod>
	<LibMethod Comment="" Name="HAL_DAC_ConfigChannel">
		<Argument AddressOf="true" Context="global" GenericType="struct" Name="hdac" TypeName="DAC_HandleTypeDef">
			<Argument AddressOf="false" GenericType="baseaddress" Name="Instance" TypeName="DAC_TypeDef"/>
			<Argument AddressOf="false" GenericType="enum" Name="State" TypeName="HAL_DAC_StateTypeDef"/>
			<Argument AddressOf="false" GenericType="simple" Name="Lock" OptimizationCondition="equal"/>
			<Argument AddressOf="true" GenericType="simple" Name="DMA_Handle1" OptimizationCondition="equal" TypeName="DMA_HandleTypeDef"/>
			<Argument AddressOf="true" GenericType="simple" Name="DMA_Handle2" OptimizationCondition="equal" TypeName="DMA_HandleTypeDef"/>
		</Argument>
		<Argument AddressOf="true" GenericType="struct" Name="sConfig" TypeName="DAC_ChannelConfTypeDef">
			<Argument AddressOf="false" GenericType="simple" Name="DAC_Trigger" OptimizationCondition="equal"/>
			<Argument AddressOf="false" GenericType="simple" Name="DAC_OutputBuffer" OptimizationCondition="equal"/>
		</Argument>
		<Argument AddressOf="false" GenericType="simple" Name="DAC_Channel" OptimizationCondition="equal"/>
	</LibMethod>
	<LibMethod Comment="" Name="HAL_DACEx_TriangleWaveGenerate">
		<Argument AddressOf="true" Context="global" GenericType="struct" Name="hdac" TypeName="DAC_HandleTypeDef">
			<Argument AddressOf="false" GenericType="baseaddress" Name="Instance" TypeName="DAC_TypeDef"/>
			<Argument AddressOf="false" GenericType="enum" Name="State" TypeName="HAL_DAC_StateTypeDef"/>
			<Argument AddressOf="false" GenericType="simple" Name="Lock" OptimizationCondition="equal"/>
			<Argument AddressOf="true" GenericType="simple" Name="DMA_Handle1" OptimizationCondition="equal" TypeName="DMA_HandleTypeDef"/>
			<Argument AddressOf="true" GenericType="simple" Name="DMA_Handle2" OptimizationCondition="equal" TypeName="DMA_HandleTypeDef"/>
		</Argument>
		<Argument AddressOf="false" GenericType="simple" Name="channel" OptimizationCondition="equal"/>
		<Argument AddressOf="false" GenericType="simple" Name="Amplitude" OptimizationCondition="equal"/>
	</LibMethod>
	<LibMethod Comment="" Name="HAL_DACEx_NoiseWaveGenerate">
		<Argument AddressOf="true" Context="global" GenericType="struct" Name="hdac" TypeName="DAC_HandleTypeDef">
			<Argument AddressOf="false" GenericType="baseaddress" Name="Instance" TypeName="DAC_TypeDef"/>
			<Argument AddressOf="false" GenericType="enum" Name="State" TypeName="HAL_DAC_StateTypeDef"/>
			<Argument AddressOf="false" GenericType="simple" Name="Lock" OptimizationCondition="equal"/>
			<Argument AddressOf="true" GenericType="simple" Name="DMA_Handle1" OptimizationCondition="equal" TypeName="DMA_HandleTypeDef"/>
			<Argument AddressOf="true" GenericType="simple" Name="DMA_Handle2" OptimizationCondition="equal" TypeName="DMA_HandleTypeDef"/>
		</Argument>
		<Argument AddressOf="false" GenericType="simple" Name="channel" OptimizationCondition="equal"/>
		<Argument AddressOf="false" GenericType="simple" Name="Amplitude" OptimizationCondition="equal"/>
	</LibMethod>
	<LibMethod Comment="" Name="HAL_DAC_DeInit">
		<Argument AddressOf="true" Context="global" GenericType="struct" Name="hdac" TypeName="DAC_HandleTypeDef">
			<Argument AddressOf="false" GenericType="baseaddress" Name="Instance" TypeName="DAC_TypeDef"/>
			<Argument AddressOf="false" GenericType="enum" Name="State" TypeName="HAL_DAC_StateTypeDef"/>
			<Argument AddressOf="false" GenericType="simple" Name="Lock" OptimizationCondition="equal"/>
			<Argument AddressOf="true" GenericType="simple" Name="DMA_Handle1" OptimizationCondition="equal" TypeName="DMA_HandleTypeDef"/>
			<Argument AddressOf="true" GenericType="simple" Name="DMA_Handle2" OptimizationCondition="equal" TypeName="DMA_HandleTypeDef"/>
		</Argument>
	</LibMethod>
	<LibMethod Comment="" Name="HAL_DAC_BspInit">
		<Argument AddressOf="true" Context="global" GenericType="struct" Name="hdac" TypeName="DAC_HandleTypeDef">
			<Argument AddressOf="false" GenericType="baseaddress" Name="Instance" TypeName="DAC_TypeDef"/>
			<Argument AddressOf="false" GenericType="enum" Name="State" TypeName="HAL_DAC_StateTypeDef"/>
			<Argument AddressOf="false" GenericType="simple" Name="Lock" OptimizationCondition="equal"/>
			<Argument AddressOf="true" GenericType="simple" Name="DMA_Handle1" OptimizationCondition="equal" TypeName="DMA_HandleTypeDef"/>
			<Argument AddressOf="true" GenericType="simple" Name="DMA_Handle2" OptimizationCondition="equal" TypeName="DMA_HandleTypeDef"/>
		</Argument>
	</LibMethod>
	<LibMethod Comment="" Name="HAL_DAC_BspDeInit">
		<Argument AddressOf="true" Context="global" GenericType="struct" Name="hdac" TypeName="DAC_HandleTypeDef">
			<Argument AddressOf="false" GenericType="baseaddress" Name="Instance" TypeName="DAC_TypeDef"/>
			<Argument AddressOf="false" GenericType="enum" Name="State" TypeName="HAL_DAC_StateTypeDef"/>
			<Argument AddressOf="false" GenericType="simple" Name="Lock" OptimizationCondition="equal"/>
			<Argument AddressOf="true" GenericType="simple" Name="DMA_Handle1" OptimizationCondition="equal" TypeName="DMA_HandleTypeDef"/>
			<Argument AddressOf="true" GenericType="simple" Name="DMA_Handle2" OptimizationCondition="equal" TypeName="DMA_HandleTypeDef"/>
		</Argument>
	</LibMethod>
	<LibMethod Comment="" Name="HAL_DAC_Start">
		<Argument AddressOf="true" Context="global" GenericType="struct" Name="hdac" TypeName="DAC_HandleTypeDef">
			<Argument AddressOf="false" GenericType="baseaddress" Name="Instance" TypeName="DAC_TypeDef"/>
			<Argument AddressOf="false" GenericType="enum" Name="State" TypeName="HAL_DAC_StateTypeDef"/>
			<Argument AddressOf="false" GenericType="simple" Name="Lock" OptimizationCondition="equal"/>
			<Argument AddressOf="true" GenericType="simple" Name="DMA_Handle1" OptimizationCondition="equal" TypeName="DMA_HandleTypeDef"/>
			<Argument AddressOf="true" GenericType="simple" Name="DMA_Handle2" OptimizationCondition="equal" TypeName="DMA_HandleTypeDef"/>
		</Argument>
		<Argument AddressOf="false" GenericType="simple" Name="channel" OptimizationCondition="equal"/>
	</LibMethod>
	<LibMethod Comment="" Name="HAL_DAC_Stop">
		<Argument AddressOf="true" Context="global" GenericType="struct" Name="hdac" TypeName="DAC_HandleTypeDef">
			<Argument AddressOf="false" GenericType="baseaddress" Name="Instance" TypeName="DAC_TypeDef"/>
			<Argument AddressOf="false" GenericType="enum" Name="State" TypeName="HAL_DAC_StateTypeDef"/>
			<Argument AddressOf="false" GenericType="simple" Name="Lock" OptimizationCondition="equal"/>
			<Argument AddressOf="true" GenericType="simple" Name="DMA_Handle1" OptimizationCondition="equal" TypeName="DMA_HandleTypeDef"/>
			<Argument AddressOf="true" GenericType="simple" Name="DMA_Handle2" OptimizationCondition="equal" TypeName="DMA_HandleTypeDef"/>
		</Argument>
		<Argument AddressOf="false" GenericType="simple" Name="channel" OptimizationCondition="equal"/>
	</LibMethod>
	<LibMethod Comment="" Name="HAL_DAC_Start_DMA">
		<Argument AddressOf="true" Context="global" GenericType="struct" Name="hdac" TypeName="DAC_HandleTypeDef">
			<Argument AddressOf="false" GenericType="baseaddress" Name="Instance" TypeName="DAC_TypeDef"/>
			<Argument AddressOf="false" GenericType="enum" Name="State" TypeName="HAL_DAC_StateTypeDef"/>
			<Argument AddressOf="false" GenericType="simple" Name="Lock" OptimizationCondition="equal"/>
			<Argument AddressOf="true" GenericType="simple" Name="DMA_Handle1" OptimizationCondition="equal" TypeName="DMA_HandleTypeDef"/>
			<Argument AddressOf="true" GenericType="simple" Name="DMA_Handle2" OptimizationCondition="equal" TypeName="DMA_HandleTypeDef"/>
		</Argument>
		<Argument AddressOf="false" GenericType="simple" Name="channel" OptimizationCondition="equal"/>
		<Argument AddressOf="true" GenericType="simple" Name="pData" OptimizationCondition="equal"/>
		<Argument AddressOf="false" GenericType="simple" Name="Length" OptimizationCondition="equal"/>
		<Argument AddressOf="false" GenericType="simple" Name="alignment" OptimizationCondition="equal"/>
	</LibMethod>
	<LibMethod Comment="" Name="HAL_DAC_Stop_DMA">
		<Argument AddressOf="true" Context="global" GenericType="struct" Name="hdac" TypeName="DAC_HandleTypeDef">
			<Argument AddressOf="false" GenericType="baseaddress" Name="Instance" TypeName="DAC_TypeDef"/>
			<Argument AddressOf="false" GenericType="enum" Name="State" TypeName="HAL_DAC_StateTypeDef"/>
			<Argument AddressOf="false" GenericType="simple" Name="Lock" OptimizationCondition="equal"/>
			<Argument AddressOf="true" GenericType="simple" Name="DMA_Handle1" OptimizationCondition="equal" TypeName="DMA_HandleTypeDef"/>
			<Argument AddressOf="true" GenericType="simple" Name="DMA_Handle2" OptimizationCondition="equal" TypeName="DMA_HandleTypeDef"/>
		</Argument>
		<Argument AddressOf="false" GenericType="simple" Name="channel" OptimizationCondition="equal"/>
	</LibMethod>
	<LibMethod Comment="" Name="HAL_DAC_GetValue">
		<Argument AddressOf="true" Context="global" GenericType="struct" Name="hdac" TypeName="DAC_HandleTypeDef">
			<Argument AddressOf="false" GenericType="baseaddress" Name="Instance" TypeName="DAC_TypeDef"/>
			<Argument AddressOf="false" GenericType="enum" Name="State" TypeName="HAL_DAC_StateTypeDef"/>
			<Argument AddressOf="false" GenericType="simple" Name="Lock" OptimizationCondition="equal"/>
			<Argument AddressOf="true" GenericType="simple" Name="DMA_Handle1" OptimizationCondition="equal" TypeName="DMA_HandleTypeDef"/>
			<Argument AddressOf="true" GenericType="simple" Name="DMA_Handle2" OptimizationCondition="equal" TypeName="DMA_HandleTypeDef"/>
		</Argument>
		<Argument AddressOf="false" GenericType="simple" Name="channel" OptimizationCondition="equal"/>
	</LibMethod>
	<LibMethod Comment="" Name="HAL_DAC_DualGetValue">
		<Argument AddressOf="true" Context="global" GenericType="struct" Name="hdac" TypeName="DAC_HandleTypeDef">
			<Argument AddressOf="false" GenericType="baseaddress" Name="Instance" TypeName="DAC_TypeDef"/>
			<Argument AddressOf="false" GenericType="enum" Name="State" TypeName="HAL_DAC_StateTypeDef"/>
			<Argument AddressOf="false" GenericType="simple" Name="Lock" OptimizationCondition="equal"/>
			<Argument AddressOf="true" GenericType="simple" Name="DMA_Handle1" OptimizationCondition="equal" TypeName="DMA_HandleTypeDef"/>
			<Argument AddressOf="true" GenericType="simple" Name="DMA_Handle2" OptimizationCondition="equal" TypeName="DMA_HandleTypeDef"/>
		</Argument>
	</LibMethod>
	<LibMethod Comment="" Name="HAL_DAC_SetValue">
		<Argument AddressOf="true" Context="global" GenericType="struct" Name="hdac" TypeName="DAC_HandleTypeDef">
			<Argument AddressOf="false" GenericType="baseaddress" Name="Instance" TypeName="DAC_TypeDef"/>
			<Argument AddressOf="false" GenericType="enum" Name="State" TypeName="HAL_DAC_StateTypeDef"/>
			<Argument AddressOf="false" GenericType="simple" Name="Lock" OptimizationCondition="equal"/>
			<Argument AddressOf="true" GenericType="simple" Name="DMA_Handle1" OptimizationCondition="equal" TypeName="DMA_HandleTypeDef"/>
			<Argument AddressOf="true" GenericType="simple" Name="DMA_Handle2" OptimizationCondition="equal" TypeName="DMA_HandleTypeDef"/>
		</Argument>
		<Argument AddressOf="false" GenericType="simple" Name="channel" OptimizationCondition="equal"/>
		<Argument AddressOf="false" GenericType="simple" Name="alignment" OptimizationCondition="equal"/>
		<Argument AddressOf="false" GenericType="simple" Name="data" OptimizationCondition="equal"/>
	</LibMethod>
	<LibMethod Comment="" Name="HAL_DAC_DualSetValue">
		<Argument AddressOf="true" Context="global" GenericType="struct" Name="hdac" TypeName="DAC_HandleTypeDef">
			<Argument AddressOf="false" GenericType="baseaddress" Name="Instance" TypeName="DAC_TypeDef"/>
			<Argument AddressOf="false" GenericType="enum" Name="State" TypeName="HAL_DAC_StateTypeDef"/>
			<Argument AddressOf="false" GenericType="simple" Name="Lock" OptimizationCondition="equal"/>
			<Argument AddressOf="true" GenericType="simple" Name="DMA_Handle1" OptimizationCondition="equal" TypeName="DMA_HandleTypeDef"/>
			<Argument AddressOf="true" GenericType="simple" Name="DMA_Handle2" OptimizationCondition="equal" TypeName="DMA_HandleTypeDef"/>
		</Argument>
		<Argument AddressOf="false" GenericType="simple" Name="alignment" OptimizationCondition="equal"/>
		<Argument AddressOf="false" GenericType="simple" Name="data1" OptimizationCondition="equal"/>
		<Argument AddressOf="false" GenericType="simple" Name="data2" OptimizationCondition="equal"/>
	</LibMethod>
	<LibMethod Comment="" Name="HAL_DAC_GetState">
		<Argument AddressOf="true" Context="global" GenericType="struct" Name="hdac" TypeName="DAC_HandleTypeDef">
			<Argument AddressOf="false" GenericType="baseaddress" Name="Instance" TypeName="DAC_TypeDef"/>
			<Argument AddressOf="false" GenericType="enum" Name="State" TypeName="HAL_DAC_StateTypeDef"/>
			<Argument AddressOf="false" GenericType="simple" Name="Lock" OptimizationCondition="equal"/>
			<Argument AddressOf="true" GenericType="simple" Name="DMA_Handle1" OptimizationCondition="equal" TypeName="DMA_HandleTypeDef"/>
			<Argument AddressOf="true" GenericType="simple" Name="DMA_Handle2" OptimizationCondition="equal" TypeName="DMA_HandleTypeDef"/>
		</Argument>
	</LibMethod>
	<LibMethod Comment="" Name="HAL_DAC_ConvCpltCallback">
		<Argument AddressOf="true" Context="global" GenericType="struct" Name="hdac" TypeName="DAC_HandleTypeDef">
			<Argument AddressOf="false" GenericType="baseaddress" Name="Instance" TypeName="DAC_TypeDef"/>
			<Argument AddressOf="false" GenericType="enum" Name="State" TypeName="HAL_DAC_StateTypeDef"/>
			<Argument AddressOf="false" GenericType="simple" Name="Lock" OptimizationCondition="equal"/>
			<Argument AddressOf="true" GenericType="simple" Name="DMA_Handle1" OptimizationCondition="equal" TypeName="DMA_HandleTypeDef"/>
			<Argument AddressOf="true" GenericType="simple" Name="DMA_Handle2" OptimizationCondition="equal" TypeName="DMA_HandleTypeDef"/>
		</Argument>
	</LibMethod>
	<LibMethod Comment="" Name="HAL_DAC_ErrorCallback">
		<Argument AddressOf="true" Context="global" GenericType="struct" Name="hdac" TypeName="DAC_HandleTypeDef">
			<Argument AddressOf="false" GenericType="baseaddress" Name="Instance" TypeName="DAC_TypeDef"/>
			<Argument AddressOf="false" GenericType="enum" Name="State" TypeName="HAL_DAC_StateTypeDef"/>
			<Argument AddressOf="false" GenericType="simple" Name="Lock" OptimizationCondition="equal"/>
			<Argument AddressOf="true" GenericType="simple" Name="DMA_Handle1" OptimizationCondition="equal" TypeName="DMA_HandleTypeDef"/>
			<Argument AddressOf="true" GenericType="simple" Name="DMA_Handle2" OptimizationCondition="equal" TypeName="DMA_HandleTypeDef"/>
		</Argument>
	</LibMethod>
	 <RefComponent Cclass="HAL" Cgroup="DAC" Cversion="0.8.0">
		<File Category="header" Name="Drivers/STM32F7xx_HAL_Driver/Inc/stm32f7xx_hal_dac.h" />
		<File Category="source" Name="Drivers/STM32F7xx_HAL_Driver/Src/stm32f7xx_hal_dac.c" />
		<File Category="header" Name="Drivers/STM32F7xx_HAL_Driver/Inc/stm32f7xx_hal_dac_ex.h" />
		<File Category="source" Name="Drivers/STM32F7xx_HAL_Driver/Src/stm32f7xx_hal_dac_ex.c" />
  </RefComponent>
</IP>
