<?xml version="1.0" encoding="ISO-8859-1" standalone="no"?>
<IP xmlns="http://mcd.rou.st.com/modules.php?name=mcu" DBVersion="V4.0" Name="DAC" Version="STM32Cube_FW_F0_V0.3.0" xmlns:ns0="http://www.w3.org/2001/XMLSchema-instance" ns0:schemaLocation="http://mcd.rou.st.com/modules.php?name=mcu ../../../../../../../doc/V4/Development/Specifications/db/IP_Configs.xsd">
    <RefConfig Name="DAC_ChannelConfig" Comment="DAC channel OUT1 config">
        <CallLibMethod Name="HAL_DAC_ConfigChannel">
            <MethodArg Name="channel" ParameterName="DAC_Channel"/>
        </CallLibMethod>
        <ImplementCallBack Name="HAL_DAC_MspInit"/>
        <ImplementCallBack Name="HAL_DAC_MspDeInit"/>
 
    </RefConfig>
    <RefConfig Name="DAC_ChannelConfig2" Comment="DAC channel OUT2 config" >
        <CallLibMethod Name="HAL_DAC_ConfigChannel">
            <MethodArg Name="channel" ParameterName="DAC_Channel2"/>
            <MethodArg Name="DAC_OutputBuffer" ParameterName="DAC_OutputBuffer2"/>
            <MethodArg Name="DAC_Trigger" ParameterName="DAC_Trigger2"/>
        </CallLibMethod>
        <ImplementCallBack Name="HAL_DAC_MspInit"/>
        <ImplementCallBack Name="HAL_DAC_MspDeInit"/>
 					
    </RefConfig>
    <RefConfig Name="DAC_Init"  Comment="DAC Initialization">
        <CallLibMethod Name="HAL_DAC_Init"/>
        <ImplementCallBack Name="HAL_DAC_MspInit"/>
        <ImplementCallBack Name="HAL_DAC_MspDeInit"/>       

    </RefConfig>
    <RefConfig Name="DAC_TriangleWaveGenerate1" Comment="Configure Triangle wave generation on DAC OUT1">
        <CallLibMethod Name="HAL_DACEx_TriangleWaveGenerate">
            <MethodArg Name="channel" ParameterName="DAC_Channel"/>
            <MethodArg Name="Amplitude" ParameterName="TriangleAmplitude"/>
        </CallLibMethod>		
    </RefConfig>
    <RefConfig Name="DAC_NoiseWaveGenerate1" Comment="Configure Noise wave generation on DAC OUT1">
        <CallLibMethod Name="HAL_DACEx_NoiseWaveGenerate">
            <MethodArg Name="channel" ParameterName="DAC_Channel"/>
            <MethodArg Name="Amplitude" ParameterName="NoiseAmplitude"/>
        </CallLibMethod>		
    </RefConfig>
    <RefConfig Name="DAC_TriangleWaveGenerate2" Comment="Configure Triangle wave generation on DAC OUT2">
        <CallLibMethod Name="HAL_DACEx_TriangleWaveGenerate">
            <MethodArg Name="channel" ParameterName="DAC_Channel2"/>
            <MethodArg Name="Amplitude" ParameterName="TriangleAmplitude2"/>
        </CallLibMethod>		
    </RefConfig>
    <RefConfig Name="DAC_NoiseWaveGenerate2" Comment="Configure Noise wave generation on DAC OUT2">
        <CallLibMethod Name="HAL_DACEx_NoiseWaveGenerate">
            <MethodArg Name="channel" ParameterName="DAC_Channel2"/>
            <MethodArg Name="Amplitude" ParameterName="NoiseAmplitude2"/>
        </CallLibMethod>		
    </RefConfig>   
    <LibMethod Comment="" Name="HAL_DAC_Init" Optimizable="true">
        <Argument AddressOf="true" Context="global" GenericType="struct" Name="hdac" TypeName="DAC_HandleTypeDef">
            <Argument AddressOf="false" GenericType="baseaddress" Name="Instance" TypeName="DAC_TypeDef"/>
            <Argument AddressOf="false" GenericType="simple" Name="State" OptimizationCondition="equal"/>
            <Argument AddressOf="false" GenericType="simple" Name="Lock" OptimizationCondition="equal"/>
            <Argument AddressOf="true" GenericType="simple" Name="DMA_Handle1" OptimizationCondition="equal" TypeName="DMA_HandleTypeDef"/>
            <Argument AddressOf="true" GenericType="simple" Name="DMA_Handle2" OptimizationCondition="equal" TypeName="DMA_HandleTypeDef"/>
            <Argument AddressOf="false" GenericType="simple" Name="ErrorCode" OptimizationCondition="equal"/>
        </Argument>
    </LibMethod>
    <LibMethod Comment="" Name="HAL_DAC_DeInit">
        <Argument AddressOf="true" Context="global" GenericType="struct" Name="hdac" TypeName="DAC_HandleTypeDef">
            <Argument AddressOf="false" GenericType="baseaddress" Name="Instance" TypeName="DAC_TypeDef"/>
            <Argument AddressOf="false" GenericType="simple" Name="State" OptimizationCondition="equal"/>
            <Argument AddressOf="false" GenericType="simple" Name="Lock" OptimizationCondition="equal"/>
            <Argument AddressOf="true" GenericType="simple" Name="DMA_Handle1" OptimizationCondition="equal" TypeName="DMA_HandleTypeDef"/>
            <Argument AddressOf="true" GenericType="simple" Name="DMA_Handle2" OptimizationCondition="equal" TypeName="DMA_HandleTypeDef"/>
            <Argument AddressOf="false" GenericType="simple" Name="ErrorCode" OptimizationCondition="equal"/>
        </Argument>
    </LibMethod>
    <LibMethod Comment="" Name="HAL_DAC_MspInit">
        <Argument AddressOf="true" Context="global" GenericType="struct" Name="hdac" TypeName="DAC_HandleTypeDef">
            <Argument AddressOf="false" GenericType="baseaddress" Name="Instance" TypeName="DAC_TypeDef"/>
            <Argument AddressOf="false" GenericType="simple" Name="State" OptimizationCondition="equal"/>
            <Argument AddressOf="false" GenericType="simple" Name="Lock" OptimizationCondition="equal"/>
            <Argument AddressOf="true" GenericType="simple" Name="DMA_Handle1" OptimizationCondition="equal" TypeName="DMA_HandleTypeDef"/>
            <Argument AddressOf="true" GenericType="simple" Name="DMA_Handle2" OptimizationCondition="equal" TypeName="DMA_HandleTypeDef"/>
            <Argument AddressOf="false" GenericType="simple" Name="ErrorCode" OptimizationCondition="equal"/>
        </Argument>
    </LibMethod>
    <LibMethod Comment="" Name="HAL_DAC_MspDeInit">
        <Argument AddressOf="true" Context="global" GenericType="struct" Name="hdac" TypeName="DAC_HandleTypeDef">
            <Argument AddressOf="false" GenericType="baseaddress" Name="Instance" TypeName="DAC_TypeDef"/>
            <Argument AddressOf="false" GenericType="simple" Name="State" OptimizationCondition="equal"/>
            <Argument AddressOf="false" GenericType="simple" Name="Lock" OptimizationCondition="equal"/>
            <Argument AddressOf="true" GenericType="simple" Name="DMA_Handle1" OptimizationCondition="equal" TypeName="DMA_HandleTypeDef"/>
            <Argument AddressOf="true" GenericType="simple" Name="DMA_Handle2" OptimizationCondition="equal" TypeName="DMA_HandleTypeDef"/>
            <Argument AddressOf="false" GenericType="simple" Name="ErrorCode" OptimizationCondition="equal"/>
        </Argument>
    </LibMethod>
    <LibMethod Comment="" Name="HAL_DAC_Start">
        <Argument AddressOf="true" Context="global" GenericType="struct" Name="hdac" TypeName="DAC_HandleTypeDef">
            <Argument AddressOf="false" GenericType="baseaddress" Name="Instance" TypeName="DAC_TypeDef"/>
            <Argument AddressOf="false" GenericType="simple" Name="State" OptimizationCondition="equal"/>
            <Argument AddressOf="false" GenericType="simple" Name="Lock" OptimizationCondition="equal"/>
            <Argument AddressOf="true" GenericType="simple" Name="DMA_Handle1" OptimizationCondition="equal" TypeName="DMA_HandleTypeDef"/>
            <Argument AddressOf="true" GenericType="simple" Name="DMA_Handle2" OptimizationCondition="equal" TypeName="DMA_HandleTypeDef"/>
            <Argument AddressOf="false" GenericType="simple" Name="ErrorCode" OptimizationCondition="equal"/>
        </Argument>
        <Argument AddressOf="false" GenericType="simple" Name="channel" OptimizationCondition="equal"/>
    </LibMethod>
    <LibMethod Comment="" Name="HAL_DAC_Stop">
        <Argument AddressOf="true" Context="global" GenericType="struct" Name="hdac" TypeName="DAC_HandleTypeDef">
            <Argument AddressOf="false" GenericType="baseaddress" Name="Instance" TypeName="DAC_TypeDef"/>
            <Argument AddressOf="false" GenericType="simple" Name="State" OptimizationCondition="equal"/>
            <Argument AddressOf="false" GenericType="simple" Name="Lock" OptimizationCondition="equal"/>
            <Argument AddressOf="true" GenericType="simple" Name="DMA_Handle1" OptimizationCondition="equal" TypeName="DMA_HandleTypeDef"/>
            <Argument AddressOf="true" GenericType="simple" Name="DMA_Handle2" OptimizationCondition="equal" TypeName="DMA_HandleTypeDef"/>
            <Argument AddressOf="false" GenericType="simple" Name="ErrorCode" OptimizationCondition="equal"/>
        </Argument>
        <Argument AddressOf="false" GenericType="simple" Name="channel" OptimizationCondition="equal"/>
    </LibMethod>
    <LibMethod Comment="" Name="HAL_DAC_Start_DMA">
        <Argument AddressOf="true" Context="global" GenericType="struct" Name="hdac" TypeName="DAC_HandleTypeDef">
            <Argument AddressOf="false" GenericType="baseaddress" Name="Instance" TypeName="DAC_TypeDef"/>
            <Argument AddressOf="false" GenericType="simple" Name="State" OptimizationCondition="equal"/>
            <Argument AddressOf="false" GenericType="simple" Name="Lock" OptimizationCondition="equal"/>
            <Argument AddressOf="true" GenericType="simple" Name="DMA_Handle1" OptimizationCondition="equal" TypeName="DMA_HandleTypeDef"/>
            <Argument AddressOf="true" GenericType="simple" Name="DMA_Handle2" OptimizationCondition="equal" TypeName="DMA_HandleTypeDef"/>
            <Argument AddressOf="false" GenericType="simple" Name="ErrorCode" OptimizationCondition="equal"/>
        </Argument>
        <Argument AddressOf="false" GenericType="simple" Name="channel" OptimizationCondition="equal"/>
        <Argument AddressOf="true" GenericType="simple" Name="pData" OptimizationCondition="equal"/>
        <Argument AddressOf="false" GenericType="simple" Name="Length" OptimizationCondition="equal"/>
        <Argument AddressOf="false" GenericType="simple" Name="alignment" OptimizationCondition="equal"/>
        <Argument AddressOf="false" GenericType="simple" Name="Itmode" OptimizationCondition="equal"/>
    </LibMethod>
    <LibMethod Comment="" Name="HAL_DAC_Stop_DMA">
        <Argument AddressOf="true" Context="global" GenericType="struct" Name="hdac" TypeName="DAC_HandleTypeDef">
            <Argument AddressOf="false" GenericType="baseaddress" Name="Instance" TypeName="DAC_TypeDef"/>
            <Argument AddressOf="false" GenericType="simple" Name="State" OptimizationCondition="equal"/>
            <Argument AddressOf="false" GenericType="simple" Name="Lock" OptimizationCondition="equal"/>
            <Argument AddressOf="true" GenericType="simple" Name="DMA_Handle1" OptimizationCondition="equal" TypeName="DMA_HandleTypeDef"/>
            <Argument AddressOf="true" GenericType="simple" Name="DMA_Handle2" OptimizationCondition="equal" TypeName="DMA_HandleTypeDef"/>
            <Argument AddressOf="false" GenericType="simple" Name="ErrorCode" OptimizationCondition="equal"/>
        </Argument>
        <Argument AddressOf="false" GenericType="simple" Name="channel" OptimizationCondition="equal"/>
    </LibMethod>
    <LibMethod Comment="" Name="HAL_DAC_GetValue">
        <Argument AddressOf="true" Context="global" GenericType="struct" Name="hdac" TypeName="DAC_HandleTypeDef">
            <Argument AddressOf="false" GenericType="baseaddress" Name="Instance" TypeName="DAC_TypeDef"/>
            <Argument AddressOf="false" GenericType="simple" Name="State" OptimizationCondition="equal"/>
            <Argument AddressOf="false" GenericType="simple" Name="Lock" OptimizationCondition="equal"/>
            <Argument AddressOf="true" GenericType="simple" Name="DMA_Handle1" OptimizationCondition="equal" TypeName="DMA_HandleTypeDef"/>
            <Argument AddressOf="true" GenericType="simple" Name="DMA_Handle2" OptimizationCondition="equal" TypeName="DMA_HandleTypeDef"/>
            <Argument AddressOf="false" GenericType="simple" Name="ErrorCode" OptimizationCondition="equal"/>
        </Argument>
        <Argument AddressOf="false" GenericType="simple" Name="channel" OptimizationCondition="equal"/>
    </LibMethod>
    <LibMethod Comment="" Name="HAL_DAC_DualGetValue">
        <Argument AddressOf="true" Context="global" GenericType="struct" Name="hdac" TypeName="DAC_HandleTypeDef">
            <Argument AddressOf="false" GenericType="baseaddress" Name="Instance" TypeName="DAC_TypeDef"/>
            <Argument AddressOf="false" GenericType="simple" Name="State" OptimizationCondition="equal"/>
            <Argument AddressOf="false" GenericType="simple" Name="Lock" OptimizationCondition="equal"/>
            <Argument AddressOf="true" GenericType="simple" Name="DMA_Handle1" OptimizationCondition="equal" TypeName="DMA_HandleTypeDef"/>
            <Argument AddressOf="true" GenericType="simple" Name="DMA_Handle2" OptimizationCondition="equal" TypeName="DMA_HandleTypeDef"/>
            <Argument AddressOf="false" GenericType="simple" Name="ErrorCode" OptimizationCondition="equal"/>
        </Argument>
    </LibMethod>
    <LibMethod Comment="" Name="HAL_DAC_ConfigChannel">
        <Argument AddressOf="true" Context="global" GenericType="struct" Name="hdac" TypeName="DAC_HandleTypeDef">
            <Argument AddressOf="false" GenericType="baseaddress" Name="Instance" TypeName="DAC_TypeDef"/>
            <Argument AddressOf="false" GenericType="simple" Name="State" OptimizationCondition="equal"/>
            <Argument AddressOf="false" GenericType="simple" Name="Lock" OptimizationCondition="equal"/>
            <Argument AddressOf="true" GenericType="simple" Name="DMA_Handle1" OptimizationCondition="equal" TypeName="DMA_HandleTypeDef"/>
            <Argument AddressOf="true" GenericType="simple" Name="DMA_Handle2" OptimizationCondition="equal" TypeName="DMA_HandleTypeDef"/>
            <Argument AddressOf="false" GenericType="simple" Name="ErrorCode" OptimizationCondition="equal"/>
        </Argument>
        <Argument AddressOf="true" GenericType="struct" Name="sConfig" TypeName="DAC_ChannelConfTypeDef">
            <Argument AddressOf="false" GenericType="simple" Name="DAC_Trigger" OptimizationCondition="equal"/>
            <Argument AddressOf="false" GenericType="simple" Name="DAC_OutputBuffer" OptimizationCondition="equal"/>
        </Argument>
        <Argument AddressOf="false" GenericType="simple" Name="channel" OptimizationCondition="equal"/>
    </LibMethod>
    <LibMethod Comment="" Name="HAL_DACEx_TriangleWaveGenerate">
        <Argument AddressOf="true" Context="global" GenericType="struct" Name="hdac" TypeName="DAC_HandleTypeDef">
            <Argument AddressOf="false" GenericType="baseaddress" Name="Instance" TypeName="DAC_TypeDef"/>
            <Argument AddressOf="false" GenericType="simple" Name="State" OptimizationCondition="equal"/>
            <Argument AddressOf="false" GenericType="simple" Name="Lock" OptimizationCondition="equal"/>
            <Argument AddressOf="true" GenericType="simple" Name="DMA_Handle1" OptimizationCondition="equal" TypeName="DMA_HandleTypeDef"/>
            <Argument AddressOf="true" GenericType="simple" Name="DMA_Handle2" OptimizationCondition="equal" TypeName="DMA_HandleTypeDef"/>
            <Argument AddressOf="false" GenericType="simple" Name="ErrorCode" OptimizationCondition="equal"/>
        </Argument>
        <Argument AddressOf="false" GenericType="simple" Name="channel" OptimizationCondition="equal"/>
        <Argument AddressOf="false" GenericType="simple" Name="Amplitude" OptimizationCondition="equal"/>
    </LibMethod>
    <LibMethod Comment="" Name="HAL_DACEx_NoiseWaveGenerate">
        <Argument AddressOf="true" Context="global" GenericType="struct" Name="hdac" TypeName="DAC_HandleTypeDef">
            <Argument AddressOf="false" GenericType="baseaddress" Name="Instance" TypeName="DAC_TypeDef"/>
            <Argument AddressOf="false" GenericType="simple" Name="State" OptimizationCondition="equal"/>
            <Argument AddressOf="false" GenericType="simple" Name="Lock" OptimizationCondition="equal"/>
            <Argument AddressOf="true" GenericType="simple" Name="DMA_Handle1" OptimizationCondition="equal" TypeName="DMA_HandleTypeDef"/>
            <Argument AddressOf="true" GenericType="simple" Name="DMA_Handle2" OptimizationCondition="equal" TypeName="DMA_HandleTypeDef"/>
            <Argument AddressOf="false" GenericType="simple" Name="ErrorCode" OptimizationCondition="equal"/>
        </Argument>
        <Argument AddressOf="false" GenericType="simple" Name="channel" OptimizationCondition="equal"/>
        <Argument AddressOf="false" GenericType="simple" Name="Amplitude" OptimizationCondition="equal"/>
    </LibMethod>
    <LibMethod Comment="" Name="HAL_DAC_SetValue">
        <Argument AddressOf="true" Context="global" GenericType="struct" Name="hdac" TypeName="DAC_HandleTypeDef">
            <Argument AddressOf="false" GenericType="baseaddress" Name="Instance" TypeName="DAC_TypeDef"/>
            <Argument AddressOf="false" GenericType="simple" Name="State" OptimizationCondition="equal"/>
            <Argument AddressOf="false" GenericType="simple" Name="Lock" OptimizationCondition="equal"/>
            <Argument AddressOf="true" GenericType="simple" Name="DMA_Handle1" OptimizationCondition="equal" TypeName="DMA_HandleTypeDef"/>
            <Argument AddressOf="true" GenericType="simple" Name="DMA_Handle2" OptimizationCondition="equal" TypeName="DMA_HandleTypeDef"/>
            <Argument AddressOf="false" GenericType="simple" Name="ErrorCode" OptimizationCondition="equal"/>
        </Argument>
        <Argument AddressOf="false" GenericType="simple" Name="channel" OptimizationCondition="equal"/>
        <Argument AddressOf="false" GenericType="simple" Name="alignment" OptimizationCondition="equal"/>
        <Argument AddressOf="false" GenericType="simple" Name="data" OptimizationCondition="equal"/>
    </LibMethod>
    <LibMethod Comment="" Name="HAL_DAC_DualSetValue">
        <Argument AddressOf="true" Context="global" GenericType="struct" Name="hdac" TypeName="DAC_HandleTypeDef">
            <Argument AddressOf="false" GenericType="baseaddress" Name="Instance" TypeName="DAC_TypeDef"/>
            <Argument AddressOf="false" GenericType="simple" Name="State" OptimizationCondition="equal"/>
            <Argument AddressOf="false" GenericType="simple" Name="Lock" OptimizationCondition="equal"/>
            <Argument AddressOf="true" GenericType="simple" Name="DMA_Handle1" OptimizationCondition="equal" TypeName="DMA_HandleTypeDef"/>
            <Argument AddressOf="true" GenericType="simple" Name="DMA_Handle2" OptimizationCondition="equal" TypeName="DMA_HandleTypeDef"/>
            <Argument AddressOf="false" GenericType="simple" Name="ErrorCode" OptimizationCondition="equal"/>
        </Argument>
        <Argument AddressOf="false" GenericType="simple" Name="alignment" OptimizationCondition="equal"/>
        <Argument AddressOf="false" GenericType="simple" Name="data1" OptimizationCondition="equal"/>
        <Argument AddressOf="false" GenericType="simple" Name="data2" OptimizationCondition="equal"/>
    </LibMethod>
    <LibMethod Comment="" Name="HAL_DAC_GetState">
        <Argument AddressOf="true" Context="global" GenericType="struct" Name="hdac" TypeName="DAC_HandleTypeDef">
            <Argument AddressOf="false" GenericType="baseaddress" Name="Instance" TypeName="DAC_TypeDef"/>
            <Argument AddressOf="false" GenericType="simple" Name="State" OptimizationCondition="equal"/>
            <Argument AddressOf="false" GenericType="simple" Name="Lock" OptimizationCondition="equal"/>
            <Argument AddressOf="true" GenericType="simple" Name="DMA_Handle1" OptimizationCondition="equal" TypeName="DMA_HandleTypeDef"/>
            <Argument AddressOf="true" GenericType="simple" Name="DMA_Handle2" OptimizationCondition="equal" TypeName="DMA_HandleTypeDef"/>
            <Argument AddressOf="false" GenericType="simple" Name="ErrorCode" OptimizationCondition="equal"/>
        </Argument>
    </LibMethod>
    <LibMethod Comment="" Name="HAL_DAC_IRQHandler">
        <Argument AddressOf="true" Context="global" GenericType="struct" Name="hdac" TypeName="DAC_HandleTypeDef">
            <Argument AddressOf="false" GenericType="baseaddress" Name="Instance" TypeName="DAC_TypeDef"/>
            <Argument AddressOf="false" GenericType="simple" Name="State" OptimizationCondition="equal"/>
            <Argument AddressOf="false" GenericType="simple" Name="Lock" OptimizationCondition="equal"/>
            <Argument AddressOf="true" GenericType="simple" Name="DMA_Handle1" OptimizationCondition="equal" TypeName="DMA_HandleTypeDef"/>
            <Argument AddressOf="true" GenericType="simple" Name="DMA_Handle2" OptimizationCondition="equal" TypeName="DMA_HandleTypeDef"/>
            <Argument AddressOf="false" GenericType="simple" Name="ErrorCode" OptimizationCondition="equal"/>
        </Argument>
    </LibMethod>
    <LibMethod Comment="" Name="HAL_DAC_GetError">
        <Argument AddressOf="true" Context="global" GenericType="struct" Name="hdac" TypeName="DAC_HandleTypeDef">
            <Argument AddressOf="false" GenericType="baseaddress" Name="Instance" TypeName="DAC_TypeDef"/>
            <Argument AddressOf="false" GenericType="simple" Name="State" OptimizationCondition="equal"/>
            <Argument AddressOf="false" GenericType="simple" Name="Lock" OptimizationCondition="equal"/>
            <Argument AddressOf="true" GenericType="simple" Name="DMA_Handle1" OptimizationCondition="equal" TypeName="DMA_HandleTypeDef"/>
            <Argument AddressOf="true" GenericType="simple" Name="DMA_Handle2" OptimizationCondition="equal" TypeName="DMA_HandleTypeDef"/>
            <Argument AddressOf="false" GenericType="simple" Name="ErrorCode" OptimizationCondition="equal"/>
        </Argument>
    </LibMethod>
    <LibMethod Comment="" Name="HAL_DAC_ConvCpltCallbackCh1">
        <Argument AddressOf="true" Context="global" GenericType="struct" Name="hdac" TypeName="DAC_HandleTypeDef">
            <Argument AddressOf="false" GenericType="baseaddress" Name="Instance" TypeName="DAC_TypeDef"/>
            <Argument AddressOf="false" GenericType="simple" Name="State" OptimizationCondition="equal"/>
            <Argument AddressOf="false" GenericType="simple" Name="Lock" OptimizationCondition="equal"/>
            <Argument AddressOf="true" GenericType="simple" Name="DMA_Handle1" OptimizationCondition="equal" TypeName="DMA_HandleTypeDef"/>
            <Argument AddressOf="true" GenericType="simple" Name="DMA_Handle2" OptimizationCondition="equal" TypeName="DMA_HandleTypeDef"/>
            <Argument AddressOf="false" GenericType="simple" Name="ErrorCode" OptimizationCondition="equal"/>
        </Argument>
    </LibMethod>
    <LibMethod Comment="" Name="HAL_DAC_ConvHalfCpltCallbackCh1">
        <Argument AddressOf="true" Context="global" GenericType="struct" Name="hdac" TypeName="DAC_HandleTypeDef">
            <Argument AddressOf="false" GenericType="baseaddress" Name="Instance" TypeName="DAC_TypeDef"/>
            <Argument AddressOf="false" GenericType="simple" Name="State" OptimizationCondition="equal"/>
            <Argument AddressOf="false" GenericType="simple" Name="Lock" OptimizationCondition="equal"/>
            <Argument AddressOf="true" GenericType="simple" Name="DMA_Handle1" OptimizationCondition="equal" TypeName="DMA_HandleTypeDef"/>
            <Argument AddressOf="true" GenericType="simple" Name="DMA_Handle2" OptimizationCondition="equal" TypeName="DMA_HandleTypeDef"/>
            <Argument AddressOf="false" GenericType="simple" Name="ErrorCode" OptimizationCondition="equal"/>
        </Argument>
    </LibMethod>
    <LibMethod Comment="" Name="HAL_DAC_ErrorCallbackCh1">
        <Argument AddressOf="true" Context="global" GenericType="struct" Name="hdac" TypeName="DAC_HandleTypeDef">
            <Argument AddressOf="false" GenericType="baseaddress" Name="Instance" TypeName="DAC_TypeDef"/>
            <Argument AddressOf="false" GenericType="simple" Name="State" OptimizationCondition="equal"/>
            <Argument AddressOf="false" GenericType="simple" Name="Lock" OptimizationCondition="equal"/>
            <Argument AddressOf="true" GenericType="simple" Name="DMA_Handle1" OptimizationCondition="equal" TypeName="DMA_HandleTypeDef"/>
            <Argument AddressOf="true" GenericType="simple" Name="DMA_Handle2" OptimizationCondition="equal" TypeName="DMA_HandleTypeDef"/>
            <Argument AddressOf="false" GenericType="simple" Name="ErrorCode" OptimizationCondition="equal"/>
        </Argument>
    </LibMethod>
    <LibMethod Comment="" Name="HAL_DAC_ConvCpltCallbackCh2">
        <Argument AddressOf="true" Context="global" GenericType="struct" Name="hdac" TypeName="DAC_HandleTypeDef">
            <Argument AddressOf="false" GenericType="baseaddress" Name="Instance" TypeName="DAC_TypeDef"/>
            <Argument AddressOf="false" GenericType="simple" Name="State" OptimizationCondition="equal"/>
            <Argument AddressOf="false" GenericType="simple" Name="Lock" OptimizationCondition="equal"/>
            <Argument AddressOf="true" GenericType="simple" Name="DMA_Handle1" OptimizationCondition="equal" TypeName="DMA_HandleTypeDef"/>
            <Argument AddressOf="true" GenericType="simple" Name="DMA_Handle2" OptimizationCondition="equal" TypeName="DMA_HandleTypeDef"/>
            <Argument AddressOf="false" GenericType="simple" Name="ErrorCode" OptimizationCondition="equal"/>
        </Argument>
    </LibMethod>
    <LibMethod Comment="" Name="HAL_DAC_ConvHalfCpltCallbackCh2">
        <Argument AddressOf="true" Context="global" GenericType="struct" Name="hdac" TypeName="DAC_HandleTypeDef">
            <Argument AddressOf="false" GenericType="baseaddress" Name="Instance" TypeName="DAC_TypeDef"/>
            <Argument AddressOf="false" GenericType="simple" Name="State" OptimizationCondition="equal"/>
            <Argument AddressOf="false" GenericType="simple" Name="Lock" OptimizationCondition="equal"/>
            <Argument AddressOf="true" GenericType="simple" Name="DMA_Handle1" OptimizationCondition="equal" TypeName="DMA_HandleTypeDef"/>
            <Argument AddressOf="true" GenericType="simple" Name="DMA_Handle2" OptimizationCondition="equal" TypeName="DMA_HandleTypeDef"/>
            <Argument AddressOf="false" GenericType="simple" Name="ErrorCode" OptimizationCondition="equal"/>
        </Argument>
    </LibMethod>
    <LibMethod Comment="" Name="HAL_DAC_ErrorCallbackCh2">
        <Argument AddressOf="true" Context="global" GenericType="struct" Name="hdac" TypeName="DAC_HandleTypeDef">
            <Argument AddressOf="false" GenericType="baseaddress" Name="Instance" TypeName="DAC_TypeDef"/>
            <Argument AddressOf="false" GenericType="simple" Name="State" OptimizationCondition="equal"/>
            <Argument AddressOf="false" GenericType="simple" Name="Lock" OptimizationCondition="equal"/>
            <Argument AddressOf="true" GenericType="simple" Name="DMA_Handle1" OptimizationCondition="equal" TypeName="DMA_HandleTypeDef"/>
            <Argument AddressOf="true" GenericType="simple" Name="DMA_Handle2" OptimizationCondition="equal" TypeName="DMA_HandleTypeDef"/>
            <Argument AddressOf="false" GenericType="simple" Name="ErrorCode" OptimizationCondition="equal"/>
        </Argument>
    </LibMethod>
    <LibMethod Comment="" Name="HAL_DAC_DMAUnderrunCallbackCh1">
        <Argument AddressOf="true" Context="global" GenericType="struct" Name="hdac" TypeName="DAC_HandleTypeDef">
            <Argument AddressOf="false" GenericType="baseaddress" Name="Instance" TypeName="DAC_TypeDef"/>
            <Argument AddressOf="false" GenericType="simple" Name="State" OptimizationCondition="equal"/>
            <Argument AddressOf="false" GenericType="simple" Name="Lock" OptimizationCondition="equal"/>
            <Argument AddressOf="true" GenericType="simple" Name="DMA_Handle1" OptimizationCondition="equal" TypeName="DMA_HandleTypeDef"/>
            <Argument AddressOf="true" GenericType="simple" Name="DMA_Handle2" OptimizationCondition="equal" TypeName="DMA_HandleTypeDef"/>
            <Argument AddressOf="false" GenericType="simple" Name="ErrorCode" OptimizationCondition="equal"/>
        </Argument>
    </LibMethod>
    <LibMethod Comment="" Name="HAL_DAC_DMAUnderrunCallbackCh2">
        <Argument AddressOf="true" Context="global" GenericType="struct" Name="hdac" TypeName="DAC_HandleTypeDef">
            <Argument AddressOf="false" GenericType="baseaddress" Name="Instance" TypeName="DAC_TypeDef"/>
            <Argument AddressOf="false" GenericType="simple" Name="State" OptimizationCondition="equal"/>
            <Argument AddressOf="false" GenericType="simple" Name="Lock" OptimizationCondition="equal"/>
            <Argument AddressOf="true" GenericType="simple" Name="DMA_Handle1" OptimizationCondition="equal" TypeName="DMA_HandleTypeDef"/>
            <Argument AddressOf="true" GenericType="simple" Name="DMA_Handle2" OptimizationCondition="equal" TypeName="DMA_HandleTypeDef"/>
            <Argument AddressOf="false" GenericType="simple" Name="ErrorCode" OptimizationCondition="equal"/>
        </Argument>
    </LibMethod>
    <RefComponent Cclass="HAL" Cgroup="DAC" Cversion="0.3.0">
        <File Category="header" Name="Drivers/STM32F0xx_HAL_Driver/Inc/stm32f0xx_hal_dac.h"/>
        <File Category="source" Name="Drivers/STM32F0xx_HAL_Driver/Src/stm32f0xx_hal_dac.c"/>
        <File Category="header" Name="Drivers/STM32F0xx_HAL_Driver/Inc/stm32f0xx_hal_dac_ex.h"/>
        <File Category="source" Name="Drivers/STM32F0xx_HAL_Driver/Src/stm32f0xx_hal_dac_ex.c"/>
    </RefComponent>
</IP>
