<?xml version="1.0" encoding="ISO-8859-1" standalone="no"?>
<IP xmlns="http://mcd.rou.st.com/modules.php?name=mcu" DBVersion="V4.0" Name="DMA" Version="STM32Cube_FW_L0_V0.2.0" xmlns:ns0="http://www.w3.org/2001/XMLSchema-instance" ns0:schemaLocation="http://mcd.rou.st.com/modules.php?name=mcu ../../../../../../../doc/V4/Development/Specifications/db/IP_Configs.xsd">
    <RefConfig Name="HAL_DMA_Init">
      <CallLibMethod Name="HAL_DMA_Init"/>
      <Component Name="HAL:DMA"/>
    </RefConfig>
    <RefConfig Name="HAL_DMA_DeInit">
      <CallLibMethod Name="HAL_DMA_DeInit"/>
    </RefConfig>
    <LibMethod Comment="" Name="HAL_DMA_Init">
        <Argument AddressOf="true" Context="global" GenericType="struct" Name="hdma" TypeName="DMA_HandleTypeDef">
            <Argument AddressOf="false" GenericType="baseaddress" Name="Instance" TypeName="DMA_Channel_TypeDef"/>
            <Argument AddressOf="false" GenericType="struct" Name="Init" TypeName="DMA_InitTypeDef">
                <Argument AddressOf="false" GenericType="simple" Name="Request"/>
                <Argument AddressOf="false" GenericType="simple" Name="Direction"/>
                <Argument AddressOf="false" GenericType="simple" Name="PeriphInc"/>
                <Argument AddressOf="false" GenericType="simple" Name="MemInc"/>
                <Argument AddressOf="false" GenericType="simple" Name="PeriphDataAlignment"/>
                <Argument AddressOf="false" GenericType="simple" Name="MemDataAlignment"/>
                <Argument AddressOf="false" GenericType="simple" Name="Mode"/>
                <Argument AddressOf="false" GenericType="simple" Name="Priority"/>
            </Argument>
            <Argument AddressOf="false" GenericType="simple" Name="Lock"/>
            <Argument AddressOf="false" GenericType="simple" Name="State"/>
            <Argument AddressOf="true" GenericType="simple" Name="Parent"/>
            <Argument AddressOf="true" GenericType="simple" Name="XferCpltCallback"/>
            <Argument AddressOf="true" GenericType="simple" Name="XferHalfCpltCallback"/>
            <Argument AddressOf="true" GenericType="simple" Name="XferErrorCallback"/>
            <Argument AddressOf="false" GenericType="simple" Name="ErrorCode"/>
        </Argument>
    </LibMethod>
    <LibMethod Comment="" Name="HAL_DMA_DeInit">
        <Argument AddressOf="true" Context="global" GenericType="struct" Name="hdma" TypeName="DMA_HandleTypeDef">
            <Argument AddressOf="false" GenericType="baseaddress" Name="Instance" TypeName="DMA_Channel_TypeDef"/>
            <Argument AddressOf="false" GenericType="struct" Name="Init" TypeName="DMA_InitTypeDef">
                <Argument AddressOf="false" GenericType="simple" Name="Request"/>
                <Argument AddressOf="false" GenericType="simple" Name="Direction"/>
                <Argument AddressOf="false" GenericType="simple" Name="PeriphInc"/>
                <Argument AddressOf="false" GenericType="simple" Name="MemInc"/>
                <Argument AddressOf="false" GenericType="simple" Name="PeriphDataAlignment"/>
                <Argument AddressOf="false" GenericType="simple" Name="MemDataAlignment"/>
                <Argument AddressOf="false" GenericType="simple" Name="Mode"/>
                <Argument AddressOf="false" GenericType="simple" Name="Priority"/>
            </Argument>
            <Argument AddressOf="false" GenericType="simple" Name="Lock"/>
            <Argument AddressOf="false" GenericType="simple" Name="State"/>
            <Argument AddressOf="true" GenericType="simple" Name="Parent"/>
            <Argument AddressOf="true" GenericType="simple" Name="XferCpltCallback"/>
            <Argument AddressOf="true" GenericType="simple" Name="XferHalfCpltCallback"/>
            <Argument AddressOf="true" GenericType="simple" Name="XferErrorCallback"/>
            <Argument AddressOf="false" GenericType="simple" Name="ErrorCode"/>
        </Argument>
    </LibMethod>
    <LibMethod Comment="" Name="HAL_DMA_IRQHandler">
        <Argument AddressOf="true" Context="global" GenericType="struct" Name="hdma" TypeName="DMA_HandleTypeDef">
            <Argument AddressOf="false" GenericType="baseaddress" Name="Instance" TypeName="DMA_Channel_TypeDef"/>
            <Argument AddressOf="false" GenericType="struct" Name="Init" TypeName="DMA_InitTypeDef">
                <Argument AddressOf="false" GenericType="simple" Name="Request"/>
                <Argument AddressOf="false" GenericType="simple" Name="Direction"/>
                <Argument AddressOf="false" GenericType="simple" Name="PeriphInc"/>
                <Argument AddressOf="false" GenericType="simple" Name="MemInc"/>
                <Argument AddressOf="false" GenericType="simple" Name="PeriphDataAlignment"/>
                <Argument AddressOf="false" GenericType="simple" Name="MemDataAlignment"/>
                <Argument AddressOf="false" GenericType="simple" Name="Mode"/>
                <Argument AddressOf="false" GenericType="simple" Name="Priority"/>
            </Argument>
            <Argument AddressOf="false" GenericType="simple" Name="Lock"/>
            <Argument AddressOf="false" GenericType="simple" Name="State"/>
            <Argument AddressOf="true" GenericType="simple" Name="Parent"/>
            <Argument AddressOf="true" GenericType="simple" Name="XferCpltCallback"/>
            <Argument AddressOf="true" GenericType="simple" Name="XferHalfCpltCallback"/>
            <Argument AddressOf="true" GenericType="simple" Name="XferErrorCallback"/>
            <Argument AddressOf="false" GenericType="simple" Name="ErrorCode"/>
        </Argument>
    </LibMethod>
    <!--RefComponent Cclass="HAL" Cgroup="DMA" Cversion="0.2.0">
        <File Category="header" Name="Drivers/STM32L0xx_HAL_Driver/Inc/stm32l0xx_hal_dma.h"/>
        <File Category="source" Name="Drivers/STM32L0xx_HAL_Driver/Src/stm32l0xx_hal_dma.c"/>
    </RefComponent-->
</IP>
