<?xml version="1.0" encoding="utf-8" standalone="no"?>
<IP DBVersion="V4.0" 
    Name="DTS" 
    Version="STM32Cube_FW_H7_V1.6.0" 
    IncludeFile="stm32h7xx_hal.h" 
    xmlns:ns0="http://www.w3.org/2001/XMLSchema-instance" 
    xmlns="http://mcd.rou.st.com/modules.php?name=mcu" 
    ns0:schemaLocation="http://mcd.rou.st.com/modules.php?name=mcu file:///C:/MicroXplorer/MicroXplorer/doc/V4/Development/Specifications/db/IP_Configs.xsd">
 
    <RefComponent Cclass="HAL" Cgroup="DTS" Cversion="1.6.0">
        <File Category="header" Name="Drivers/STM32H7xx_HAL_Driver/Inc/stm32h7xx_hal_dts.h"/>
        <File Category="source" Name="Drivers/STM32H7xx_HAL_Driver/Src/stm32h7xx_hal_dts.c"/>
    </RefComponent>

    <RefConfig Name="DTS_Init">
        <CallLibMethod Name="HAL_DTS_Init"/>
        <ImplementCallBack Name="HAL_DTS_MspInit"/>
        <ImplementCallBack Name="HAL_DTS_MspDeInit"/>
    </RefConfig>

    <RefConfig Name="DTS_DeInit">
        <CallLibMethod Name="HAL_DTS_DeInit"/>
    </RefConfig>

    <LibMethod Comment="" Name="HAL_DTS_Init">
        <Argument AddressOf="true" GenericType="struct" Name="hdts" TypeName="DTS_HandleTypeDef" Context="global">
            <Argument AddressOf="false" GenericType="baseaddress" Name="Instance" TypeName="DTS_TypeDef"/>
            <Argument AddressOf="false" GenericType="struct" Name="Init" TypeName="DTS_InitTypeDef">
                <Argument AddressOf="false" GenericType="simple" Name="QuickMeasure"/>
                <Argument AddressOf="false" GenericType="simple" Name="RefClock"/>
                <Argument AddressOf="false" GenericType="simple" Name="TriggerInput"/>
                <Argument AddressOf="false" GenericType="simple" Name="SamplingTime"/>
                <Argument AddressOf="false" GenericType="simple" Name="Divider"/>
                <Argument AddressOf="false" GenericType="simple" Name="HighThreshold"/>
                <Argument AddressOf="false" GenericType="simple" Name="LowThreshold"/>
            </Argument>
            <Argument AddressOf="false" GenericType="simple" Name="Lock" TypeName="HAL_LockTypeDef"/>
            <Argument AddressOf="false" GenericType="enum" Name="State" TypeName="HAL_DTS_StateTypeDef"/>
        </Argument>
    </LibMethod>
    <LibMethod Comment="" Name="HAL_DTS_DeInit">
        <Argument AddressOf="true" GenericType="struct" Name="hdts" TypeName="DTS_HandleTypeDef" Context="global">
            <Argument AddressOf="false" GenericType="baseaddress" Name="Instance" TypeName="DTS_TypeDef"/>
            <Argument AddressOf="false" GenericType="struct" Name="Init" TypeName="DTS_InitTypeDef">
                <Argument AddressOf="false" GenericType="simple" Name="QuickMeasure"/>
                <Argument AddressOf="false" GenericType="simple" Name="RefClock"/>
                <Argument AddressOf="false" GenericType="simple" Name="TriggerInput"/>
                <Argument AddressOf="false" GenericType="simple" Name="SamplingTime"/>
                <Argument AddressOf="false" GenericType="simple" Name="Divider"/>
                <Argument AddressOf="false" GenericType="simple" Name="HighThreshold"/>
                <Argument AddressOf="false" GenericType="simple" Name="LowThreshold"/>
            </Argument>
            <Argument AddressOf="false" GenericType="simple" Name="Lock" TypeName="HAL_LockTypeDef"/>
            <Argument AddressOf="false" GenericType="enum" Name="State" TypeName="HAL_DTS_StateTypeDef"/>
        </Argument>
    </LibMethod>
    <LibMethod Comment="" Name="HAL_DTS_MspInit" isCallBackMethod="true">
        <Argument AddressOf="true" GenericType="struct" Name="hdts" TypeName="DTS_HandleTypeDef" Context="global">
            <Argument AddressOf="false" GenericType="baseaddress" Name="Instance" TypeName="DTS_TypeDef"/>
            <Argument AddressOf="false" GenericType="struct" Name="Init" TypeName="DTS_InitTypeDef">
                <Argument AddressOf="false" GenericType="simple" Name="QuickMeasure"/>
                <Argument AddressOf="false" GenericType="simple" Name="RefClock"/>
                <Argument AddressOf="false" GenericType="simple" Name="TriggerInput"/>
                <Argument AddressOf="false" GenericType="simple" Name="SamplingTime"/>
                <Argument AddressOf="false" GenericType="simple" Name="Divider"/>
                <Argument AddressOf="false" GenericType="simple" Name="HighThreshold"/>
                <Argument AddressOf="false" GenericType="simple" Name="LowThreshold"/>
            </Argument>
            <Argument AddressOf="false" GenericType="simple" Name="Lock" TypeName="HAL_LockTypeDef"/>
            <Argument AddressOf="false" GenericType="enum" Name="State" TypeName="HAL_DTS_StateTypeDef"/>
        </Argument>
    </LibMethod>
    <LibMethod Comment="" Name="HAL_DTS_MspDeInit" isCallBackMethod="true">
        <Argument AddressOf="true" GenericType="struct" Name="hdts" TypeName="DTS_HandleTypeDef" Context="global">
            <Argument AddressOf="false" GenericType="baseaddress" Name="Instance" TypeName="DTS_TypeDef"/>
            <Argument AddressOf="false" GenericType="struct" Name="Init" TypeName="DTS_InitTypeDef">
                <Argument AddressOf="false" GenericType="simple" Name="QuickMeasure"/>
                <Argument AddressOf="false" GenericType="simple" Name="RefClock"/>
                <Argument AddressOf="false" GenericType="simple" Name="TriggerInput"/>
                <Argument AddressOf="false" GenericType="simple" Name="SamplingTime"/>
                <Argument AddressOf="false" GenericType="simple" Name="Divider"/>
                <Argument AddressOf="false" GenericType="simple" Name="HighThreshold"/>
                <Argument AddressOf="false" GenericType="simple" Name="LowThreshold"/>
            </Argument>
            <Argument AddressOf="false" GenericType="simple" Name="Lock" TypeName="HAL_LockTypeDef"/>
            <Argument AddressOf="false" GenericType="enum" Name="State" TypeName="HAL_DTS_StateTypeDef"/>
        </Argument>
    </LibMethod>
 
</IP>
