<?xml version="1.0" encoding="UTF-8"?>
<!--

 File Name          : ADC.xml
 Description        : Contextual documentation of the ADC
                      for all MCU series

 COPYRIGHT(c) 2016 STMicroelectronics

====================================================================
| version 0.1  |  A.Morin          | Creation                      |
====================================================================

Contextual help database for ADC peripheral, it contains:
    - peripheral generic information under <peripheral> node
    - information about peripheral mode under <mode> node
    - details about the peripheral configuration under <config> node

-->
<ctx_pinout_help xsi:noNamespaceSchemaLocation="../../../../../../../doc/V4/Development/Specifications/contextualDocumentation/pinout.xsd" xmlns:xsi="http://www.w3.org/2001/XMLSchema-instance">
    <!-- serie "ref" is the MCU series you want to document e.g. STM32F0, STM32F1... -->
    <serie ref="Default">
        <peripheral>
            <!-- Title of the contextual widget -->
            <title>ADC</title>
            <!-- Generic description displayed in the first panel of the tooltip -->
            <extract>Analog to digital converter</extract>
            <!-- Detailed information displayed in the expandable panel when no MCU series has been selected -->
            <help_text>An Analog to digital converter is a feature that converts an analog&lt;br/&gt;
                voltage on a pin to a digital number. By converting from the analog&lt;br/&gt;
                world to the digital world.
            </help_text>
            <!-- Links that will be displayed on the help widgets:
            - filter: In case a selection needs to be made, use it as regexp on mcu name (STM32F042T6x)
            - display: string that will be displayed in front of the hyperlink
            - type: the type of file you want to display ("txt" "pdf", "chm", "html", "dynamic")
            dynamic stands for the document that have to be retrieved from the JSON database
            - reference: path to the document to be displayed (http or local path)
              If the file is dynamic, indicate the kind of file you want to display:
                * dataSheet => for datasheet document type
                * appNote => for application note document type
                * refMan => for reference manual document type
                * usrMan => for user Manual document type
                * prgMan => for Programming Manual document type
                * errSheet => for Errata Sheet document type
            - index: for pdf,html and chm type it specifies the chapter where the viewer will point
            for dynamic file it can specify a chapter except for application notes where it specifies
            the document display name (e.g. AN1015). This field may be left blank, then the full document
            is displayed -->
            <link display="Datasheet" type="dynamic" reference="dataSheet" index="Analog to digital converter (ADC)">
            </link>
            <link display="Reference manual" type="dynamic" reference="refMan" index="Analog-to-digital converter (ADC)">
            </link>
        </peripheral>
        <mode>
            <!-- @TODO Describe the mode TBD for CubeMX -->
        </mode>
        <config>
            <!-- @TODO configuration panel TBD for CubeMX -->
        </config>
    </serie>
    <serie ref="STM32F0">
        <peripheral>
            <!-- Title of the contextual widget -->
            <title>ADC</title>
            <!-- Generic description displayed in the first panel of the tooltip -->
            <extract>Analog to digital converter</extract>
            <!-- Detailed information displayed in the expandable panel when no MCU series has been selected -->
            <help_text>An Analog to digital converter is a feature that converts an analog&lt;br/&gt;
                voltage on a pin to a digital number. By converting from the analog&lt;br/&gt;
                world to the digital world.
            </help_text>
            <!-- Links that will be displayed on the help widgets:
            - filter: In case a selection needs to be made, use it as regexp on mcu name (STM32F042T6x)
            - display: string that will be displayed in front of the hyperlink
            - type: the type of file you want to display ("txt" "pdf", "chm", "html", "dynamic")
            dynamic stands for the document that have to be retrieved from the JSON database
            - reference: path to the document to be displayed (http or local path)
              If the file is dynamic, indicate the kind of file you want to display:
                * dataSheet => for datasheet document type
                * appNote => for application note document type
                * refMan => for reference manual document type
                * usrMan => for user Manual document type
                * prgMan => for Programming Manual document type
                * errSheet => for Errata Sheet document type
            - index: for pdf,html and chm type it specifies the chapter where the viewer will point
            for dynamic file it can specify a chapter except for application notes where it specifies
            the document display name (e.g. AN1015). This field may be left blank, then the full document
            is displayed -->
            <link filter="STM32F0[37]0" display="Datasheet" type="dynamic" reference="dataSheet" index="Analog to digital converter (ADC)">
            </link>
            <link filter="STM32F0(?![37]0)" display="Datasheet" type="dynamic" reference="dataSheet" index="Analog-to-digital converter (ADC)">
            </link>
            <link display="Reference manual" type="dynamic" reference="refMan" index="Analog-to-digital converter (ADC)">
            </link>
        </peripheral>
        <mode>
            <!-- @TODO Describe the mode TBD for CubeMX -->
        </mode>
        <config>
            <!-- @TODO configuration panel TBD for CubeMX -->
        </config>
    </serie>
    <serie ref="STM32F1">
        <peripheral>
            <!-- Title of the contextual widget -->
            <title>ADC</title>
            <!-- Generic description displayed in the first panel of the tooltip -->
            <extract>Analog to digital converter</extract>
            <!-- Detailed information displayed in the expandable panel when no MCU series has been selected -->
            <help_text>An Analog to digital converter is a feature that converts an analog&lt;br/&gt;
                voltage on a pin to a digital number. By converting from the analog&lt;br/&gt;
                world to the digital world.
            </help_text>
            <!-- Links that will be displayed on the help widgets:
            - filter: In case a selection needs to be made, use it as regexp on mcu name (STM32F042T6x)
            - display: string that will be displayed in front of the hyperlink
            - type: the type of file you want to display ("txt" "pdf", "chm", "html", "dynamic")
            dynamic stands for the document that have to be retrieved from the JSON database
            - reference: path to the document to be displayed (http or local path)
              If the file is dynamic, indicate the kind of file you want to display:
                * dataSheet => for datasheet document type
                * appNote => for application note document type
                * refMan => for reference manual document type
                * usrMan => for user Manual document type
                * prgMan => for Programming Manual document type
                * errSheet => for Errata Sheet document type
            - index: for pdf,html and chm type it specifies the chapter where the viewer will point
            for dynamic file it can specify a chapter except for application notes where it specifies
            the document display name (e.g. AN1015). This field may be left blank, then the full document
            is displayed -->
            <link filter="STM32F10(0.[468BCDE]|3.[468B]).*" display="Datasheet" type="dynamic" reference="dataSheet" index="ADC (analog-to-digital converter)">
            </link>
            <link filter="STM32F10([12]|3.[CDEFG]).*" display="Datasheet" type="dynamic" reference="dataSheet" index="ADC (analog to digital converter)">
            </link>
            <link filter="STM32F10[57].*" display="Datasheet" type="dynamic" reference="dataSheet" index="ADCs (analog-to-digital converters)">
            </link>
            <link display="Reference manual" type="dynamic" reference="refMan" index="Analog-to-digital converter (ADC)">
            </link>
        </peripheral>
        <mode>
            <!-- @TODO Describe the mode TBD for CubeMX -->
        </mode>
        <config>
            <!-- @TODO configuration panel TBD for CubeMX -->
        </config>
    </serie>
    <serie ref="STM32F2">
        <peripheral>
            <!-- Title of the contextual widget -->
            <title>ADC</title>
            <!-- Generic description displayed in the first panel of the tooltip -->
            <extract>Analog to digital converter</extract>
            <!-- Detailed information displayed in the expandable panel when no MCU series has been selected -->
            <help_text>An Analog to digital converter is a feature that converts an analog&lt;br/&gt;
                voltage on a pin to a digital number. By converting from the analog&lt;br/&gt;
                world to the digital world.
            </help_text>
            <!-- Links that will be displayed on the help widgets:
            - filter: In case a selection needs to be made, use it as regexp on mcu name (STM32F042T6x)
            - display: string that will be displayed in front of the hyperlink
            - type: the type of file you want to display ("txt" "pdf", "chm", "html", "dynamic")
            dynamic stands for the document that have to be retrieved from the JSON database
            - reference: path to the document to be displayed (http or local path)
              If the file is dynamic, indicate the kind of file you want to display:
                * dataSheet => for datasheet document type
                * appNote => for application note document type
                * refMan => for reference manual document type
                * usrMan => for user Manual document type
                * prgMan => for Programming Manual document type
                * errSheet => for Errata Sheet document type
            - index: for pdf,html and chm type it specifies the chapter where the viewer will point
            for dynamic file it can specify a chapter except for application notes where it specifies
            the document display name (e.g. AN1015). This field may be left blank, then the full document
            is displayed -->
            <link display="Datasheet" type="dynamic" reference="dataSheet" index="ADCs (analog-to-digital converters)">
            </link>
            <link display="Reference manual" type="dynamic" reference="refMan" index="Analog-to-digital converter (ADC)">
            </link>
        </peripheral>
        <mode>
            <!-- @TODO Describe the mode TBD for CubeMX -->
        </mode>
        <config>
            <!-- @TODO configuration panel TBD for CubeMX -->
        </config>
    </serie>
    <serie ref="STM32F3">
        <peripheral>
            <!-- Title of the contextual widget -->
            <title>ADC</title>
            <!-- Generic description displayed in the first panel of the tooltip -->
            <extract>Analog to digital converter</extract>
            <!-- Detailed information displayed in the expandable panel when no MCU series has been selected -->
            <help_text>An Analog to digital converter is a feature that converts an analog&lt;br/&gt;
                voltage on a pin to a digital number. By converting from the analog&lt;br/&gt;
                world to the digital world.
            </help_text>
            <!-- Links that will be displayed on the help widgets:
            - filter: In case a selection needs to be made, use it as regexp on mcu name (STM32F042T6x)
            - display: string that will be displayed in front of the hyperlink
            - type: the type of file you want to display ("txt" "pdf", "chm", "html", "dynamic")
            dynamic stands for the document that have to be retrieved from the JSON database
            - reference: path to the document to be displayed (http or local path)
              If the file is dynamic, indicate the kind of file you want to display:
                * dataSheet => for datasheet document type
                * appNote => for application note document type
                * refMan => for reference manual document type
                * usrMan => for user Manual document type
                * prgMan => for Programming Manual document type
                * errSheet => for Errata Sheet document type
            - index: for pdf,html and chm type it specifies the chapter where the viewer will point
            for dynamic file it can specify a chapter except for application notes where it specifies
            the document display name (e.g. AN1015). This field may be left blank, then the full document
            is displayed -->
            <link filter="STM32F3(0[123].[68BCDE]|34.[468]|[12]8[CK]8|58.C|98VE).*" display="Datasheet" type="dynamic" reference="dataSheet" index="Fast analog-to-digital converter (ADC)">
            </link>
            <link filter="STM32F37[38].*" display="Datasheet" type="dynamic" reference="dataSheet" index="12-bit analog-to-digital converter (ADC)">
            </link>
            <link filter="STM32F37.*" display="Reference manual" type="dynamic" reference="refMan" index="Analog-to-digital converter (ADC)">
            </link>
            <link filter="STM32F3(?!7).*" display="Reference manual" type="dynamic" reference="refMan" index="Analog-to-digital converters (ADC)">
            </link>
        </peripheral>
        <mode>
            <!-- @TODO Describe the mode TBD for CubeMX -->
        </mode>
        <config>
            <!-- @TODO configuration panel TBD for CubeMX -->
        </config>
    </serie>
    <serie ref="STM32F4">
        <peripheral>
            <!-- Title of the contextual widget -->
            <title>ADC</title>
            <!-- Generic description displayed in the first panel of the tooltip -->
            <extract>Analog to digital converter</extract>
            <!-- Detailed information displayed in the expandable panel when no MCU series has been selected -->
            <help_text>An Analog to digital converter is a feature that converts an analog&lt;br/&gt;
                voltage on a pin to a digital number. By converting from the analog&lt;br/&gt;
                world to the digital world.
            </help_text>
            <!-- Links that will be displayed on the help widgets:
            - filter: In case a selection needs to be made, use it as regexp on mcu name (STM32F042T6x)
            - display: string that will be displayed in front of the hyperlink
            - type: the type of file you want to display ("txt" "pdf", "chm", "html", "dynamic")
            dynamic stands for the document that have to be retrieved from the JSON database
            - reference: path to the document to be displayed (http or local path)
              If the file is dynamic, indicate the kind of file you want to display:
                * dataSheet => for datasheet document type
                * appNote => for application note document type
                * refMan => for reference manual document type
                * usrMan => for user Manual document type
                * prgMan => for Programming Manual document type
                * errSheet => for Errata Sheet document type
            - index: for pdf,html and chm type it specifies the chapter where the viewer will point
            for dynamic file it can specify a chapter except for application notes where it specifies
            the document display name (e.g. AN1015). This field may be left blank, then the full document
            is displayed -->
            <link filter="STM32F4([01][57]|[23][79]|[67]9|46.[CE]).*" display="Datasheet" type="dynamic" reference="dataSheet" index="Analog-to-digital converters (ADCs)">
            </link>
            <link filter="STM32F4([01]1.[BCDE]|[12][23].[EGH]|10.[8B]).*" display="Datasheet" type="dynamic" reference="dataSheet" index="Analog-to-digital converter (ADC)">
            </link>
            <link display="Reference manual" type="dynamic" reference="refMan" index="Analog-to-digital converter (ADC)">
            </link>
        </peripheral>
        <mode>
            <!-- @TODO Describe the mode TBD for CubeMX -->
        </mode>
        <config>
            <!-- @TODO configuration panel TBD for CubeMX -->
        </config>
    </serie>
    <serie ref="STM32F7">
        <peripheral>
            <!-- Title of the contextual widget -->
            <title>ADC</title>
            <!-- Generic description displayed in the first panel of the tooltip -->
            <extract>Analog to digital converter</extract>
            <!-- Detailed information displayed in the expandable panel when no MCU series has been selected -->
            <help_text>An Analog to digital converter is a feature that converts an analog&lt;br/&gt;
                voltage on a pin to a digital number. By converting from the analog&lt;br/&gt;
                world to the digital world.
            </help_text>
            <!-- Links that will be displayed on the help widgets:
            - filter: In case a selection needs to be made, use it as regexp on mcu name (STM32F042T6x)
            - display: string that will be displayed in front of the hyperlink
            - type: the type of file you want to display ("txt" "pdf", "chm", "html", "dynamic")
            dynamic stands for the document that have to be retrieved from the JSON database
            - reference: path to the document to be displayed (http or local path)
              If the file is dynamic, indicate the kind of file you want to display:
                * dataSheet => for datasheet document type
                * appNote => for application note document type
                * refMan => for reference manual document type
                * usrMan => for user Manual document type
                * prgMan => for Programming Manual document type
                * errSheet => for Errata Sheet document type
            - index: for pdf,html and chm type it specifies the chapter where the viewer will point
            for dynamic file it can specify a chapter except for application notes where it specifies
            the document display name (e.g. AN1015). This field may be left blank, then the full document
            is displayed -->
            <link display="Datasheet" type="dynamic" reference="dataSheet" index="Analog-to-digital converters (ADCs)">
            </link>
            <link display="Reference manual" type="dynamic" reference="refMan" index="Analog-to-digital converter (ADC)">
            </link>
        </peripheral>
        <mode>
            <!-- @TODO Describe the mode TBD for CubeMX -->
        </mode>
        <config>
            <!-- @TODO configuration panel TBD for CubeMX -->
        </config>
    </serie>
    <serie ref="STM32G0">
        <peripheral>
            <!-- Title of the contextual widget -->
            <title>ADC</title>
            <!-- Generic description displayed in the first panel of the tooltip -->
            <extract>Analog to digital converter</extract>
            <!-- Detailed information displayed in the expandable panel when no MCU series has been selected -->
            <help_text>An Analog to digital converter is a feature that converts an analog&lt;br/&gt;
                voltage on a pin to a digital number. By converting from the analog&lt;br/&gt;
                world to the digital world.
            </help_text>
            <!-- Links that will be displayed on the help widgets:
            - filter: In case a selection needs to be made, use it as regexp on mcu name (STM32F042T6x)
            - display: string that will be displayed in front of the hyperlink
            - type: the type of file you want to display ("txt" "pdf", "chm", "html", "dynamic")
            dynamic stands for the document that have to be retrieved from the JSON database
            - reference: path to the document to be displayed (http or local path)
              If the file is dynamic, indicate the kind of file you want to display:
                * dataSheet => for datasheet document type
                * appNote => for application note document type
                * refMan => for reference manual document type
                * usrMan => for user Manual document type
                * prgMan => for Programming Manual document type
                * errSheet => for Errata Sheet document type
            - index: for pdf,html and chm type it specifies the chapter where the viewer will point
            for dynamic file it can specify a chapter except for application notes where it specifies
            the document display name (e.g. AN1015). This field may be left blank, then the full document
            is displayed -->
            <link display="Datasheet" type="dynamic" reference="dataSheet" index="Analog-to-digital converter (ADC)">
            </link>
            <link display="Reference manual" type="dynamic" reference="refMan" index="Analog-to-digital converter (ADC)">
            </link>
        </peripheral>
        <mode>
            <!-- @TODO Describe the mode TBD for CubeMX -->
        </mode>
        <config>
            <!-- @TODO configuration panel TBD for CubeMX -->
        </config>
    </serie>
    <serie ref="STM32G4">
        <peripheral>
            <!-- Title of the contextual widget -->
            <title>ADC 12-bits</title>
            <!-- Generic description displayed in the first panel of the tooltip -->
            <extract>Analog to digital converter 12-bits</extract>
            <!-- Detailed information displayed in the expandable panel when no MCU series has been selected -->
            <help_text>The 12-bit analog to digital converter has several external and two internal (temperature sensor,&lt;br/&gt;
                voltage reference measurement) channels and performs conversions in single-shot or scan modes.
            </help_text>
            <!-- Links that will be displayed on the help widgets:
            - filter: In case a selection needs to be made, use it as regexp on mcu name (STM32G4)
            - display: string that will be displayed in front of the hyperlink
            - type: the type of file you want to display ("txt" "pdf", "chm", "html", "dynamic")
            dynamic stands for the document that have to be retrieved from the JSON database
            - reference: path to the document to be displayed (http or local path)
              If the file is dynamic, indicate the kind of file you want to display:
                * dataSheet => for datasheet document type
                * appNote => for application note document type
                * refMan => for reference manual document type
                * usrMan => for user Manual document type
                * prgMan => for Programming Manual document type
                * errSheet => for Errata Sheet document type
            - index: for pdf,html and chm type it specifies the chapter where the viewer will point
            for dynamic file it can specify a chapter except for application notes where it specifies
            the document display name (e.g. AN1015). This field may be left blank, then the full document
            is displayed -->
            <link display="Datasheet" type="dynamic" reference="dataSheet" index="Analog-to-digital converter (ADC)">
            </link>
            <link display="Reference manual" type="dynamic" reference="refMan" index="Analog-to-digital converters (ADC)">
            </link>
        </peripheral>
        <mode>
            <!-- @TODO Describe the mode TBD for CubeMX -->
        </mode>
        <config>
            <!-- @TODO configuration panel TBD for CubeMX -->
        </config>
    </serie>
    <serie ref="STM32H7">
        <peripheral>
            <!-- Title of the contextual widget -->
            <title>ADC</title>
            <!-- Generic description displayed in the first panel of the tooltip -->
            <extract>Analog to digital converter</extract>
            <!-- Detailed information displayed in the expandable panel when no MCU series has been selected -->
            <help_text>An Analog to digital converter is a feature that converts an analog&lt;br/&gt;
                voltage on a pin to a digital number. By converting from the analog&lt;br/&gt;
                world to the digital world.
            </help_text>
            <!-- Links that will be displayed on the help widgets:
            - filter: In case a selection needs to be made, use it as regexp on mcu name (STM32F042T6x)
            - display: string that will be displayed in front of the hyperlink
            - type: the type of file you want to display ("txt" "pdf", "chm", "html", "dynamic")
            dynamic stands for the document that have to be retrieved from the JSON database
            - reference: path to the document to be displayed (http or local path)
              If the file is dynamic, indicate the kind of file you want to display:
                * dataSheet => for datasheet document type
                * appNote => for application note document type
                * refMan => for reference manual document type
                * usrMan => for user Manual document type
                * prgMan => for Programming Manual document type
                * errSheet => for Errata Sheet document type
            - index: for pdf,html and chm type it specifies the chapter where the viewer will point
            for dynamic file it can specify a chapter except for application notes where it specifies
            the document display name (e.g. AN1015). This field may be left blank, then the full document
            is displayed -->
            <link display="Datasheet" type="dynamic" reference="dataSheet" index="Analog-to-digital converters (ADCs)">
            </link>
            <link display="Reference manual" type="dynamic" reference="refMan" index="Analog-to-digital converters (ADC)">
            </link>
        </peripheral>
        <mode>
            <!-- @TODO Describe the mode TBD for CubeMX -->
        </mode>
        <config>
            <!-- @TODO configuration panel TBD for CubeMX -->
        </config>
    </serie>
    <serie ref="STM32L0">
        <peripheral>
            <!-- Title of the contextual widget -->
            <title>ADC</title>
            <!-- Generic description displayed in the first panel of the tooltip -->
            <extract>Analog to digital converter</extract>
            <!-- Detailed information displayed in the expandable panel when no MCU series has been selected -->
            <help_text>An Analog to digital converter is a feature that converts an analog&lt;br/&gt;
                voltage on a pin to a digital number. By converting from the analog&lt;br/&gt;
                world to the digital world.
            </help_text>
            <!-- Links that will be displayed on the help widgets:
            - filter: In case a selection needs to be made, use it as regexp on mcu name (STM32F042T6x)
            - display: string that will be displayed in front of the hyperlink
            - type: the type of file you want to display ("txt" "pdf", "chm", "html", "dynamic")
            dynamic stands for the document that have to be retrieved from the JSON database
            - reference: path to the document to be displayed (http or local path)
              If the file is dynamic, indicate the kind of file you want to display:
                * dataSheet => for datasheet document type
                * appNote => for application note document type
                * refMan => for reference manual document type
                * usrMan => for user Manual document type
                * prgMan => for Programming Manual document type
                * errSheet => for Errata Sheet document type
            - index: for pdf,html and chm type it specifies the chapter where the viewer will point
            for dynamic file it can specify a chapter except for application notes where it specifies
            the document display name (e.g. AN1015). This field may be left blank, then the full document
            is displayed -->
            <link display="Datasheet" type="dynamic" reference="dataSheet" index="Analog-to-digital converter (ADC)">
            </link>
            <link display="Reference manual" type="dynamic" reference="refMan" index="Analog-to-digital converter (ADC)">
            </link>
        </peripheral>
        <mode>
            <!-- @TODO Describe the mode TBD for CubeMX -->
        </mode>
        <config>
            <!-- @TODO configuration panel TBD for CubeMX -->
        </config>
    </serie>
    <serie ref="STM32L1">
        <peripheral>
            <!-- Title of the contextual widget -->
            <title>ADC</title>
            <!-- Generic description displayed in the first panel of the tooltip -->
            <extract>Analog to digital converter</extract>
            <!-- Detailed information displayed in the expandable panel when no MCU series has been selected -->
            <help_text>An Analog to digital converter is a feature that converts an analog&lt;br/&gt;
                voltage on a pin to a digital number. By converting from the analog&lt;br/&gt;
                world to the digital world.
            </help_text>
            <!-- Links that will be displayed on the help widgets:
            - filter: In case a selection needs to be made, use it as regexp on mcu name (STM32F042T6x)
            - display: string that will be displayed in front of the hyperlink
            - type: the type of file you want to display ("txt" "pdf", "chm", "html", "dynamic")
            dynamic stands for the document that have to be retrieved from the JSON database
            - reference: path to the document to be displayed (http or local path)
              If the file is dynamic, indicate the kind of file you want to display:
                * dataSheet => for datasheet document type
                * appNote => for application note document type
                * refMan => for reference manual document type
                * usrMan => for user Manual document type
                * prgMan => for Programming Manual document type
                * errSheet => for Errata Sheet document type
            - index: for pdf,html and chm type it specifies the chapter where the viewer will point
            for dynamic file it can specify a chapter except for application notes where it specifies
            the document display name (e.g. AN1015). This field may be left blank, then the full document
            is displayed -->
            <link display="Datasheet" type="dynamic" reference="dataSheet" index="ADC (analog-to-digital converter)">
            </link>
            <link display="Reference manual" type="dynamic" reference="refMan" index="Analog-to-digital converter (ADC)">
            </link>
        </peripheral>
        <mode>
            <!-- @TODO Describe the mode TBD for CubeMX -->
        </mode>
        <config>
            <!-- @TODO configuration panel TBD for CubeMX -->
        </config>
    </serie>
    <serie ref="STM32L4">
        <peripheral>
            <!-- Title of the contextual widget -->
            <title>ADC</title>
            <!-- Generic description displayed in the first panel of the tooltip -->
            <extract>Analog to digital converter</extract>
            <!-- Detailed information displayed in the expandable panel when no MCU series has been selected -->
            <help_text>An Analog to digital converter is a feature that converts an analog&lt;br/&gt;
                voltage on a pin to a digital number. By converting from the analog&lt;br/&gt;
                world to the digital world.
            </help_text>
            <!-- Links that will be displayed on the help widgets:
            - filter: In case a selection needs to be made, use it as regexp on mcu name (STM32F042T6x)
            - display: string that will be displayed in front of the hyperlink
            - type: the type of file you want to display ("txt" "pdf", "chm", "html", "dynamic")
            dynamic stands for the document that have to be retrieved from the JSON database
            - reference: path to the document to be displayed (http or local path)
              If the file is dynamic, indicate the kind of file you want to display:
                * dataSheet => for datasheet document type
                * appNote => for application note document type
                * refMan => for reference manual document type
                * usrMan => for user Manual document type
                * prgMan => for Programming Manual document type
                * errSheet => for Errata Sheet document type
            - index: for pdf,html and chm type it specifies the chapter where the viewer will point
            for dynamic file it can specify a chapter except for application notes where it specifies
            the document display name (e.g. AN1015). This field may be left blank, then the full document
            is displayed -->
            <link filter="STM32L4(?![SR]).*" display="Datasheet" type="dynamic" reference="dataSheet" index="Analog to digital converter (ADC)">
            </link>
            <link filter="STM32L4[SR].*" display="Datasheet" type="dynamic" reference="dataSheet" index="Analog-to-digital converter (ADC)">
            </link>
            <link display="Reference manual" type="dynamic" reference="refMan" index="Analog-to-digital converters (ADC)">
            </link>
        </peripheral>
        <mode>
            <!-- @TODO Describe the mode TBD for CubeMX -->
        </mode>
        <config>
            <!-- @TODO configuration panel TBD for CubeMX -->
        </config>
    </serie>
    <serie ref="STM32L5">
        <peripheral>
            <!-- Title of the contextual widget -->
            <title>ADC 12-bits</title>
            <!-- Generic description displayed in the first panel of the tooltip -->
            <extract>Analog to digital converter 12-bits</extract>
            <!-- Detailed information displayed in the expandable panel when no MCU series has been selected -->
            <help_text>The 12-bit analog to digital converter has several external and two internal (temperature sensor,&lt;br/&gt;
                voltage reference measurement) channels and performs conversions in single-shot or scan modes.
            </help_text>
            <!-- Links that will be displayed on the help widgets:
            - filter: In case a selection needs to be made, use it as regexp on mcu name (STM32F042T6x)
            - display: string that will be displayed in front of the hyperlink
            - type: the type of file you want to display ("txt" "pdf", "chm", "html", "dynamic")
            dynamic stands for the document that have to be retrieved from the JSON database
            - reference: path to the document to be displayed (http or local path)
              If the file is dynamic, indicate the kind of file you want to display:
                * dataSheet => for datasheet document type
                * appNote => for application note document type
                * refMan => for reference manual document type
                * usrMan => for user Manual document type
                * prgMan => for Programming Manual document type
                * errSheet => for Errata Sheet document type
            - index: for pdf,html and chm type it specifies the chapter where the viewer will point
            for dynamic file it can specify a chapter except for application notes where it specifies
            the document display name (e.g. AN1015). This field may be left blank, then the full document
            is displayed -->
            <link display="Datasheet" type="dynamic" reference="dataSheet" index="Analog-to-digital converter (ADC)">
            </link>
            <link display="Reference manual" type="dynamic" reference="refMan" index="Analog-to-digital converters (ADC)">
            </link>
        </peripheral>
        <mode>
            <!-- @TODO Describe the mode TBD for CubeMX -->
        </mode>
        <config>
            <!-- @TODO configuration panel TBD for CubeMX -->
        </config>
    </serie>
    <serie ref="STM32MP1">
        <peripheral>
            <!-- Title of the contextual widget -->
            <title>ADC 12-bits</title>
            <!-- Generic description displayed in the first panel of the tooltip -->
            <extract>Analog to digital converter 12-bits</extract>
            <!-- Detailed information displayed in the expandable panel when no MCU series has been selected -->
            <help_text>The 12-bit analog to digital converter has several external and two internal (temperature sensor,&lt;br/&gt;
                voltage reference measurement) channels and performs conversions in single-shot or scan modes.
            </help_text>
            <!-- Links that will be displayed on the help widgets:
            - filter: In case a selection needs to be made, use it as regexp on mcu name (STM32F042T6x)
            - display: string that will be displayed in front of the hyperlink
            - type: the type of file you want to display ("txt" "pdf", "chm", "html", "dynamic")
            dynamic stands for the document that have to be retrieved from the JSON database
            - reference: path to the document to be displayed (http or local path)
              If the file is dynamic, indicate the kind of file you want to display:
                * dataSheet => for datasheet document type
                * appNote => for application note document type
                * refMan => for reference manual document type
                * usrMan => for user Manual document type
                * prgMan => for Programming Manual document type
                * errSheet => for Errata Sheet document type
            - index: for pdf,html and chm type it specifies the chapter where the viewer will point
            for dynamic file it can specify a chapter except for application notes where it specifies
            the document display name (e.g. AN1015). This field may be left blank, then the full document
            is displayed -->
            <link display="Datasheet" type="dynamic" reference="dataSheet" index="Analog-to-digital converters (ADCs)">
            </link>
            <link display="Reference manual" type="dynamic" reference="refMan" index="Analog-to-digital converters (ADC)">
            </link>
        </peripheral>
        <mode>
            <!-- @TODO Describe the mode TBD for CubeMX -->
        </mode>
        <config>
            <!-- @TODO configuration panel TBD for CubeMX -->
        </config>
    </serie>
    <serie ref="STM32U5">
        <peripheral>
            <!-- Title of the contextual widget -->
            <title>ADC 12-bits</title>
            <!-- Generic description displayed in the first panel of the tooltip -->
            <extract>Analog to digital converter 12-bits</extract>
            <!-- Detailed information displayed in the expandable panel when no MCU series has been selected -->
            <help_text filter="IP:ADC1$">The 12-bit analog to digital converter has several external and three internals (temperature sensor,&lt;br/&gt;
                voltage reference measurement and VBAT/4) channels and performs conversions in single-shot or scan modes.
            </help_text>
            <help_text filter="IP:ADC4$">The 12-bit analog to digital converter has several external and five internal (temperature sensor,&lt;br/&gt;
                voltage reference measurement,Vcore,Vbat and Connection to 2 DAC internal channels ) channels and performs conversions in single-shot or scan modes.
            </help_text>
            <!-- Links that will be displayed on the help widgets:
            - filter: In case a selection needs to be made, use it as regexp on mcu name (STM32F042T6x)
            - display: string that will be displayed in front of the hyperlink
            - type: the type of file you want to display ("txt" "pdf", "chm", "html", "dynamic")
            dynamic stands for the document that have to be retrieved from the JSON database
            - reference: path to the document to be displayed (http or local path)
              If the file is dynamic, indicate the kind of file you want to display:
                * dataSheet => for datasheet document type
                * appNote => for application note document type
                * refMan => for reference manual document type
                * usrMan => for user Manual document type
                * prgMan => for Programming Manual document type
                * errSheet => for Errata Sheet document type
            - index: for pdf,html and chm type it specifies the chapter where the viewer will point
            for dynamic file it can specify a chapter except for application notes where it specifies
            the document display name (e.g. AN1015). This field may be left blank, then the full document
            is displayed -->
            <link filter="IP:ADC1$"  display="Datasheet" type="dynamic" reference="dataSheet" index="Analog-to-digital converter 1 (ADC1)">
            </link>
             <link filter="IP:ADC4$"  display="Datasheet" type="dynamic" reference="dataSheet" index="Analog-to-digital converter 4 (ADC4)">
            </link>
            <link filter="IP:ADC1$" display="Reference manual" type="dynamic" reference="refMan" index="Analog-to-digital converter (ADC1)">
            </link>
            <link filter="IP:ADC4$" display="Reference manual" type="dynamic" reference="refMan" index="Analog-to-digital converter (ADC4)">
            </link>
        </peripheral>
        <mode>
            <!-- @TODO Describe the mode TBD for CubeMX -->
        </mode>
        <config>
            <!-- @TODO configuration panel TBD for CubeMX -->
        </config>
    </serie>
    <serie ref="STM32U5">
        <peripheral>
            <!-- Title of the contextual widget -->
            <title>ADC 12-bits</title>
            <!-- Generic description displayed in the first panel of the tooltip -->
            <extract>Analog to digital converter 12-bits</extract>
            <!-- Detailed information displayed in the expandable panel when no MCU series has been selected -->
            <help_text>The 12-bit analog to digital converter has several external and two internal (temperature sensor,&lt;br/&gt;
                voltage reference measurement) channels and performs conversions in single-shot or scan modes.
            </help_text>
            <!-- Links that will be displayed on the help widgets:
            - filter: In case a selection needs to be made, use it as regexp on mcu name (STM32U5xxx)
            - display: string that will be displayed in front of the hyperlink
            - type: the type of file you want to display ("txt" "pdf", "chm", "html", "dynamic")
            dynamic stands for the document that have to be retrieved from the JSON database
            - reference: path to the document to be displayed (http or local path)
              If the file is dynamic, indicate the kind of file you want to display:
                * dataSheet => for datasheet document type
                * appNote => for application note document type
                * refMan => for reference manual document type
                * usrMan => for user Manual document type
                * prgMan => for Programming Manual document type
                * errSheet => for Errata Sheet document type
            - index: for pdf,html and chm type it specifies the chapter where the viewer will point
            for dynamic file it can specify a chapter except for application notes where it specifies
            the document display name (e.g. AN1015). This field may be left blank, then the full document
            is displayed -->
            <link display="Datasheet" type="dynamic" reference="dataSheet" index="Analog-to-digital converter (ADC1 and ADC4)">
            </link>
            <link display="Reference manual" type="dynamic" reference="refMan" index="Analog-to-digital converter (ADC4)">
            </link>
        </peripheral>
        <mode>
            <!-- @TODO Describe the mode TBD for CubeMX -->
        </mode>
        <config>
            <!-- @TODO configuration panel TBD for CubeMX -->
        </config>
    </serie>
    <serie ref="STM8AL">
        <peripheral>
            <!-- Title of the contextual widget -->
            <title>ADC</title>
            <!-- Generic description displayed in the first panel of the tooltip -->
            <extract>Analog to digital converter</extract>
            <!-- Detailed information displayed in the expandable panel when no MCU series has been selected -->
            <help_text>An Analog to digital converter is a feature that converts an analog&lt;br/&gt;
                voltage on a pin to a digital number. By converting from the analog&lt;br/&gt;
                world to the digital world.
            </help_text>
            <!-- Links that will be displayed on the help widgets:
            - filter: In case a selection needs to be made, use it as regexp on mcu name (STM32F042T6x)
            - display: string that will be displayed in front of the hyperlink
            - type: the type of file you want to display ("txt" "pdf", "chm", "html", "dynamic")
            dynamic stands for the document that have to be retrieved from the JSON database
            - reference: path to the document to be displayed (http or local path)
              If the file is dynamic, indicate the kind of file you want to display:
                * dataSheet => for datasheet document type
                * appNote => for application note document type
                * refMan => for reference manual document type
                * usrMan => for user Manual document type
                * prgMan => for Programming Manual document type
                * errSheet => for Errata Sheet document type
            - index: for pdf,html and chm type it specifies the chapter where the viewer will point
            for dynamic file it can specify a chapter except for application notes where it specifies
            the document display name (e.g. AN1015). This field may be left blank, then the full document
            is displayed -->
            <link display="Reference manual" type="dynamic" reference="refMan" index="Analog-to-digital converter (ADC)">
            </link>
        </peripheral>
        <mode>
            <!-- @TODO Describe the mode TBD for CubeMX -->
        </mode>
        <config>
            <!-- @TODO configuration panel TBD for CubeMX -->
        </config>
    </serie>
    <serie ref="STM8L">
        <peripheral>
            <!-- Title of the contextual widget -->
            <title>ADC</title>
            <!-- Generic description displayed in the first panel of the tooltip -->
            <extract>Analog to digital converter</extract>
            <!-- Detailed information displayed in the expandable panel when no MCU series has been selected -->
            <help_text>An Analog to digital converter is a feature that converts an analog&lt;br/&gt;
                voltage on a pin to a digital number. By converting from the analog&lt;br/&gt;
                world to the digital world.
            </help_text>
            <!-- Links that will be displayed on the help widgets:
            - filter: In case a selection needs to be made, use it as regexp on mcu name (STM32F042T6x)
            - display: string that will be displayed in front of the hyperlink
            - type: the type of file you want to display ("txt" "pdf", "chm", "html", "dynamic")
            dynamic stands for the document that have to be retrieved from the JSON database
            - reference: path to the document to be displayed (http or local path)
              If the file is dynamic, indicate the kind of file you want to display:
                * dataSheet => for datasheet document type
                * appNote => for application note document type
                * refMan => for reference manual document type
                * usrMan => for user Manual document type
                * prgMan => for Programming Manual document type
                * errSheet => for Errata Sheet document type
            - index: for pdf,html and chm type it specifies the chapter where the viewer will point
            for dynamic file it can specify a chapter except for application notes where it specifies
            the document display name (e.g. AN1015). This field may be left blank, then the full document
            is displayed -->
            <link display="Reference manual" type="dynamic" reference="refMan" index="Analog-to-digital converter (ADC)">
            </link>
        </peripheral>
        <mode>
            <!-- @TODO Describe the mode TBD for CubeMX -->
        </mode>
        <config>
            <!-- @TODO configuration panel TBD for CubeMX -->
        </config>
    </serie>
</ctx_pinout_help>
