<?xml version="1.0" encoding="UTF-8"?>
<!--

 File Name          : DMA.xml
 Description        : Contextual documentation of the DMA
                      for all MCU series

 COPYRIGHT(c) 2016 STMicroelectronics

====================================================================
| version 0.1  |  A.Morin          | Creation                      |
====================================================================

Contextual help database for DMA peripheral, it contains:
    - peripheral generic information under <peripheral> node
    - information about peripheral mode under <mode> node
    - details about the peripheral configuration under <config> node

-->
<ctx_pinout_help xsi:noNamespaceSchemaLocation="../../../../../../../doc/V4/Development/Specifications/contextualDocumentation/pinout.xsd" xmlns:xsi="http://www.w3.org/2001/XMLSchema-instance">
    <!-- serie "ref" is the MCU series you want to document e.g. STM32F0, STM32F1... -->
    <serie ref="Default">
        <peripheral>
            <!-- Title of the contextual widget -->
            <title>DMA</title>
            <!-- Generic description displayed in the first panel of the tooltip -->
            <extract>Direct Memory Access controller</extract>
            <!-- Detailed information displayed in the expandable panel when no MCU series has been selected -->
            <help_text>The DMA allows data transfers to take place in the background, without the intervention of&lt;br/&gt;
                the Cortex-Mx processor. During this operation, the main processor DMA execute other tasks&lt;br/&gt;
                and it is only interrupted when a whole data block is available for processing.
            </help_text>
            <!-- Links that will be displayed on the help widgets:
            - filter: In case a selection needs to be made, use it as regexp on mcu name (STM32F042T6x)
            - display: string that will be displayed in front of the hyperlink
            - type: the type of file you want to display ("txt" "pdf", "chm", "html", "dynamic")
            dynamic stands for the document that have to be retrieved from the JSON database
            - reference: path to the document to be displayed (http or local path)
              If the file is dynamic, indicate the kind of file you want to display:
                * dataSheet => for datasheet document type
                * appNote => for application note document type
                * refMan => for reference manual document type
                * usrMan => for user Manual document type
                * prgMan => for Programming Manual document type
                * errSheet => for Errata Sheet document type
            - index: for pdf,html and chm type it specifies the chapter where the viewer will point
            for dynamic file it can specify a chapter except for application notes where it specifies
            the document display name (e.g. AN1015). This field may be left blank, then the full document
            is displayed -->
        </peripheral>
        <mode>
            <!-- @TODO Describe the mode TBD for CubeMX -->
        </mode>
        <config>
            <!-- @TODO configuration panel TBD for CubeMX -->
        </config>
    </serie>
    <serie ref="STM32F0">
        <peripheral>
            <!-- Title of the contextual widget -->
            <title>DMA</title>
            <!-- Generic description displayed in the first panel of the tooltip -->
            <extract>Direct Memory Access controller</extract>
            <!-- Detailed information displayed in the expandable panel when no MCU series has been selected -->
            <help_text>The DMA allows data transfers to take place in the background, without the intervention of&lt;br/&gt;
                the Cortex-Mx processor. During this operation, the main processor DMA execute other tasks&lt;br/&gt;
                and it is only interrupted when a whole data block is available for processing.
            </help_text>
            <!-- Links that will be displayed on the help widgets:
            - filter: In case a selection needs to be made, use it as regexp on mcu name (STM32F042T6x)
            - display: string that will be displayed in front of the hyperlink
            - type: the type of file you want to display ("txt" "pdf", "chm", "html", "dynamic")
            dynamic stands for the document that have to be retrieved from the JSON database
            - reference: path to the document to be displayed (http or local path)
              If the file is dynamic, indicate the kind of file you want to display:
                * dataSheet => for datasheet document type
                * appNote => for application note document type
                * refMan => for reference manual document type
                * usrMan => for user Manual document type
                * prgMan => for Programming Manual document type
                * errSheet => for Errata Sheet document type
            - index: for pdf,html and chm type it specifies the chapter where the viewer will point
            for dynamic file it can specify a chapter except for application notes where it specifies
            the document display name (e.g. AN1015). This field may be left blank, then the full document
            is displayed -->
 
 
             <link filter="MCU:STM32F0[37]0.*" display="List of Peripheral Requests in Table 27 and Table 28" type="dynamic" reference="refMan" index="DMA interrupts">
            </link>
             <link filter="MCU:STM32F0[34579][128].*" display="List of Peripheral Requests in Table 29 and Table 30" type="dynamic" reference="refMan" index="DMA interrupts">
            </link>
            <link display="Datasheet" type="dynamic" reference="dataSheet" index="Direct memory access controller (DMA)">
            </link>
            <link display="Reference manual" type="dynamic" reference="refMan" index="Direct memory access controller (DMA)">
            </link>
        </peripheral>
        <mode>
            <!-- @TODO Describe the mode TBD for CubeMX -->
        </mode>
        <config>
            <!-- @TODO configuration panel TBD for CubeMX -->
        </config>
    </serie>
    
    <serie ref="STM32F1">
        <peripheral>
            <!-- Title of the contextual widget -->
            <title>DMA</title>
            <!-- Generic description displayed in the first panel of the tooltip -->
            <extract>Direct Memory Access controller</extract>
            <!-- Detailed information displayed in the expandable panel when no MCU series has been selected -->
            <help_text>The DMA allows data transfers to take place in the background, without the intervention of&lt;br/&gt;
                the Cortex-Mx processor. During this operation, the main processor DMA execute other tasks&lt;br/&gt;
                and it is only interrupted when a whole data block is available for processing.
            </help_text>
            <!-- Links that will be displayed on the help widgets:
            - filter: In case a selection needs to be made, use it as regexp on mcu name (STM32F042T6x)
            - display: string that will be displayed in front of the hyperlink
            - type: the type of file you want to display ("txt" "pdf", "chm", "html", "dynamic")
            dynamic stands for the document that have to be retrieved from the JSON database
            - reference: path to the document to be displayed (http or local path)
              If the file is dynamic, indicate the kind of file you want to display:
                * dataSheet => for datasheet document type
                * appNote => for application note document type
                * refMan => for reference manual document type
                * usrMan => for user Manual document type
                * prgMan => for Programming Manual document type
                * errSheet => for Errata Sheet document type
            - index: for pdf,html and chm type it specifies the chapter where the viewer will point
            for dynamic file it can specify a chapter except for application notes where it specifies
            the document display name (e.g. AN1015). This field may be left blank, then the full document
            is displayed -->
           
             <link filter="MCU:STM32F10[012357].*" display="List of Peripheral DMA Requests" type="dynamic" reference="refMan" index="DMA request mapping">
            </link>
            <link display="Datasheet" type="dynamic" reference="dataSheet" index="DMA">
            </link>
            <link display="Reference manual" type="dynamic" reference="refMan" index="Direct memory access controller (DMA)">
            </link>
        </peripheral>
        <mode>
            <!-- @TODO Describe the mode TBD for CubeMX -->
        </mode>
        <config>
            <!-- @TODO configuration panel TBD for CubeMX -->
        </config>
    </serie>
    <serie ref="STM32F2">
        <peripheral>
            <!-- Title of the contextual widget -->
            <title>DMA</title>
            <!-- Generic description displayed in the first panel of the tooltip -->
            <extract>Direct Memory Access controller</extract>
            <!-- Detailed information displayed in the expandable panel when no MCU series has been selected -->
            <help_text>The DMA allows data transfers to take place in the background, without the intervention of&lt;br/&gt;
                the Cortex-Mx processor. During this operation, the main processor DMA execute other tasks&lt;br/&gt;
                and it is only interrupted when a whole data block is available for processing.
            </help_text>
            <!-- Links that will be displayed on the help widgets:
            - filter: In case a selection needs to be made, use it as regexp on mcu name (STM32F042T6x)
            - display: string that will be displayed in front of the hyperlink
            - type: the type of file you want to display ("txt" "pdf", "chm", "html", "dynamic")
            dynamic stands for the document that have to be retrieved from the JSON database
            - reference: path to the document to be displayed (http or local path)
              If the file is dynamic, indicate the kind of file you want to display:
                * dataSheet => for datasheet document type
                * appNote => for application note document type
                * refMan => for reference manual document type
                * usrMan => for user Manual document type
                * prgMan => for Programming Manual document type
                * errSheet => for Errata Sheet document type
            - index: for pdf,html and chm type it specifies the chapter where the viewer will point
            for dynamic file it can specify a chapter except for application notes where it specifies
            the document display name (e.g. AN1015). This field may be left blank, then the full document
            is displayed -->
             <link filter="MCU:STM32F2[01][57].*" display="List of Peripheral DMA Requests in Table 22 and Table 23" type="dynamic" reference="refMan" index="Channel selection">
            </link>
            <link display="Datasheet" type="dynamic" reference="dataSheet" index="DMA controller (DMA)">
            </link>
            <link display="Reference manual" type="dynamic" reference="refMan" index="DMA controller (DMA)">
            </link>
        </peripheral>
        <mode>
            <!-- @TODO Describe the mode TBD for CubeMX -->
        </mode>
        <config>
            <!-- @TODO configuration panel TBD for CubeMX -->
        </config>
    </serie>
    <serie ref="STM32F3">
        <peripheral>
            <!-- Title of the contextual widget -->
            <title>DMA</title>
            <!-- Generic description displayed in the first panel of the tooltip -->
            <extract>Direct Memory Access controller</extract>
            <!-- Detailed information displayed in the expandable panel when no MCU series has been selected -->
            <help_text>The DMA allows data transfers to take place in the background, without the intervention of&lt;br/&gt;
                the Cortex-Mx processor. During this operation, the main processor DMA execute other tasks&lt;br/&gt;
                and it is only interrupted when a whole data block is available for processing.
            </help_text>
            <!-- Links that will be displayed on the help widgets:
            - filter: In case a selection needs to be made, use it as regexp on mcu name (STM32F042T6x)
            - display: string that will be displayed in front of the hyperlink
            - type: the type of file you want to display ("txt" "pdf", "chm", "html", "dynamic")
            dynamic stands for the document that have to be retrieved from the JSON database
            - reference: path to the document to be displayed (http or local path)
              If the file is dynamic, indicate the kind of file you want to display:
                * dataSheet => for datasheet document type
                * appNote => for application note document type
                * refMan => for reference manual document type
                * usrMan => for user Manual document type
                * prgMan => for Programming Manual document type
                * errSheet => for Errata Sheet document type
            - index: for pdf,html and chm type it specifies the chapter where the viewer will point
            for dynamic file it can specify a chapter except for application notes where it specifies
            the document display name (e.g. AN1015). This field may be left blank, then the full document
            is displayed -->
              <link filter="MCU:STM32F3.*" display="List of Peripheral DMA Requests" type="dynamic" reference="refMan" index="DMA request mapping">
            </link>
            <link display="Datasheet" type="dynamic" reference="dataSheet" index="Direct memory access (DMA)">
            </link>
            <link display="Reference manual" type="dynamic" reference="refMan" index="Direct memory access controller (DMA)">
            </link>
        </peripheral>
        <mode>
            <!-- @TODO Describe the mode TBD for CubeMX -->
        </mode>
        <config>
            <!-- @TODO configuration panel TBD for CubeMX -->
        </config>
    </serie>
    <serie ref="STM32F4">
        <peripheral>
            <!-- Title of the contextual widget -->
            <title>DMA</title>
            <!-- Generic description displayed in the first panel of the tooltip -->
            <extract>Direct Memory Access controller</extract>
            <!-- Detailed information displayed in the expandable panel when no MCU series has been selected -->
            <help_text>The DMA allows data transfers to take place in the background, without the intervention of&lt;br/&gt;
                the Cortex-Mx processor. During this operation, the main processor DMA execute other tasks&lt;br/&gt;
                and it is only interrupted when a whole data block is available for processing.
            </help_text>
            <!-- Links that will be displayed on the help widgets:
            - filter: In case a selection needs to be made, use it as regexp on mcu name (STM32F042T6x)
            - display: string that will be displayed in front of the hyperlink
            - type: the type of file you want to display ("txt" "pdf", "chm", "html", "dynamic")
            dynamic stands for the document that have to be retrieved from the JSON database
            - reference: path to the document to be displayed (http or local path)
              If the file is dynamic, indicate the kind of file you want to display:
                * dataSheet => for datasheet document type
                * appNote => for application note document type
                * refMan => for reference manual document type
                * usrMan => for user Manual document type
                * prgMan => for Programming Manual document type
                * errSheet => for Errata Sheet document type
            - index: for pdf,html and chm type it specifies the chapter where the viewer will point
            for dynamic file it can specify a chapter except for application notes where it specifies
            the document display name (e.g. AN1015). This field may be left blank, then the full document
            is displayed -->
              <link filter="MCU:STM32F4.*" display="List of Peripheral DMA Requests are listed in the following Tables" type="dynamic" reference="refMan" index="Channel selection">
            </link>
            <link display="Datasheet" type="dynamic" reference="dataSheet" index="DMA controller (DMA)">
            </link>
            <link filter="STM32F4([12][023]|[467][69]).*" display="Reference manual" type="dynamic" reference="refMan" index="Direct memory access controller (DMA)">
            </link>
            <link filter="STM32F4([01][157]|[23][79]).*" display="Reference manual" type="dynamic" reference="refMan" index="DMA controller (DMA)">
            </link>
        </peripheral>
        <mode>
            <!-- @TODO Describe the mode TBD for CubeMX -->
        </mode>
        <config>
            <!-- @TODO configuration panel TBD for CubeMX -->
        </config>
    </serie>
    <serie ref="STM32F7">
        <peripheral>
            <!-- Title of the contextual widget -->
            <title>DMA</title>
            <!-- Generic description displayed in the first panel of the tooltip -->
            <extract>Direct Memory Access controller</extract>
            <!-- Detailed information displayed in the expandable panel when no MCU series has been selected -->
            <help_text>The DMA allows data transfers to take place in the background, without the intervention of&lt;br/&gt;
                the Cortex-Mx processor. During this operation, the main processor DMA execute other tasks&lt;br/&gt;
                and it is only interrupted when a whole data block is available for processing.
            </help_text>
            <!-- Links that will be displayed on the help widgets:
            - filter: In case a selection needs to be made, use it as regexp on mcu name (STM32F042T6x)
            - display: string that will be displayed in front of the hyperlink
            - type: the type of file you want to display ("txt" "pdf", "chm", "html", "dynamic")
            dynamic stands for the document that have to be retrieved from the JSON database
            - reference: path to the document to be displayed (http or local path)
              If the file is dynamic, indicate the kind of file you want to display:
                * dataSheet => for datasheet document type
                * appNote => for application note document type
                * refMan => for reference manual document type
                * usrMan => for user Manual document type
                * prgMan => for Programming Manual document type
                * errSheet => for Errata Sheet document type
            - index: for pdf,html and chm type it specifies the chapter where the viewer will point
            for dynamic file it can specify a chapter except for application notes where it specifies
            the document display name (e.g. AN1015). This field may be left blank, then the full document
            is displayed -->
                 <link filter="MCU:STM32F7.*" display="List of Peripheral DMA Requests are listed in the following Tables" type="dynamic" reference="refMan" index="Channel selection">
            </link>
            <link display="Datasheet" type="dynamic" reference="dataSheet" index="DMA controller (DMA)">
            </link>
            <link display="Reference manual" type="dynamic" reference="refMan" index="Direct memory access controller (DMA)">
            </link>
        </peripheral>
        <mode>
            <!-- @TODO Describe the mode TBD for CubeMX -->
        </mode>
        <config>
            <!-- @TODO configuration panel TBD for CubeMX -->
        </config>
    </serie>
    <serie ref="STM32G0">
        <peripheral>
            <!-- Title of the contextual widget -->
            <title>DMA</title>
            <!-- Generic description displayed in the first panel of the tooltip -->
            <extract>Direct Memory Access controller</extract>
            <!-- Detailed information displayed in the expandable panel when no MCU series has been selected -->
            <help_text>The DMA allows data transfers to take place in the background, without the intervention of&lt;br/&gt;
                the Cortex-Mx processor. During this operation, the main processor DMA execute other tasks&lt;br/&gt;
                and it is only interrupted when a whole data block is available for processing.
            </help_text>
            <!-- Links that will be displayed on the help widgets:
            - filter: In case a selection needs to be made, use it as regexp on mcu name (STM32F042T6x)
            - display: string that will be displayed in front of the hyperlink
            - type: the type of file you want to display ("txt" "pdf", "chm", "html", "dynamic")
            dynamic stands for the document that have to be retrieved from the JSON database
            - reference: path to the document to be displayed (http or local path)
              If the file is dynamic, indicate the kind of file you want to display:
                * dataSheet => for datasheet document type
                * appNote => for application note document type
                * refMan => for reference manual document type
                * usrMan => for user Manual document type
                * prgMan => for Programming Manual document type
                * errSheet => for Errata Sheet document type
            - index: for pdf,html and chm type it specifies the chapter where the viewer will point
            for dynamic file it can specify a chapter except for application notes where it specifies
            the document display name (e.g. AN1015). This field may be left blank, then the full document
            is displayed -->
            <link filter="MCU:STM32G0.*" display="List of Peripheral DMA Requests are listed in the following Table" type="dynamic" reference="refMan" index="DMAMUX mapping">
            </link>
            <link display="Datasheet" type="dynamic" reference="dataSheet" index="Direct memory access controller (DMA)">
            </link>
            <link display="Reference manual" type="dynamic" reference="refMan" index="Direct memory access controller (DMA)">
            </link>
        </peripheral>
        <mode>
            <!-- @TODO Describe the mode TBD for CubeMX -->
        </mode>
        <config>
            <!-- @TODO configuration panel TBD for CubeMX -->
        </config>
    </serie>
    <serie ref="STM32H7">
        <peripheral>
            <!-- Title of the contextual widget -->
            <title>DMA</title>
            <!-- Generic description displayed in the first panel of the tooltip -->
            <extract>Direct Memory Access controller</extract>
            <!-- Detailed information displayed in the expandable panel when no MCU series has been selected -->
            <help_text>The DMA allows data transfers to take place in the background, without the intervention of&lt;br/&gt;
                the Cortex-Mx processor. During this operation, the main processor DMA execute other tasks&lt;br/&gt;
                and it is only interrupted when a whole data block is available for processing.
            </help_text>
            <!-- Links that will be displayed on the help widgets:
            - filter: In case a selection needs to be made, use it as regexp on mcu name (STM32F042T6x)
            - display: string that will be displayed in front of the hyperlink
            - type: the type of file you want to display ("txt" "pdf", "chm", "html", "dynamic")
            dynamic stands for the document that have to be retrieved from the JSON database
            - reference: path to the document to be displayed (http or local path)
              If the file is dynamic, indicate the kind of file you want to display:
                * dataSheet => for datasheet document type
                * appNote => for application note document type
                * refMan => for reference manual document type
                * usrMan => for user Manual document type
                * prgMan => for Programming Manual document type
                * errSheet => for Errata Sheet document type
            - index: for pdf,html and chm type it specifies the chapter where the viewer will point
            for dynamic file it can specify a chapter except for application notes where it specifies
            the document display name (e.g. AN1015). This field may be left blank, then the full document
            is displayed -->
            <link filter="MCU:STM32H7.*" display="List of Peripheral DMA Requests are listed in the following Table" type="dynamic" reference="refMan" index="DMAMUX1 mapping">
            </link>
            <link display="Datasheet" type="dynamic" reference="dataSheet" index="DMA controllers">
            </link>
            <link display="Reference manual" type="dynamic" reference="refMan" index="Direct memory access controller (DMA)">
            </link>
        </peripheral>
        <mode>
            <!-- @TODO Describe the mode TBD for CubeMX -->
        </mode>
        <config>
            <!-- @TODO configuration panel TBD for CubeMX -->
        </config>
    </serie>
     <serie ref="STM32G4">
        <peripheral>
            <!-- Title of the contextual widget -->
            <title>DMA</title>
            <!-- Generic description displayed in the first panel of the tooltip -->
            <extract>Direct Memory Access controller</extract>
            <!-- Detailed information displayed in the expandable panel when no MCU series has been selected -->
            <help_text>The DMA allows data transfers to take place in the background, without the intervention of&lt;br/&gt;
                the Cortex-Mx processor. During this operation, the main processor DMA execute other tasks&lt;br/&gt;
                and it is only interrupted when a whole data block is available for processing.
            </help_text>
            <!-- Links that will be displayed on the help widgets:
            - filter: In case a selection needs to be made, use it as regexp on mcu name (STM32F042T6x)
            - display: string that will be displayed in front of the hyperlink
            - type: the type of file you want to display ("txt" "pdf", "chm", "html", "dynamic")
            dynamic stands for the document that have to be retrieved from the JSON database
            - reference: path to the document to be displayed (http or local path)
              If the file is dynamic, indicate the kind of file you want to display:
                * dataSheet => for datasheet document type
                * appNote => for application note document type
                * refMan => for reference manual document type
                * usrMan => for user Manual document type
                * prgMan => for Programming Manual document type
                * errSheet => for Errata Sheet document type
            - index: for pdf,html and chm type it specifies the chapter where the viewer will point
            for dynamic file it can specify a chapter except for application notes where it specifies
            the document display name (e.g. AN1015). This field may be left blank, then the full document
            is displayed -->
              <link filter="MCU:STM32G4.*" display="List of Peripheral DMA Requests are listed in the following Table" type="dynamic" reference="refMan" index="DMAMUX mapping">
            </link>
            <link display="Datasheet" type="dynamic" reference="dataSheet" index="Direct memory access controller (DMA)">
            </link>
            <link display="Reference manual" type="dynamic" reference="refMan" index="Direct memory access controller (DMA)">
            </link>
        </peripheral>
        <mode>
            <!-- @TODO Describe the mode TBD for CubeMX -->
        </mode>
        <config>
            <!-- @TODO configuration panel TBD for CubeMX -->
        </config>
    </serie>
    <serie ref="STM32L0">
        <peripheral>
            <!-- Title of the contextual widget -->
            <title>DMA</title>
            <!-- Generic description displayed in the first panel of the tooltip -->
            <extract>Direct Memory Access controller</extract>
            <!-- Detailed information displayed in the expandable panel when no MCU series has been selected -->
            <help_text>The DMA allows data transfers to take place in the background, without the intervention of&lt;br/&gt;
                the Cortex-Mx processor. During this operation, the main processor DMA execute other tasks&lt;br/&gt;
                and it is only interrupted when a whole data block is available for processing.
            </help_text>
            <!-- Links that will be displayed on the help widgets:
            - filter: In case a selection needs to be made, use it as regexp on mcu name (STM32F042T6x)
            - display: string that will be displayed in front of the hyperlink
            - type: the type of file you want to display ("txt" "pdf", "chm", "html", "dynamic")
            dynamic stands for the document that have to be retrieved from the JSON database
            - reference: path to the document to be displayed (http or local path)
              If the file is dynamic, indicate the kind of file you want to display:
                * dataSheet => for datasheet document type
                * appNote => for application note document type
                * refMan => for reference manual document type
                * usrMan => for user Manual document type
                * prgMan => for Programming Manual document type
                * errSheet => for Errata Sheet document type
            - index: for pdf,html and chm type it specifies the chapter where the viewer will point
            for dynamic file it can specify a chapter except for application notes where it specifies
            the document display name (e.g. AN1015). This field may be left blank, then the full document
            is displayed -->
             <link filter="MCU:STM32L0.*" display="List of Peripheral DMA Requests" type="dynamic" reference="refMan" index="DMA request mapping">
            </link>
            <link display="Datasheet" type="dynamic" reference="dataSheet" index="Direct memory access (DMA)">
            </link>
            <link display="Reference manual" type="dynamic" reference="refMan" index="Direct memory access controller (DMA)">
            </link>
        </peripheral>
        <mode>
            <!-- @TODO Describe the mode TBD for CubeMX -->
        </mode>
        <config>
            <!-- @TODO configuration panel TBD for CubeMX -->
        </config>
    </serie>
    <serie ref="STM32L1">
        <peripheral>
            <!-- Title of the contextual widget -->
            <title>DMA</title>
            <!-- Generic description displayed in the first panel of the tooltip -->
            <extract>Direct Memory Access controller</extract>
            <!-- Detailed information displayed in the expandable panel when no MCU series has been selected -->
            <help_text>The DMA allows data transfers to take place in the background, without the intervention of&lt;br/&gt;
                the Cortex-Mx processor. During this operation, the main processor DMA execute other tasks&lt;br/&gt;
                and it is only interrupted when a whole data block is available for processing.
            </help_text>
            <!-- Links that will be displayed on the help widgets:
            - filter: In case a selection needs to be made, use it as regexp on mcu name (STM32F042T6x)
            - display: string that will be displayed in front of the hyperlink
            - type: the type of file you want to display ("txt" "pdf", "chm", "html", "dynamic")
            dynamic stands for the document that have to be retrieved from the JSON database
            - reference: path to the document to be displayed (http or local path)
              If the file is dynamic, indicate the kind of file you want to display:
                * dataSheet => for datasheet document type
                * appNote => for application note document type
                * refMan => for reference manual document type
                * usrMan => for user Manual document type
                * prgMan => for Programming Manual document type
                * errSheet => for Errata Sheet document type
            - index: for pdf,html and chm type it specifies the chapter where the viewer will point
            for dynamic file it can specify a chapter except for application notes where it specifies
            the document display name (e.g. AN1015). This field may be left blank, then the full document
            is displayed -->
             <link filter="MCU:STM32L1.*" display="List of Peripheral DMA Requests" type="dynamic" reference="refMan" index="DMA request mapping">
            </link>
            <link display="Datasheet" type="dynamic" reference="dataSheet" index="DMA (direct memory access)">
            </link>
            <link display="Reference manual" type="dynamic" reference="refMan" index="Direct memory access controller (DMA)">
            </link>
        </peripheral>
        <mode>
            <!-- @TODO Describe the mode TBD for CubeMX -->
        </mode>
        <config>
            <!-- @TODO configuration panel TBD for CubeMX -->
        </config>
    </serie>
    <serie ref="STM32L4">
        <peripheral>
            <!-- Title of the contextual widget -->
            <title>DMA</title>
            <!-- Generic description displayed in the first panel of the tooltip -->
            <extract>Direct Memory Access controller</extract>
            <!-- Detailed information displayed in the expandable panel when no MCU series has been selected -->
            <help_text>The DMA allows data transfers to take place in the background, without the intervention of&lt;br/&gt;
                the Cortex-Mx processor. During this operation, the main processor DMA execute other tasks&lt;br/&gt;
                and it is only interrupted when a whole data block is available for processing.
            </help_text>
            <!-- Links that will be displayed on the help widgets:
            - filter: In case a selection needs to be made, use it as regexp on mcu name (STM32F042T6x)
            - display: string that will be displayed in front of the hyperlink
            - type: the type of file you want to display ("txt" "pdf", "chm", "html", "dynamic")
            dynamic stands for the document that have to be retrieved from the JSON database
            - reference: path to the document to be displayed (http or local path)
              If the file is dynamic, indicate the kind of file you want to display:
                * dataSheet => for datasheet document type
                * appNote => for application note document type
                * refMan => for reference manual document type
                * usrMan => for user Manual document type
                * prgMan => for Programming Manual document type
                * errSheet => for Errata Sheet document type
            - index: for pdf,html and chm type it specifies the chapter where the viewer will point
            for dynamic file it can specify a chapter except for application notes where it specifies
            the document display name (e.g. AN1015). This field may be left blank, then the full document
            is displayed -->
            <link filter="MCU:STM32L4[PQRS].*" display="List of Peripheral DMA Requests" type="dynamic" reference="refMan" index="DMAMUX mapping">
            </link>
             <link filter="MCU:STM32L4[123456789A].*" display="List of Peripheral DMA Requests" type="dynamic" reference="refMan" index="DMA request mapping">
            </link>
            <link display="Datasheet" type="dynamic" reference="dataSheet" index="Direct memory access controller (DMA)">
            </link>
            <link display="Reference manual" type="dynamic" reference="refMan" index="Direct memory access controller (DMA)">
            </link>
        </peripheral>
        <mode>
            <!-- @TODO Describe the mode TBD for CubeMX -->
        </mode>
        <config>
            <!-- @TODO configuration panel TBD for CubeMX -->
        </config>
    </serie>
    <serie ref="STM32L5">
        <peripheral>
            <!-- Title of the contextual widget -->
            <title>DMA</title>
            <!-- Generic description displayed in the first panel of the tooltip -->
            <extract>Direct Memory Access controller</extract>
            <!-- Detailed information displayed in the expandable panel when no MCU series has been selected -->
            <help_text>The DMA allows data transfers to take place in the background, without the intervention of&lt;br/&gt;
                the Cortex-Mx processor. During this operation, the main processor DMA execute other tasks&lt;br/&gt;
                and it is only interrupted when a whole data block is available for processing.
            </help_text>
            <!-- Links that will be displayed on the help widgets:
            - filter: In case a selection needs to be made, use it as regexp on mcu name (STM32F042T6x)
            - display: string that will be displayed in front of the hyperlink
            - type: the type of file you want to display ("txt" "pdf", "chm", "html", "dynamic")
            dynamic stands for the document that have to be retrieved from the JSON database
            - reference: path to the document to be displayed (http or local path)
              If the file is dynamic, indicate the kind of file you want to display:
                * dataSheet => for datasheet document type
                * appNote => for application note document type
                * refMan => for reference manual document type
                * usrMan => for user Manual document type
                * prgMan => for Programming Manual document type
                * errSheet => for Errata Sheet document type
            - index: for pdf,html and chm type it specifies the chapter where the viewer will point
            for dynamic file it can specify a chapter except for application notes where it specifies
            the document display name (e.g. AN1015). This field may be left blank, then the full document
            is displayed -->
            
             <link filter="MCU:STM32L5.*" display="List of Peripheral DMA Requests" type="dynamic" reference="refMan" index="DMA request mapping">
            </link>
            <link display="Datasheet" type="dynamic" reference="dataSheet" index="Direct memory access controller (DMA)">
            </link>
            <link display="Reference manual" type="dynamic" reference="refMan" index="Direct memory access controller (DMA)">
            </link>
        </peripheral>
        <mode>
            <!-- @TODO Describe the mode TBD for CubeMX -->
        </mode>
        <config>
            <!-- @TODO configuration panel TBD for CubeMX -->
        </config>
    </serie>
     <serie ref="STM32WL">
        <peripheral>
            <!-- Title of the contextual widget -->
            <title>DMA</title>
            <!-- Generic description displayed in the first panel of the tooltip -->
            <extract>Direct Memory Access controller</extract>
            <!-- Detailed information displayed in the expandable panel when no MCU series has been selected -->
            <help_text>The DMA allows data transfers to take place in the background, without the intervention of&lt;br/&gt;
                the Cortex-Mx processor. During this operation, the main processor DMA execute other tasks&lt;br/&gt;
                and it is only interrupted when a whole data block is available for processing.
            </help_text>
            <!-- Links that will be displayed on the help widgets:
            - filter: In case a selection needs to be made, use it as regexp on mcu name (STM32F042T6x)
            - display: string that will be displayed in front of the hyperlink
            - type: the type of file you want to display ("txt" "pdf", "chm", "html", "dynamic")
            dynamic stands for the document that have to be retrieved from the JSON database
            - reference: path to the document to be displayed (http or local path)
              If the file is dynamic, indicate the kind of file you want to display:
                * dataSheet => for datasheet document type
                * appNote => for application note document type
                * refMan => for reference manual document type
                * usrMan => for user Manual document type
                * prgMan => for Programming Manual document type
                * errSheet => for Errata Sheet document type
            - index: for pdf,html and chm type it specifies the chapter where the viewer will point
            for dynamic file it can specify a chapter except for application notes where it specifies
            the document display name (e.g. AN1015). This field may be left blank, then the full document
            is displayed -->
               <link filter="MCU:STM32WL.*" display="List of Peripheral DMA Requests" type="dynamic" reference="refMan" index="DMAMUX1 mapping">
            </link>
            <link display="Datasheet" type="dynamic" reference="dataSheet" index="Direct memory access controller (DMA)">
            </link>
            <link display="Reference manual" type="dynamic" reference="refMan" index="Direct memory access controller (DMA)">
            </link>
        </peripheral>
        <mode>
            <!-- @TODO Describe the mode TBD for CubeMX -->
        </mode>
        <config>
            <!-- @TODO configuration panel TBD for CubeMX -->
        </config>
    </serie>
    <serie ref="STM32MP1">
        <peripheral>
            <!-- Title of the contextual widget -->
            <title>DMA</title>
            <!-- Generic description displayed in the first panel of the tooltip -->
            <extract>Direct Memory Access controller</extract>
            <!-- Detailed information displayed in the expandable panel when no MCU series has been selected -->
            <help_text>The DMA allows data transfers to take place in the background, without the intervention of&lt;br/&gt;
                the Cortex-Mx processor. During this operation, the main processor DMA execute other tasks&lt;br/&gt;
                and it is only interrupted when a whole data block is available for processing.
            </help_text>
            <!-- Links that will be displayed on the help widgets:
            - filter: In case a selection needs to be made, use it as regexp on mcu name (STM32F042T6x)
            - display: string that will be displayed in front of the hyperlink
            - type: the type of file you want to display ("txt" "pdf", "chm", "html", "dynamic")
            dynamic stands for the document that have to be retrieved from the JSON database
            - reference: path to the document to be displayed (http or local path)
              If the file is dynamic, indicate the kind of file you want to display:
                * dataSheet => for datasheet document type
                * appNote => for application note document type
                * refMan => for reference manual document type
                * usrMan => for user Manual document type
                * prgMan => for Programming Manual document type
                * errSheet => for Errata Sheet document type
            - index: for pdf,html and chm type it specifies the chapter where the viewer will point
            for dynamic file it can specify a chapter except for application notes where it specifies
            the document display name (e.g. AN1015). This field may be left blank, then the full document
            is displayed -->
            <link filter="MCU:STM32MP15.*" display="List of Peripheral DMA Requests" type="dynamic" reference="refMan" index="DMAMUX mapping">
            </link>
            <link display="Datasheet" type="dynamic" reference="dataSheet" index="DMA controllers">
            </link>
            <link display="Reference manual" type="dynamic" reference="refMan" index="Direct memory access controller (DMA)">
            </link>
        </peripheral>
        <mode>
            <!-- @TODO Describe the mode TBD for CubeMX -->
        </mode>
        <config>
            <!-- @TODO configuration panel TBD for CubeMX -->
        </config>
    </serie>
    <serie ref="STM32WB">
        <peripheral>
            <!-- Title of the contextual widget -->
            <title>DMA</title>
            <!-- Generic description displayed in the first panel of the tooltip -->
            <extract>Direct Memory Access controller</extract>
            <!-- Detailed information displayed in the expandable panel when no MCU series has been selected -->
            <help_text>The DMA allows data transfers to take place in the background, without the intervention of&lt;br/&gt;
                the Cortex-Mx processor. During this operation, the main processor DMA execute other tasks&lt;br/&gt;
                and it is only interrupted when a whole data block is available for processing.
            </help_text>
            <!-- Links that will be displayed on the help widgets:
            - filter: In case a selection needs to be made, use it as regexp on mcu name (STM32F042T6x)
            - display: string that will be displayed in front of the hyperlink
            - type: the type of file you want to display ("txt" "pdf", "chm", "html", "dynamic")
            dynamic stands for the document that have to be retrieved from the JSON database
            - reference: path to the document to be displayed (http or local path)
              If the file is dynamic, indicate the kind of file you want to display:
                * dataSheet => for datasheet document type
                * appNote => for application note document type
                * refMan => for reference manual document type
                * usrMan => for user Manual document type
                * prgMan => for Programming Manual document type
                * errSheet => for Errata Sheet document type
            - index: for pdf,html and chm type it specifies the chapter where the viewer will point
            for dynamic file it can specify a chapter except for application notes where it specifies
            the document display name (e.g. AN1015). This field may be left blank, then the full document
            is displayed -->
              <link filter="MCU:STM32WB.*" display="List of Peripheral DMA Requests" type="dynamic" reference="refMan" index="DMAMUX mapping">
            </link>
            <link display="Datasheet" type="dynamic" reference="dataSheet" index="Direct memory access controller (DMA)">
            </link>
            <link display="Reference manual" type="dynamic" reference="refMan" index="Direct memory access controller (DMA)">
            </link>
        </peripheral>
        <mode>
            <!-- @TODO Describe the mode TBD for CubeMX -->
        </mode>
        <config>
            <!-- @TODO configuration panel TBD for CubeMX -->
        </config>
    </serie>
</ctx_pinout_help>
