<?xml version="1.0" encoding="UTF-8"?>
<!--

 File Name          : FATFS.xml
 Description        : Contextual documentation of the FATFS
                      for all MCU series

 COPYRIGHT(c) 2016 STMicroelectronics

====================================================================
| version 0.1  |  A.Morin          | Creation                      |
====================================================================

Contextual help database for FATFS MW, it contains:
    - peripheral generic information under <peripheral> node
    - information about peripheral mode under <mode> node
    - details about the peripheral configuration under <config> node

-->
<ctx_pinout_help xsi:noNamespaceSchemaLocation="../../../../../../../doc/V4/Development/Specifications/contextualDocumentation/pinout.xsd" xmlns:xsi="http://www.w3.org/2001/XMLSchema-instance">
    <!-- serie "ref" is the MCU series you want to document e.g. STM32F0, STM32F1... -->
    <serie ref="Default">
        <peripheral>
            <!-- Title of the contextual widget -->
            <title>FATFS</title>
            <!-- Generic description displayed in the first panel of the tooltip -->
            <extract>FAT File System firmware</extract>
            <!-- Detailed information displayed in the expandable panel when no MCU series has been selected -->
            <help_text>FatFs is a generic FAT file system module for small embedded systems. The FatFs is&lt;br/&gt;
                written in compliance with ANSI C and completely separated from the disk I/O layer.&lt;br/&gt;
                Therefore it is independent of hardware architecture.&lt;br/&gt;&lt;br/&gt;
                &lt;b&gt;Features:&lt;/b&gt;&lt;br/&gt;
                • DOS/Windows compatible FAT/exFAT filesystem.&lt;br/&gt;
                • Platform independent. Easy to port.&lt;br/&gt;
                • Very small footprint for program code and work area.&lt;br/&gt;
                • Various configuration options (defined in the ffconf.h file)
            </help_text>
            <!-- Links that will be displayed on the help widgets:
            - filter: In case a selection needs to be made, use it as regexp on mcu name (STM32F042T6x)
            - display: string that will be displayed in front of the hyperlink
            - type: the type of file you want to display ("txt" "pdf", "chm", "html", "dynamic")
            dynamic stands for the document that have to be retrieved from the JSON database
            - reference: path to the document to be displayed (http or local path)
              If the file is dynamic, indicate the kind of file you want to display:
                * dataSheet => for datasheet document type
                * appNote => for application note document type
                * refMan => for reference manual document type
                * usrMan => for user Manual document type
                * prgMan => for Programming Manual document type
                * errSheet => for Errata Sheet document type
            - index: for pdf,html and chm type it specifies the chapter where the viewer will point
            for dynamic file it can specify a chapter except for application notes where it specifies
            the document display name (e.g. AN1015). This field may be left blank, then the full document
            is displayed -->
            <link display="UM 1721 - Developing Applications on STM32Cube with FatFs"
                  type="pdf"
                  reference="https://www.st.com/resource/en/user_manual/dm00105259.pdf"
                  index="">
            </link>
        </peripheral>
        <mode>
            <!-- @TODO Describe the mode TBD for CubeMX -->
        </mode>
        <config>
            <!-- @TODO configuration panel TBD for CubeMX -->
        </config>
    </serie>
</ctx_pinout_help>
