<?xml version="1.0" encoding="UTF-8"?>
<!--

 File Name          : FREERTOS_M.xml
 Description        : Contextual documentation of the FreeRTOS
                      for H7 series M core (seems the contextual doc prefers to open this one)

 COPYRIGHT(c) 2016 STMicroelectronics

====================================================================
| version 0.1  |  A.Morin          | Creation                      |
====================================================================

Contextual help database for FREERTOS MW, it contains:
    - peripheral generic information under <peripheral> node
    - information about peripheral mode under <mode> node
    - details about the peripheral configuration under <config> node

-->
<ctx_pinout_help xsi:noNamespaceSchemaLocation="../../../../../../../doc/V4/Development/Specifications/contextualDocumentation/pinout.xsd" xmlns:xsi="http://www.w3.org/2001/XMLSchema-instance">
    <!-- serie "ref" is the MCU series you want to document e.g. STM32F0, STM32F1... -->
    <serie ref="Default">
        <peripheral>
            <!-- Title of the contextual widget -->
            <title>FREERTOS</title>
            <!-- Generic description displayed in the first panel of the tooltip -->
            <extract>FREE Real Time OS</extract>
            <!-- Detailed information displayed in the expandable panel when no MCU series has been selected -->
            <help_text>FreeRTOS™ is a market leading RTOS from Amazon Web Services that supports more than 35 architectures.&lt;br/&gt;
                       It is professionally developed, strictly quality controlled, robust, supported, and free to embed in &lt;br/&gt;
                       commercial products without any requirement to expose your proprietary source code.&lt;br/&gt;
                       FreeRTOS has become the de facto standard RTOS for microcontrollers by removing common objections&lt;br/&gt;
                       to using free software, and in so doing, providing a truly compelling free software model.
            </help_text>
            <!-- Links that will be displayed on the help widgets:
            - filter: In case a selection needs to be made, use it as regexp on mcu name (STM32F042T6x)
            - display: string that will be displayed in front of the hyperlink
            - type: the type of file you want to display ("txt" "pdf", "chm", "html", "dynamic")
            dynamic stands for the document that have to be retrieved from the JSON database
            - reference: path to the document to be displayed (http or local path)
              If the file is dynamic, indicate the kind of file you want to display:
                * dataSheet => for datasheet document type
                * appNote => for application note document type
                * refMan => for reference manual document type
                * usrMan => for user Manual document type
                * prgMan => for Programming Manual document type
                * errSheet => for Errata Sheet document type
            - index: for pdf,html and chm type it specifies the chapter where the viewer will point
            for dynamic file it can specify a chapter except for application notes where it specifies
            the document display name (e.g. AN1015). This field may be left blank, then the full document
            is displayed -->
            <link display="UM 1722 - Developing Applications on STM32Cube with RTOS"
                  type="pdf"
                  reference="https://www.st.com/resource/en/user_manual/dm00105262.pdf"
                  index="">
            </link>
            <link display="FreeRTOS website" type="html" reference="https://www.freertos.org/" index="">
            </link>
        </peripheral>
        <mode>
            <!-- @TODO Describe the mode TBD for CubeMX -->
        </mode>
        <config>
            <!-- @TODO configuration panel TBD for CubeMX -->
        </config>
    </serie>
</ctx_pinout_help>
