<?xml version="1.0" encoding="UTF-8"?>
<!--

 File Name          : LoRaWAN.xml
 Description        : Contextual documentation for MiddleWares
                      for all MCU series

 COPYRIGHT(c) 2020 STMicroelectronics

====================================================================
| version 0.1  |  D.Vallin          | Creation                      |
====================================================================
-->
<ctx_pinout_help xsi:noNamespaceSchemaLocation="../../../../../../../doc/V4/Development/Specifications/contextualDocumentation/pinout.xsd" xmlns:xsi="http://www.w3.org/2001/XMLSchema-instance">
    <!-- serie "ref" is the MCU series you want to document e.g. STM32F0, STM32F1... -->
    <serie ref="Default">
        <peripheral>
            <!-- Title of the contextual widget -->
            <title>LoRaWAN</title>
            <!-- Generic description displayed in the first panel of the tooltip -->
            <extract>Long Range Wide Area Network</extract>
            <!-- Detailed information displayed in the expandable panel when no MCU series has been selected -->
            <help_text>LoRaWAN® is a global LPWAN specification created and maintained by the LoRa Alliance® to drive a single standard for seamless interoperability&lt;br/&gt;
			across IoT markets. LoRaWAN is a medium access control (MAC) layer protocol but acts mainly as a network layer protocol for &lt;br/&gt;
			managing communications between LoRaWAN gateways and end-node devices.</help_text>
            <!-- Links that will be displayed on the help widgets:
            - filter: In case a selection needs to be made, use it as regexp on mcu name (STM32F042T6x)
            - display: string that will be displayed in front of the hyperlink
            - type: the type of file you want to display ("txt" "pdf", "chm", "html", "dynamic")
            dynamic stands for the document that have to be retrieved from the JSON database
            - reference: path to the document to be displayed (http or local path)
              If the file is dynamic, indicate the kind of file you want to display:
                * dataSheet => for datasheet document type
                * appNote => for application note document type
                * refMan => for reference manual document type
                * usrMan => for user Manual document type
                * prgMan => for Programming Manual document type
                * errSheet => for Errata Sheet document type
            - index: for pdf,html and chm type it specifies the chapter where the viewer will point
            for dynamic file it can specify a chapter except for application notes where it specifies
            the document display name (e.g. AN1015). This field may be left blank, then the full document
            is displayed -->
        </peripheral>
        <mode>
            <!-- @TODO Describe the mode TBD for CubeMX -->
        </mode>
        <config>
            <!-- @TODO configuration panel TBD for CubeMX -->
        </config>
    </serie>
    <serie ref="STM32WL">
        <peripheral>
            <!-- Title of the contextual widget -->
            <title>LoRaWAN</title>
            <!-- Generic description displayed in the first panel of the tooltip -->
            <extract>Long Range Wide Area Network</extract>
            <!-- Detailed information displayed in the expandable panel when no MCU series has been selected -->
            <help_text>LoRaWAN® is a global LPWAN specification created and maintained by the LoRa Alliance® to drive a single standard for seamless interoperability&lt;br/&gt;
			across IoT markets. LoRaWAN is a medium access control (MAC) layer protocol but acts mainly as a network layer protocol for &lt;br/&gt;
			managing communications between LoRaWAN gateways and end-node devices.</help_text>
            <!-- Links that will be displayed on the help widgets:
            - filter: In case a selection needs to be made, use it as regexp on mcu name (STM32F042T6x)
            - display: string that will be displayed in front of the hyperlink
            - type: the type of file you want to display ("txt" "pdf", "chm", "html", "dynamic")
            dynamic stands for the document that have to be retrieved from the JSON database
            - reference: path to the document to be displayed (http or local path)
              If the file is dynamic, indicate the kind of file you want to display:
                * dataSheet => for datasheet document type
                * appNote => for application note document type
                * refMan => for reference manual document type
                * usrMan => for user Manual document type
                * prgMan => for Programming Manual document type
                * errSheet => for Errata Sheet document type
            - index: for pdf,html and chm type it specifies the chapter where the viewer will point
            for dynamic file it can specify a chapter except for application notes where it specifies
            the document display name (e.g. AN1015). This field may be left blank, then the full document
            is displayed -->
			<link display="LoRaWAN Technology" type="html" reference="https://www.st.com/en/wireless-transceivers-mcus-and-modules/lorawan-technology.html" index=""/>
        </peripheral>
        <mode>
            <!-- @TODO Describe the mode TBD for CubeMX -->
        </mode>
        <config>
            <!-- @TODO configuration panel TBD for CubeMX -->
        </config>
    </serie>
</ctx_pinout_help>
