<?xml version="1.0" encoding="UTF-8"?>
<!--

 File Name          : LWIP.xml
 Description        : Contextual documentation of the LWIP
                      for all MCU series

 COPYRIGHT(c) 2016 STMicroelectronics

====================================================================
| version 0.1  |  A.Morin          | Creation                      |
====================================================================

Contextual help database for LWIP peripheral, it contains:
    - peripheral generic information under <peripheral> node
    - information about peripheral mode under <mode> node
    - details about the peripheral configuration under <config> node

-->
<ctx_pinout_help xsi:noNamespaceSchemaLocation="../../../../../../../doc/V4/Development/Specifications/contextualDocumentation/pinout.xsd" xmlns:xsi="http://www.w3.org/2001/XMLSchema-instance">
    <!-- serie "ref" is the MCU series you want to document e.g. STM32F0, STM32F1... -->
    <serie ref="Default">
        <peripheral>
            <!-- Title of the contextual widget -->
            <title>LWIP</title>
            <!-- Generic description displayed in the first panel of the tooltip -->
            <extract>Lightweight TCP/IP stack</extract>
            <!-- Detailed information displayed in the expandable panel when no MCU series has been selected -->
            <help_text>lwIP is a small independent implementation of the TCP/IP protocol suite.&lt;br/&gt;
                The focus of the lwIP TCP/IP implementation is to reduce resource usage while still having a full scale TCP. This makes&lt;br/&gt;
                lwIP suitable for use in embedded systems with tens of kilobytes of free RAM and room for around 40 kilobytes of code ROM.&lt;br/&gt;
                &lt;b&gt;Features:&lt;/b&gt;&lt;br/&gt;
                • Protocols: IP, IPv6, ICMP, ND, MLD, UDP, TCP, IGMP, ARP, PPPoS, PPPoE&lt;br/&gt;
                • DHCP client, DNS client (incl. mDNS hostname resolver), AutoIP/APIPA (Zeroconf), SNMP agent (v1, v2c, v3, private MIB&lt;br/&gt;
                  support and MIB compiler)&lt;br/&gt;
                • APIs: specialized APIs for enhanced performance, optional Berkeley-alike socket API&lt;br/&gt;
                • Extended features: IP forwarding over multiple network interfaces, TCP congestion control, RTT estimation and fast&lt;br/&gt;
                  recovery/fast retransmit&lt;br/&gt;
                • Addon applications: HTTP(S) server, SNTP client, SMTP(S) client, ping, NetBIOS nameserver, mDNS responder, MQTT client,&lt;br/&gt;
                  TFTP server&lt;br/&gt;
                &lt;b&gt;Supported Versions:&lt;/b&gt;&lt;br/&gt;
                • LwIP 2.1.2: Supported by F4/F7&lt;br/&gt;
                • LwIP 2.0.3: Supported by F1/F2/H7 series&lt;br/&gt;
            </help_text>
            <!-- Links that will be displayed on the help widgets:
            - filter: In case a selection needs to be made, use it as regexp on mcu name (STM32F042T6x)
            - display: string that will be displayed in front of the hyperlink
            - type: the type of file you want to display ("txt" "pdf", "chm", "html", "dynamic")
            dynamic stands for the document that have to be retrieved from the JSON database
            - reference: path to the document to be displayed (http or local path)
              If the file is dynamic, indicate the kind of file you want to display:
                * dataSheet => for datasheet document type
                * appNote => for application note document type
                * refMan => for reference manual document type
                * usrMan => for user Manual document type
                * prgMan => for Programming Manual document type
                * errSheet => for Errata Sheet document type
            - index: for pdf,html and chm type it specifies the chapter where the viewer will point
            for dynamic file it can specify a chapter except for application notes where it specifies
            the document display name (e.g. AN1015). This field may be left blank, then the full document
            is displayed -->
            <link display="UM 1713 - Developing Applications on STM32Cube with LwIP TCP/IP stack"
                  type="pdf"
                  reference="https://www.st.com/resource/en/user_manual/dm00103685.pdf"
                  index="">
            </link>
            <link display="LwIP website" type="html" reference="https://savannah.nongnu.org/projects/lwip/" index="">
            </link>
        </peripheral>
        <mode>
            <!-- @TODO Describe the mode TBD for CubeMX -->
        </mode>
        <config>
            <!-- @TODO configuration panel TBD for CubeMX -->
        </config>
    </serie>
</ctx_pinout_help>
