<?xml version="1.0" encoding="UTF-8"?>
<!--

 File Name          : NVIC.xml
 Description        : Contextual documentation of the NVIC
                      for all MCU series

 COPYRIGHT(c) 2016 STMicroelectronics

====================================================================
| version 0.1  |  F.Gohier         | Creation                      |
====================================================================

Contextual help database for NVIC peripheral, it contains:
    - peripheral generic information under <peripheral> node
    - information about peripheral mode under <mode> node
    - details about the peripheral configuration under <config> node

-->
<ctx_pinout_help xsi:noNamespaceSchemaLocation="../../../../../../../doc/V4/Development/Specifications/contextualDocumentation/pinout.xsd" xmlns:xsi="http://www.w3.org/2001/XMLSchema-instance">
    <!-- serie "ref" is the MCU series you want to document e.g. STM32F0, STM32F1... -->
    <serie ref="Default">
        <peripheral>
            <!-- Title of the contextual widget -->
            <title>NVIC</title>
            <!-- Generic description displayed in the first panel of the tooltip -->
            <extract>Nested Vectored Interrupt Controller</extract>
            <!-- Detailed information displayed in the expandable panel when no MCU series has been selected -->
            <help_text>The nested vector interrupt controller NVIC includes the following features:&lt;br/&gt;
• 52 maskable interrupt channels (not including the 16 interrupt lines of Cortex®-M4 with FPU)&lt;br/&gt;
• 16 programmable priority levels (4 bits of interrupt priority are used)&lt;br/&gt;
• low-latency exception and interrupt handling&lt;br/&gt;
• power management control&lt;br/&gt;
• implementation of system control registers&lt;br/&gt;
The NVIC and the processor core interface are closely coupled, which enables low latency&lt;br/&gt;
interrupt processing and efficient processing of late arriving interrupts.&lt;br/&gt;
All interrupts including the core exceptions are managed by the NVIC. For more information&lt;br/&gt;
on exceptions and NVIC programming, refer to programming manual PM0214.&lt;br/&gt;
            </help_text>
            <!-- Links that will be displayed on the help widgets:
            - filter: In case a selection needs to be made, use it as regexp on mcu name (STM32F042T6x)
            - display: string that will be displayed in front of the hyperlink
            - type: the type of file you want to display ("txt" "pdf", "chm", "html", "dynamic")
            dynamic stands for the document that have to be retrieved from the JSON database
            - reference: path to the document to be displayed (http or local path)
              If the file is dynamic, indicate the kind of file you want to display:
                * dataSheet => for datasheet document type
                * appNote => for application note document type
                * refMan => for reference manual document type
                * usrMan => for user Manual document type
                * prgMan => for Programming Manual document type
                * errSheet => for Errata Sheet document type
            - index: for pdf,html and chm type it specifies the chapter where the viewer will point
            for dynamic file it can specify a chapter except for application notes where it specifies
            the document display name (e.g. AN1015). This field may be left blank, then the full document
            is displayed -->
        </peripheral>
        <mode>
            <!-- @TODO Describe the mode TBD for CubeMX -->
        </mode>
        <config>
            <!-- @TODO configuration panel TBD for CubeMX -->
        </config>
    </serie>
    <serie ref="STM32L5">
        <peripheral>
            <!-- Title of the contextual widget -->
            <title>NVIC</title>
            <!-- Generic description displayed in the first panel of the tooltip -->
            <extract>Nested Vectored Interrupt Controller</extract>
            <!-- Detailed information displayed in the expandable panel when no MCU series has been selected -->
            <help_text>The nested vector interrupt controller NVIC includes the following features:&lt;br/&gt;
• 109 maskable interrupt channels (not including the 16 Cortex®-M33 with FPU interrupt lines)&lt;br/&gt;
• 16 programmable priority levels (4 bits of interrupt priority are used)&lt;br/&gt;
• low-latency exception and interrupt handling&lt;br/&gt;
• power management control&lt;br/&gt;
• implementation of system control registers&lt;br/&gt;
The NVIC and the processor core interface are closely coupled, which enables low latency&lt;br/&gt;
interrupt processing and efficient processing of late arriving interrupts.&lt;br/&gt;
The NVIC registers are banked across secure and non-secure states.&lt;br/&gt;
All interrupts including the core exceptions are managed by the NVIC. For more information&lt;br/&gt;
on exceptions and NVIC programming, refer to programming manual PM0214.&lt;br/&gt;
            </help_text>
            <!-- Links that will be displayed on the help widgets:
            - filter: In case a selection needs to be made, use it as regexp on mcu name (STM32F042T6x)
            - display: string that will be displayed in front of the hyperlink
            - type: the type of file you want to display ("txt" "pdf", "chm", "html", "dynamic")
            dynamic stands for the document that have to be retrieved from the JSON database
            - reference: path to the document to be displayed (http or local path)
              If the file is dynamic, indicate the kind of file you want to display:
                * dataSheet => for datasheet document type
                * appNote => for application note document type
                * refMan => for reference manual document type
                * usrMan => for user Manual document type
                * prgMan => for Programming Manual document type
                * errSheet => for Errata Sheet document type
            - index: for pdf,html and chm type it specifies the chapter where the viewer will point
            for dynamic file it can specify a chapter except for application notes where it specifies
            the document display name (e.g. AN1015). This field may be left blank, then the full document
            is displayed -->
            <link display="Datasheet" type="dynamic" reference="dataSheet" index="Nested vectored interrupt controller (NVIC)">
            </link>
            <link display="Reference manual" type="dynamic" reference="refMan" index="Nested vectored interrupt controller (NVIC)">
            </link>
        </peripheral>
        <mode>
            <!-- @TODO Describe the mode TBD for CubeMX -->
        </mode>
        <config>
            <!-- @TODO configuration panel TBD for CubeMX -->
        </config>
    </serie>
    <serie ref="STM32U5">
        <peripheral>
            <!-- Title of the contextual widget -->
            <title>NVIC</title>
            <!-- Generic description displayed in the first panel of the tooltip -->
            <extract>Nested Vectored Interrupt Controller</extract>
            <!-- Detailed information displayed in the expandable panel when no MCU series has been selected -->
            <help_text>The nested vector interrupt controller NVIC includes the following features:&lt;br/&gt;
• 125 maskable interrupt channels (not including the 16 Cortex®-M33 with FPU interrupt lines)&lt;br/&gt;
• 16 programmable priority levels (4 bits of interrupt priority are used)&lt;br/&gt;
• low-latency exception and interrupt handling&lt;br/&gt;
• power management control&lt;br/&gt;
• implementation of system control registers&lt;br/&gt;
The NVIC and the processor core interface are closely coupled, which enables low latency&lt;br/&gt;
interrupt processing and efficient processing of late arriving interrupts.&lt;br/&gt;
The NVIC registers are banked across secure and non-secure states.&lt;br/&gt;
All interrupts including the core exceptions are managed by the NVIC. For more information&lt;br/&gt;
on exceptions and NVIC programming, refer to programming manual PM0214.&lt;br/&gt;
            </help_text>
            <!-- Links that will be displayed on the help widgets:
            - filter: In case a selection needs to be made, use it as regexp on mcu name (STM32F042T6x)
            - display: string that will be displayed in front of the hyperlink
            - type: the type of file you want to display ("txt" "pdf", "chm", "html", "dynamic")
            dynamic stands for the document that have to be retrieved from the JSON database
            - reference: path to the document to be displayed (http or local path)
              If the file is dynamic, indicate the kind of file you want to display:
                * dataSheet => for datasheet document type
                * appNote => for application note document type
                * refMan => for reference manual document type
                * usrMan => for user Manual document type
                * prgMan => for Programming Manual document type
                * errSheet => for Errata Sheet document type
            - index: for pdf,html and chm type it specifies the chapter where the viewer will point
            for dynamic file it can specify a chapter except for application notes where it specifies
            the document display name (e.g. AN1015). This field may be left blank, then the full document
            is displayed -->
            <link display="Datasheet" type="dynamic" reference="dataSheet" index="Nested vectored interrupt controller (NVIC)">
            </link>
            <link display="Reference manual" type="dynamic" reference="refMan" index="Nested vectored interrupt controller (NVIC)">
            </link>
        </peripheral>
        <mode>
            <!-- @TODO Describe the mode TBD for CubeMX -->
        </mode>
        <config>
            <!-- @TODO configuration panel TBD for CubeMX -->
        </config>
    </serie>
</ctx_pinout_help>
