<?xml version="1.0" encoding="UTF-8"?>
<!--

 File Name          : OCTOSPI.xml
 Description        : Contextual documentation of the OCTOSPI
                      for all MCU series

 COPYRIGHT(c) 2016 STMicroelectronics

====================================================================
| version 0.1  |  A.Morin          | Creation                      |
====================================================================

Contextual help database for OCTOSPI peripheral, it contains:
    - peripheral generic information under <peripheral> node
    - information about peripheral mode under <mode> node
    - details about the peripheral configuration under <config> node

-->
<ctx_pinout_help xsi:noNamespaceSchemaLocation="../../../../../../../doc/V4/Development/Specifications/contextualDocumentation/pinout.xsd" xmlns:xsi="http://www.w3.org/2001/XMLSchema-instance">
    <!-- serie "ref" is the MCU series you want to document e.g. STM32F0, STM32F1... -->
    <serie ref="Default">
        <peripheral>
            <!-- Title of the contextual widget -->
            <title>OCTOSPI</title>
            <!-- Generic description displayed in the first panel of the tooltip -->
            <extract>Octo-SPI interface
            </extract>
            <!-- Detailed information displayed in the expandable panel when no MCU series has been selected -->
            <help_text>The OCTOSPI is a specialized communication interface targetting single, dual, quad or octal SPI memories.&lt;br/&gt;
                It can operate in any of the three following modes:&lt;br/&gt;
                &lt;p style="text-indent:20px;"&gt; • Indirect mode: all the operations are performed using the OCTOSPI registers&lt;/p&gt;
                &lt;p style="text-indent:20px;"&gt; • Status-polling mode: the external memory status register is periodically read and an&lt;/p&gt;
                &lt;p style="text-indent:40px;"&gt;     interrupt can be generated in case of flag setting&lt;/p&gt;
                &lt;p style="text-indent:20px;"&gt; • Memory-mapped mode: the external memory is memory mapped and it is seen by the&lt;/p&gt;
                &lt;p style="text-indent:40px;"&gt;     system as if it was an internal memory supporting both read and write operations.&lt;/p&gt;&lt;br/&gt;
                The OCTOSPI supports two frame formats:&lt;/p&gt;
                &lt;p style="text-indent:20px;"&gt; • The classical frame format with the command, address, alternate byte, dummy cycles&lt;/p&gt;
                &lt;p style="text-indent:40px;"&gt;     and data phase&lt;/p&gt;
                &lt;p style="text-indent:20px;"&gt; • The HyperBus™ frame format&lt;/p&gt;
            </help_text>
            <!-- Links that will be displayed on the help widgets:
            - filter: In case a selection needs to be made, use it as regexp on mcu name (STM32F042T6x)
            - display: string that will be displayed in front of the hyperlink
            - type: the type of file you want to display ("txt" "pdf", "chm", "html", "dynamic")
            dynamic stands for the document that have to be retrieved from the JSON database
            - reference: path to the document to be displayed (http or local path)
              If the file is dynamic, indicate the kind of file you want to display:
                * dataSheet => for datasheet document type
                * appNote => for application note document type
                * refMan => for reference manual document type
                * usrMan => for user Manual document type
                * prgMan => for Programming Manual document type
                * errSheet => for Errata Sheet document type
            - index: for pdf,html and chm type it specifies the chapter where the viewer will point
            for dynamic file it can specify a chapter except for application notes where it specifies
            the document display name (e.g. AN1015). This field may be left blank, then the full document
            is displayed -->
        </peripheral>
        <mode>
            <!-- @TODO Describe the mode TBD for CubeMX -->
        </mode>
        <config>
            <!-- @TODO configuration panel TBD for CubeMX -->
        </config>
    </serie>
    <serie ref="STM32L4">
        <peripheral>
            <!-- Title of the contextual widget -->
            <title>OCTOSPI</title>
            <!-- Generic description displayed in the first panel of the tooltip -->
            <extract>Octo-SPI interface
            </extract>
            <!-- Detailed information displayed in the expandable panel when no MCU series has been selected -->
            <help_text>The OCTOSPI is a specialized communication interface targetting single, dual, quad or octal SPI memories.&lt;br/&gt;
                It can operate in any of the three following modes:&lt;br/&gt;
                &lt;p style="text-indent:20px;"&gt; • Indirect mode: all the operations are performed using the OCTOSPI registers&lt;/p&gt;
                &lt;p style="text-indent:20px;"&gt; • Status-polling mode: the external memory status register is periodically read and an&lt;/p&gt;
                &lt;p style="text-indent:40px;"&gt;     interrupt can be generated in case of flag setting&lt;/p&gt;
                &lt;p style="text-indent:20px;"&gt; • Memory-mapped mode: the external memory is memory mapped and it is seen by the&lt;/p&gt;
                &lt;p style="text-indent:40px;"&gt;     system as if it was an internal memory supporting both read and write operations.&lt;/p&gt;&lt;br/&gt;
                The OCTOSPI supports two frame formats:&lt;/p&gt;
                &lt;p style="text-indent:20px;"&gt; • The classical frame format with the command, address, alternate byte, dummy cycles&lt;/p&gt;
                &lt;p style="text-indent:40px;"&gt;     and data phase&lt;/p&gt;
                &lt;p style="text-indent:20px;"&gt; • The HyperBus™ frame format&lt;/p&gt;
            </help_text>
            <!-- Links that will be displayed on the help widgets:
            - filter: In case a selection needs to be made, use it as regexp on mcu name (STM32F042T6x)
            - display: string that will be displayed in front of the hyperlink
            - type: the type of file you want to display ("txt" "pdf", "chm", "html", "dynamic")
            dynamic stands for the document that have to be retrieved from the JSON database
            - reference: path to the document to be displayed (http or local path)
              If the file is dynamic, indicate the kind of file you want to display:
                * dataSheet => for datasheet document type
                * appNote => for application note document type
                * refMan => for reference manual document type
                * usrMan => for user Manual document type
                * prgMan => for Programming Manual document type
                * errSheet => for Errata Sheet document type
            - index: for pdf,html and chm type it specifies the chapter where the viewer will point
            for dynamic file it can specify a chapter except for application notes where it specifies
            the document display name (e.g. AN1015). This field may be left blank, then the full document
            is displayed -->
            <link display="Datasheet - Interface" type="dynamic" reference="dataSheet" index="OctoSPI interface (OctoSPI)">
            </link>
            <link display="Datasheet - IO Manager" type="dynamic" reference="dataSheet" index="OctoSPI IO manager (OctoSPIIOM)">
            </link>
            <link display="Reference manual - Interface" type="dynamic" reference="refMan" index="Octo-SPI interface (OCTOSPI)">
            </link>
            <link display="Reference manual - IO Manager" type="dynamic" reference="refMan" index="OctoSPI IO Manager (OCTOSPIM)">
            </link>
        </peripheral>
        <mode>
            <!-- @TODO Describe the mode TBD for CubeMX -->
        </mode>
        <config>
            <!-- @TODO configuration panel TBD for CubeMX -->
        </config>
    </serie>
    <serie ref="STM32L5">
        <peripheral>
            <!-- Title of the contextual widget -->
            <title>OCTOSPI</title>
            <!-- Generic description displayed in the first panel of the tooltip -->
            <extract>Octo-SPI interface
            </extract>
            <!-- Detailed information displayed in the expandable panel when no MCU series has been selected -->
            <help_text>The OCTOSPI is a specialized communication interface targetting single, dual, quad or octal SPI memories.&lt;br/&gt;
                It can operate in any of the three following modes:&lt;br/&gt;
                &lt;p style="text-indent:20px;"&gt; • Indirect mode: all the operations are performed using the OCTOSPI registers&lt;/p&gt;
                &lt;p style="text-indent:20px;"&gt; • Status-polling mode: the external memory status register is periodically read and an&lt;/p&gt;
                &lt;p style="text-indent:40px;"&gt;     interrupt can be generated in case of flag setting&lt;/p&gt;
                &lt;p style="text-indent:20px;"&gt; • Memory-mapped mode: the external memory is memory mapped and it is seen by the&lt;/p&gt;
                &lt;p style="text-indent:40px;"&gt;     system as if it was an internal memory supporting both read and write operations.&lt;/p&gt;&lt;br/&gt;
                The OCTOSPI supports two frame formats:&lt;/p&gt;
                &lt;p style="text-indent:20px;"&gt; • The classical frame format with the command, address, alternate byte, dummy cycles&lt;/p&gt;
                &lt;p style="text-indent:40px;"&gt;     and data phase&lt;/p&gt;
                &lt;p style="text-indent:20px;"&gt; • The HyperBus™ frame format&lt;/p&gt;
            </help_text>
            <!-- Links that will be displayed on the help widgets:
            - filter: In case a selection needs to be made, use it as regexp on mcu name (STM32F042T6x)
            - display: string that will be displayed in front of the hyperlink
            - type: the type of file you want to display ("txt" "pdf", "chm", "html", "dynamic")
            dynamic stands for the document that have to be retrieved from the JSON database
            - reference: path to the document to be displayed (http or local path)
              If the file is dynamic, indicate the kind of file you want to display:
                * dataSheet => for datasheet document type
                * appNote => for application note document type
                * refMan => for reference manual document type
                * usrMan => for user Manual document type
                * prgMan => for Programming Manual document type
                * errSheet => for Errata Sheet document type
            - index: for pdf,html and chm type it specifies the chapter where the viewer will point
            for dynamic file it can specify a chapter except for application notes where it specifies
            the document display name (e.g. AN1015). This field may be left blank, then the full document
            is displayed -->
            <link display="Datasheet" type="dynamic" reference="dataSheet" index="Octo-SPI interface (OCTOSPI)">
            </link>
            <link display="Reference manual" type="dynamic" reference="refMan" index="Octo-SPI interface (OCTOSPI)">
            </link>
        </peripheral>
        <mode>
            <!-- @TODO Describe the mode TBD for CubeMX -->
        </mode>
        <config>
            <!-- @TODO configuration panel TBD for CubeMX -->
        </config>
    </serie>
    <serie ref="STM32U5">
        <peripheral>
            <!-- Title of the contextual widget -->
            <title>OCTOSPI</title>
            <!-- Generic description displayed in the first panel of the tooltip -->
            <extract>Octo-SPI interface
            </extract>
            <!-- Detailed information displayed in the expandable panel when no MCU series has been selected -->
            <help_text>The OCTOSPI is a specialized communication interface targetting single, dual, quad or octal SPI memories.&lt;br/&gt;
                It can operate in any of the three following modes:&lt;br/&gt;
                &lt;p style="text-indent:20px;"&gt; • Indirect mode: all the operations are performed using the OCTOSPI registers&lt;/p&gt;
                &lt;p style="text-indent:20px;"&gt; • Status-polling mode: the external memory status register is periodically read and an&lt;/p&gt;
                &lt;p style="text-indent:40px;"&gt;     interrupt can be generated in case of flag setting&lt;/p&gt;
                &lt;p style="text-indent:20px;"&gt; • Memory-mapped mode: the external memory is memory mapped and it is seen by the&lt;/p&gt;
                &lt;p style="text-indent:40px;"&gt;     system as if it was an internal memory supporting both read and write operations.&lt;/p&gt;&lt;br/&gt;
                The OCTOSPI supports two frame formats:&lt;/p&gt;
                &lt;p style="text-indent:20px;"&gt; • The classical frame format with the command, address, alternate byte, dummy cycles&lt;/p&gt;
                &lt;p style="text-indent:40px;"&gt;     and data phase&lt;/p&gt;
                &lt;p style="text-indent:20px;"&gt; • The HyperBus™ frame format&lt;/p&gt;
            </help_text>
            <!-- Links that will be displayed on the help widgets:
            - filter: In case a selection needs to be made, use it as regexp on mcu name (STM32F042T6x)
            - display: string that will be displayed in front of the hyperlink
            - type: the type of file you want to display ("txt" "pdf", "chm", "html", "dynamic")
            dynamic stands for the document that have to be retrieved from the JSON database
            - reference: path to the document to be displayed (http or local path)
              If the file is dynamic, indicate the kind of file you want to display:
                * dataSheet => for datasheet document type
                * appNote => for application note document type
                * refMan => for reference manual document type
                * usrMan => for user Manual document type
                * prgMan => for Programming Manual document type
                * errSheet => for Errata Sheet document type
            - index: for pdf,html and chm type it specifies the chapter where the viewer will point
            for dynamic file it can specify a chapter except for application notes where it specifies
            the document display name (e.g. AN1015). This field may be left blank, then the full document
            is displayed -->
            <link display="Datasheet" type="dynamic" reference="dataSheet" index="Octo-SPI interface (OCTOSPI)">
            </link>
            <link display="Reference manual" type="dynamic" reference="refMan" index="Octo-SPI interface (OCTOSPI)">
            </link>
        </peripheral>
        <mode>
            <!-- @TODO Describe the mode TBD for CubeMX -->
        </mode>
        <config>
            <!-- @TODO configuration panel TBD for CubeMX -->
        </config>
    </serie>

</ctx_pinout_help>
