<?xml version="1.0" encoding="UTF-8"?>
<!--

 File Name          : OTFDEC.xml
 Description        : Contextual documentation of the OTFDEC
                      for all MCU series

 COPYRIGHT(c) 2019 STMicroelectronics

 
====================================================================
| version 0.1  |  D.Vallin          | Creation                      |
====================================================================

Contextual help database for OTFDEC peripheral, it contains:
    - peripheral generic information under <peripheral> node
    - information about peripheral mode under <mode> node
    - details about the peripheral configuration under <config> node
-->
<ctx_pinout_help xsi:noNamespaceSchemaLocation="../../../../../../../doc/V4/Development/Specifications/contextualDocumentation/pinout.xsd" xmlns:xsi="http://www.w3.org/2001/XMLSchema-instance">
    <!-- item "ref" is the name of the object you want to document
    it can be a peripheral, a mode... -->
    <serie ref="Default">
        <peripheral>
            <!-- Title of the contextual widget -->
            <title>OTFDEC</title>
            <!-- Generic description displayed in the first panel of the tooltip -->
            <extract>On-the-fly decryption engine (OTFDEC)</extract>
            <!-- Detailed information displayed in the expandable panel when no MCU series has been selected -->
            <help_text>On-the-fly decryption engine OTFDEC allows to decrypt on-the-fly AHB traffic based on the
read request address information.&lt;br/&gt; Four independent and non-overlapping encrypted
regions can be defined in OTFDEC.
            </help_text>
            <!-- Links that will be displayed on the help widgets:
            - filter: In case a selection needs to be made, use it as regexp on mcu name (STM32F042T6x)
            - display: string that will be displayed in front of the hyperlink
            - type: the type of file you want to display ("txt" "pdf", "chm", "html", "dynamic")
            dynamic stands for the document that have to be retrieved from the JSON database
            - reference: path to the document to be displayed (http or local path)
              If the file is dynamic, indicate the kind of file you want to display:
                * dataSheet => for datasheet document type
                * appNote => for application note document type
                * refMan => for reference manual document type
                * usrMan => for user Manual document type
                * prgMan => for Programming Manual document type
                * errSheet => for Errata Sheet document type
            - index: for pdf,html and chm type it specifies the chapter where the viewer will point
            for dynamic file it can specify a chapter except for application notes where it specifies
            the document display name (e.g. AN1015). This field may be left blank, then the full document
            is displayed -->
        </peripheral>
        <mode>
            <!-- @TODO Describe the mode TBD for CubeMX -->
        </mode>
        <config>
            <!-- @TODO configuration panel TBD for CubeMX -->
        </config>
    </serie>
    <serie ref="STM32L5">
        <peripheral>
            <!-- Title of the contextual widget -->
            <title>OTFDEC</title>
            <!-- Generic description displayed in the first panel of the tooltip -->
            <extract>On-the-fly decryption engine (OTFDEC)</extract>
            <!-- Detailed information displayed in the expandable panel when no MCU series has been selected -->
            <help_text>On-the-fly decryption engine OTFDEC allows to decrypt on-the-fly AHB traffic based on the
read request address information.&lt;br/&gt; Four independent and non-overlapping encrypted
regions can be defined in OTFDEC.
            </help_text>
            <!-- Links that will be displayed on the help widgets:
            - filter: In case a selection needs to be made, use it as regexp on mcu name (STM32F042T6x)
            - display: string that will be displayed in front of the hyperlink
            - type: the type of file you want to display ("txt" "pdf", "chm", "html", "dynamic")
            dynamic stands for the document that have to be retrieved from the JSON database
            - reference: path to the document to be displayed (http or local path)
              If the file is dynamic, indicate the kind of file you want to display:
                * dataSheet => for datasheet document type
                * appNote => for application note document type
                * refMan => for reference manual document type
                * usrMan => for user Manual document type
                * prgMan => for Programming Manual document type
                * errSheet => for Errata Sheet document type
            - index: for pdf,html and chm type it specifies the chapter where the viewer will point
            for dynamic file it can specify a chapter except for application notes where it specifies
            the document display name (e.g. AN1015). This field may be left blank, then the full document
            is displayed -->
            <link display="Datasheet" type="dynamic" reference="dataSheet" index="On-the-fly decryption engine (OTFDEC) ">
            </link>
            <link display="Reference manual" type="dynamic" reference="refMan" index="On-the-fly decryption engine (OTFDEC)">
            </link>
        </peripheral>
        <mode>
            <!-- @TODO Describe the mode TBD for CubeMX -->
        </mode>
        <config>
            <!-- @TODO configuration panel TBD for CubeMX -->
        </config>
    </serie>
    <serie ref="STM32U5">
        <peripheral>
            <!-- Title of the contextual widget -->
            <title>OTFDEC</title>
            <!-- Generic description displayed in the first panel of the tooltip -->
            <extract>On-the-fly decryption engine (OTFDEC)</extract>
            <!-- Detailed information displayed in the expandable panel when no MCU series has been selected -->
            <help_text>On-the-fly decryption engine OTFDEC allows to decrypt on-the-fly AHB traffic based on the
read request address information.&lt;br/&gt; Four independent and non-overlapping encrypted
regions can be defined in OTFDEC.
            </help_text>
            <!-- Links that will be displayed on the help widgets:
            - filter: In case a selection needs to be made, use it as regexp on mcu name (STM32F042T6x)
            - display: string that will be displayed in front of the hyperlink
            - type: the type of file you want to display ("txt" "pdf", "chm", "html", "dynamic")
            dynamic stands for the document that have to be retrieved from the JSON database
            - reference: path to the document to be displayed (http or local path)
              If the file is dynamic, indicate the kind of file you want to display:
                * dataSheet => for datasheet document type
                * appNote => for application note document type
                * refMan => for reference manual document type
                * usrMan => for user Manual document type
                * prgMan => for Programming Manual document type
                * errSheet => for Errata Sheet document type
            - index: for pdf,html and chm type it specifies the chapter where the viewer will point
            for dynamic file it can specify a chapter except for application notes where it specifies
            the document display name (e.g. AN1015). This field may be left blank, then the full document
            is displayed -->
            <link display="Datasheet" type="dynamic" reference="dataSheet" index="On-the-fly decryption engine (OTFDEC) ">
            </link>
            <link display="Reference manual" type="dynamic" reference="refMan" index="On-the-fly decryption engine (OTFDEC)">
            </link>
        </peripheral>
        <mode>
            <!-- @TODO Describe the mode TBD for CubeMX -->
        </mode>
        <config>
            <!-- @TODO configuration panel TBD for CubeMX -->
        </config>
    </serie>
</ctx_pinout_help>
