<?xml version="1.0" encoding="UTF-8"?>
<!--

 File Name          : SAES.xml
 Description        : Contextual documentation of the SAES
                      for all MCU series

 COPYRIGHT(c) 2021 STMicroelectronics

====================================================================
| version 0.1  |  D.Vallin          | Creation                      |
====================================================================

Contextual help database for SAES peripheral, it contains:
    - peripheral generic information under <peripheral> node
    - information about peripheral mode under <mode> node
    - details about the peripheral configuration under <config> node
-->
<ctx_pinout_help xsi:noNamespaceSchemaLocation="../../../../../../../doc/V4/Development/Specifications/contextualDocumentation/pinout.xsd" xmlns:xsi="http://www.w3.org/2001/XMLSchema-instance">
    <!-- item "ref" is the name of the object you want to document
    it can be a peripheral, a mode... -->
    <serie ref="Default">
        <peripheral>
            <!-- Title of the contextual widget -->
            <title>SAES</title>
            <!-- Generic description displayed in the first panel of the tooltip -->
            <extract>Secure Advanced Encryption Standard hardware accelerator</extract>
            <!-- Detailed information displayed in the expandable panel when no MCU series has been selected -->
            <help_text>The secure AES coprocessor (SAES) encrypts or decrypts data, using an algorithm and &lt;br/&gt;
			implementation fully compliant with the advanced encryption standard (AES) defined in Federal &lt;br/&gt;
			information processing standards (FIPS) publication 197. It incorporates a protection against &lt;br/&gt;
			differential power analysis (DPA) and related side-channel attacks.&lt;br/&gt;
			The peripheral supports ECB, and CBC chaining modes for key sizes of 128 or 256 bits, as well &lt;br/&gt;
			as special modes such as hardware secret key encryption/ decryption (Wrapped-key mode) and key &lt;br/&gt;
			sharing with faster AES peripheral (Shared-key mode).&lt;br/&gt;
			SAES has the possibility to load by hardware two STM32 hardware secret keys (boot hardware key &lt;br/&gt;
			BHK and derived hardware unique key DHUK), usable but not readable by application.&lt;br/&gt;
			SAES is an AMBA AHB slave peripheral accessible through 32-bit single accesses only.&lt;br/&gt;
			Other access types generate an AHB error, and other than 32-bit writes may corrupt the register content.&lt;br/&gt;
			The peripheral supports DMA single transfers for incoming and outgoing data (two DMA channels required).&lt;br/&gt;
			It is hardware-linked with the true random number generator (TRNG) and with the AES hardware accelerator.
            </help_text>
            <!-- Links that will be displayed on the help widgets:
            - filter: In case a selection needs to be made, use it as regexp on mcu name (STM32F042T6x)
            - display: string that will be displayed in front of the hyperlink
            - type: the type of file you want to display ("txt" "pdf", "chm", "html", "dynamic")
            dynamic stands for the document that have to be retrieved from the JSON database
            - reference: path to the document to be displayed (http or local path)
              If the file is dynamic, indicate the kind of file you want to display:
                * dataSheet => for datasheet document type
                * appNote => for application note document type
                * refMan => for reference manual document type
                * usrMan => for user Manual document type
                * prgMan => for Programming Manual document type
                * errSheet => for Errata Sheet document type
            - index: for pdf,html and chm type it specifies the chapter where the viewer will point
            for dynamic file it can specify a chapter except for application notes where it specifies
            the document display name (e.g. AN1015). This field may be left blank, then the full document
            is displayed -->
        </peripheral>
        <mode>
            <!-- @TODO Describe the mode TBD for CubeMX -->
        </mode>
        <config>
            <!-- @TODO configuration panel TBD for CubeMX -->
        </config>
    </serie>
    <serie ref="STM32U5">
        <peripheral>
            <!-- Title of the contextual widget -->
            <title>SAES</title>
            <!-- Generic description displayed in the first panel of the tooltip -->
            <extract>Secure Advanced Encryption Standard hardware accelerator</extract>
            <!-- Detailed information displayed in the expandable panel when no MCU series has been selected -->
            <help_text>The secure AES coprocessor (SAES) encrypts or decrypts data, using an algorithm and &lt;br/&gt;
			implementation fully compliant with the advanced encryption standard (AES) defined in Federal &lt;br/&gt;
			information processing standards (FIPS) publication 197. It incorporates a protection against &lt;br/&gt;
			differential power analysis (DPA) and related side-channel attacks.&lt;br/&gt;
			The peripheral supports ECB, and CBC chaining modes for key sizes of 128 or 256 bits, as well &lt;br/&gt;
			as special modes such as hardware secret key encryption/ decryption (Wrapped-key mode) and key &lt;br/&gt;
			sharing with faster AES peripheral (Shared-key mode).&lt;br/&gt;
			SAES has the possibility to load by hardware two STM32 hardware secret keys (boot hardware key &lt;br/&gt;
			BHK and derived hardware unique key DHUK), usable but not readable by application.&lt;br/&gt;
			SAES is an AMBA AHB slave peripheral accessible through 32-bit single accesses only.&lt;br/&gt;
			Other access types generate an AHB error, and other than 32-bit writes may corrupt the register content.&lt;br/&gt;
			The peripheral supports DMA single transfers for incoming and outgoing data (two DMA channels required).&lt;br/&gt;
			It is hardware-linked with the true random number generator (TRNG) and with the AES hardware accelerator.
            </help_text>
            <!-- Links that will be displayed on the help widgets:
            - display: string that will be displayed in front of the hyperlink
            - type: the type of file you want to display ("txt" "pdf", "chm", "html", "dynamic")
            dynamic stands for the document that have to be retrieved from the JSON database
            - reference: path to the document to be displayed (http or local path)
              If the file is dynamic, indicate the kind of file you want to display:
                * dataSheet => for datasheet document type
                * appNote => for application note document type
                * refMan => for reference manual document type
                * usrMan => for user Manual document type
                * prgMan => for Programming Manual document type
                * errSheet => for Errata Sheet document type
            - index: for pdf,html and chm type it specifies the chapter where the viewer will point
            for dynamic file it can specify a chapter except for application notes where it specifies
            the document display name (e.g. AN1015). This field may be left blank, then the full document
            is displayed -->
            <link display="Datasheet" type="dynamic" reference="dataSheet" index="Secure advanced encryption standard hardware accelerator(SAES)and encryption standard hardware accelerator (AES)"/>
            <link display="Reference manual" type="dynamic" reference="refMan" index="Secure AES coprocessor (AES)"/>
        </peripheral>
        <mode>
            <!-- @TODO Describe the mode TBD for CubeMX -->
        </mode>
        <config>
            <!-- @TODO configuration panel TBD for CubeMX -->
        </config>
    </serie>
</ctx_pinout_help>
