<?xml version="1.0" encoding="UTF-8"?>
<!--

 File Name          : STM32_WPAN.xml
 Description        : Contextual documentation of STM32_WPAN middleware
                      for all MCU series

 COPYRIGHT(c) 2018 STMicroelectronics

====================================================================
| version 0.1  |  D.Vallin          | Creation                      |
====================================================================

Contextual documentation of STM32_WPAN middleware, it contains:
    - peripheral generic information under <peripheral> node
    - information about peripheral mode under <mode> node
    - details about the peripheral configuration under <config> node

-->
<ctx_pinout_help xsi:noNamespaceSchemaLocation="../../../../../../../doc/V4/Development/Specifications/contextualDocumentation/pinout.xsd" xmlns:xsi="http://www.w3.org/2001/XMLSchema-instance">
    <!-- serie "ref" is the MCU series you want to document e.g. STM32F0, STM32F1... -->
    <serie ref="Default">
        <peripheral>
            <!-- Title of the contextual widget -->
            <title>STM32_WPAN</title>
            <!-- Generic description displayed in the first panel of the tooltip -->
            <extract>Bluetooth Low Energy 5, 802.15.4 OpenThread and Zigbee 3.0</extract>
            <!-- Detailed information displayed in the expandable panel when no MCU series has been selected -->
            <help_text>STM32_WPAN : Wireless Personal Area Network  Middleware developed within the STM32WB framework to support Bluetooth Low Energy 5, 802.15.4 OpenThread and Zigbee 3.0 Certified Applications</help_text>
            <!-- Links that will be displayed on the help widgets:
            - filter: In case a selection needs to be made, use it as regexp on mcu name (STM32F042T6x)
            - display: string that will be displayed in front of the hyperlink
            - type: the type of file you want to display ("txt" "pdf", "chm", "html", "dynamic")
            dynamic stands for the document that have to be retrieved from the JSON database
            - reference: path to the document to be displayed (http or local path)
              If the file is dynamic, indicate the kind of file you want to display:
                * dataSheet => for datasheet document type
                * appNote => for application note document type
                * refMan => for reference manual document type
                * usrMan => for user Manual document type
                * prgMan => for Programming Manual document type
                * errSheet => for Errata Sheet document type
            - index: for pdf,html and chm type it specifies the chapter where the viewer will point
            for dynamic file it can specify a chapter except for application notes where it specifies
            the document display name (e.g. AN1015). This field may be left blank, then the full document
            is displayed -->
            <link display="Bluetooth website" type="html" reference="https://www.bluetooth.com/" index=""/>
            <link display="Thread website" type="html" reference="http://threadgroup.org/" index=""/>
            <link display="Zigbee website" type="html" reference="https://zigbeealliance.org/" index=""/>
        </peripheral>
        <mode>
            <!-- @TODO Describe the mode TBD for CubeMX -->
        </mode>
        <config>
            <!-- @TODO configuration panel TBD for CubeMX -->
        </config>
    </serie>
    <serie ref="STM32WB">
        <peripheral>
            <!-- Title of the contextual widget -->
            <title>STM32_WPAN</title>
            <!-- Generic description displayed in the first panel of the tooltip -->
            <extract>Bluetooth Low Energy 5, 802.15.4 OpenThread and Zigbee 3.0</extract>
            <!-- Detailed information displayed in the expandable panel when no MCU series has been selected -->
            <help_text>STM32_WPAN : Wireless Personal Area Network  Middleware developed within the STM32WB framework to support Bluetooth Low Energy 5, 802.15.4 OpenThread and Zigbee 3.0 Certified Applications</help_text>
            <!-- Links that will be displayed on the help widgets:
            - filter: In case a selection needs to be made, use it as regexp on mcu name (STM32F042T6x)
            - display: string that will be displayed in front of the hyperlink
            - type: the type of file you want to display ("txt" "pdf", "chm", "html", "dynamic")
            dynamic stands for the document that have to be retrieved from the JSON database
            - reference: path to the document to be displayed (http or local path)
              If the file is dynamic, indicate the kind of file you want to display:
                * dataSheet => for datasheet document type
                * appNote => for application note document type
                * refMan => for reference manual document type
                * usrMan => for user Manual document type
                * prgMan => for Programming Manual document type
                * errSheet => for Errata Sheet document type
            - index: for pdf,html and chm type it specifies the chapter where the viewer will point
            for dynamic file it can specify a chapter except for application notes where it specifies
            the document display name (e.g. AN1015). This field may be left blank, then the full document
            is displayed -->
            <link display="Datasheet - BLE" type="dynamic" reference="dataSheet" index="BLE general description"/>
            <link display="Datasheet - THREAD (802.15.4)" type="dynamic" reference="dataSheet" index="802.15.4 general description"/>
            <link display="Datasheet - Zigbee 3.0 (802.15.4)" type="dynamic" reference="dataSheet" index="802.15.4 general description"/>
            <link display="Reference manual" type="dynamic" reference="refMan" index=""/>
            <link display="Bluetooth website" type="html" reference="https://www.bluetooth.com/" index=""/>
            <link display="Thread website" type="html" reference="http://threadgroup.org/" index=""/>
            <link display="Zigbee website" type="html" reference="https://zigbeealliance.org/" index=""/>
        </peripheral>
        <mode>
            <!-- @TODO Describe the mode TBD for CubeMX -->
        </mode>
        <config>
            <!-- @TODO configuration panel TBD for CubeMX -->
        </config>
    </serie>
</ctx_pinout_help>
