<?xml version="1.0" encoding="UTF-8"?>
<!--

 File Name          : USART.xml
 Description        : Contextual documentation of the USART
                      for all MCU series

 COPYRIGHT(c) 2016 STMicroelectronics

====================================================================
| version 0.1  |  A.Morin          | Creation                      |
====================================================================

Contextual help database for USART peripheral, it contains:
    - peripheral generic information under <peripheral> node
    - information about peripheral mode under <mode> node
    - details about the peripheral configuration under <config> node

-->
<ctx_pinout_help xsi:noNamespaceSchemaLocation="../../../../../../../doc/V4/Development/Specifications/contextualDocumentation/pinout.xsd" xmlns:xsi="http://www.w3.org/2001/XMLSchema-instance">
    <!-- serie "ref" is the MCU series you want to document e.g. STM32F0, STM32F1... -->
    <serie ref="Default">
        <peripheral>
            <!-- Title of the contextual widget -->
            <title>USART</title>
            <!-- Generic description displayed in the first panel of the tooltip -->
            <extract>Universal Synchronous/Asynchronous Receiver/Transmitter</extract>
            <!-- Detailed information displayed in the expandable panel when no MCU series has been selected -->
            <help_text>A USART (Universal Synchronous/Asynchronous Receiver/Transmitter) is a type&lt;br/&gt;
                of a serial interface device that can be programmed to communicate asynchronously or&lt;br/&gt;
                synchronously.
            </help_text>
            <!-- Links that will be displayed on the help widgets:
            - filter: In case a selection needs to be made, use it as regexp on mcu name (STM32F042T6x)
            - display: string that will be displayed in front of the hyperlink
            - type: the type of file you want to display ("txt" "pdf", "chm", "html", "dynamic")
            dynamic stands for the document that have to be retrieved from the JSON database
            - reference: path to the document to be displayed (http or local path)
              If the file is dynamic, indicate the kind of file you want to display:
                * dataSheet => for datasheet document type
                * appNote => for application note document type
                * refMan => for reference manual document type
                * usrMan => for user Manual document type
                * prgMan => for Programming Manual document type
                * errSheet => for Errata Sheet document type
            - index: for pdf,html and chm type it specifies the chapter where the viewer will point
            for dynamic file it can specify a chapter except for application notes where it specifies
            the document display name (e.g. AN1015). This field may be left blank, then the full document
            is displayed -->
            <!--
            <link display="" type="" reference="" index="">
            </link>
             -->
        </peripheral>
        <mode>
            <!-- @TODO Describe the mode TBD for CubeMX -->
        </mode>
        <config>
            <!-- @TODO configuration panel TBD for CubeMX -->
        </config>
    </serie>
    <serie ref="STM32MP1">
        <peripheral>
            <!-- Title of the contextual widget -->
            <title>USART</title>
            <!-- Generic description displayed in the first panel of the tooltip -->
            <extract>Universal Synchronous/Asynchronous Receiver/Transmitter</extract>
            <!-- Detailed information displayed in the expandable panel when no MCU series has been selected -->
            <help_text>A USART (Universal Synchronous/Asynchronous Receiver/Transmitter) is a type&lt;br/&gt;
                of a serial interface device that can be programmed to communicate asynchronously or&lt;br/&gt;
                synchronously.
            </help_text>
            <!-- Links that will be displayed on the help widgets:
            - filter: In case a selection needs to be made, use it as regexp on mcu name (STM32F042T6x)
            - display: string that will be displayed in front of the hyperlink
            - type: the type of file you want to display ("txt" "pdf", "chm", "html", "dynamic")
            dynamic stands for the document that have to be retrieved from the JSON database
            - reference: path to the document to be displayed (http or local path)
              If the file is dynamic, indicate the kind of file you want to display:
                * dataSheet => for datasheet document type
                * appNote => for application note document type
                * refMan => for reference manual document type
                * usrMan => for user Manual document type
                * prgMan => for Programming Manual document type
                * errSheet => for Errata Sheet document type
            - index: for pdf,html and chm type it specifies the chapter where the viewer will point
            for dynamic file it can specify a chapter except for application notes where it specifies
            the document display name (e.g. AN1015). This field may be left blank, then the full document
            is displayed -->
            <link display="Datasheet" type="dynamic" reference="dataSheet" index="Universal synchronous asynchronous receiver transmitter (USART1, USART2, USART3, USART6 and UART4, UART5, UART7, UART8)">
            </link>
            <link display="Reference manual" type="dynamic" reference="refMan" index="Universal synchronous/asynchronous receiver transmitter (USART/UART)">
            </link>
        </peripheral>
        <mode>
            <!-- @TODO Describe the mode TBD for CubeMX -->
        </mode>
        <config>
            <!-- @TODO configuration panel TBD for CubeMX -->
        </config>
    </serie>
    <serie ref="STM32L5">
        <peripheral>
            <!-- Title of the contextual widget -->
            <title>USART</title>
            <!-- Generic description displayed in the first panel of the tooltip -->
            <extract>Universal synchronous/asynchronous receiver</extract>
            <!-- Detailed information displayed in the expandable panel when no MCU series has been selected -->
            <help_text>A USART (Universal Synchronous/Asynchronous Receiver/Transmitter) is a type&lt;br/&gt;
                of a serial interface device that can be programmed to communicate asynchronously or&lt;br/&gt;
                synchronously.
            </help_text>
            <!-- Links that will be displayed on the help widgets:
            - filter: In case a selection needs to be made, use it as regexp on mcu name (STM32F042T6x)
            - display: string that will be displayed in front of the hyperlink
            - type: the type of file you want to display ("txt" "pdf", "chm", "html", "dynamic")
            dynamic stands for the document that have to be retrieved from the JSON database
            - reference: path to the document to be displayed (http or local path)
              If the file is dynamic, indicate the kind of file you want to display:
                * dataSheet => for datasheet document type
                * appNote => for application note document type
                * refMan => for reference manual document type
                * usrMan => for user Manual document type
                * prgMan => for Programming Manual document type
                * errSheet => for Errata Sheet document type
            - index: for pdf,html and chm type it specifies the chapter where the viewer will point
            for dynamic file it can specify a chapter except for application notes where it specifies
            the document display name (e.g. AN1015). This field may be left blank, then the full document
            is displayed -->
            <link display="Datasheet" type="dynamic" reference="dataSheet" index="Universal synchronous/asynchronous receiver transmitter (USART)">
            </link>
            <link display="Reference manual" type="dynamic" reference="refMan" index="Universal synchronous/asynchronous receiver transmitter (USART/UART)">
            </link>
        </peripheral>
        <mode>
            <!-- @TODO Describe the mode TBD for CubeMX -->
        </mode>
        <config>
            <!-- @TODO configuration panel TBD for CubeMX -->
        </config>
    </serie>
    <serie ref="STM32F0">
        <peripheral>
            <!-- Title of the contextual widget -->
            <title>USART</title>
            <!-- Generic description displayed in the first panel of the tooltip -->
            <extract>Universal Synchronous/Asynchronous Receiver/Transmitter</extract>
            <!-- Detailed information displayed in the expandable panel when no MCU series has been selected -->
            <help_text>A USART (Universal Synchronous/Asynchronous Receiver/Transmitter) is a type&lt;br/&gt;
                of a serial interface device that can be programmed to communicate asynchronously or&lt;br/&gt;
                synchronously.
            </help_text>
            <!-- Links that will be displayed on the help widgets:
            - filter: In case a selection needs to be made, use it as regexp on mcu name (STM32F042T6x)
            - display: string that will be displayed in front of the hyperlink
            - type: the type of file you want to display ("txt" "pdf", "chm", "html", "dynamic")
            dynamic stands for the document that have to be retrieved from the JSON database
            - reference: path to the document to be displayed (http or local path)
              If the file is dynamic, indicate the kind of file you want to display:
                * dataSheet => for datasheet document type
                * appNote => for application note document type
                * refMan => for reference manual document type
                * usrMan => for user Manual document type
                * prgMan => for Programming Manual document type
                * errSheet => for Errata Sheet document type
            - index: for pdf,html and chm type it specifies the chapter where the viewer will point
            for dynamic file it can specify a chapter except for application notes where it specifies
            the document display name (e.g. AN1015). This field may be left blank, then the full document
            is displayed -->
            <link display="Datasheet" type="dynamic" reference="dataSheet" index="Universal synchronous/asynchronous receiver/transmitter (USART)">
            </link>
            <link display="Reference manual" type="dynamic" reference="refMan" index="Universal synchronous asynchronous receiver transmitter (USART)">
            </link>
        </peripheral>
        <mode>
            <!-- @TODO Describe the mode TBD for CubeMX -->
        </mode>
        <config>
            <!-- @TODO configuration panel TBD for CubeMX -->
        </config>
    </serie>
    <serie ref="STM32F1">
        <peripheral>
            <!-- Title of the contextual widget -->
            <title>USART</title>
            <!-- Generic description displayed in the first panel of the tooltip -->
            <extract>Universal Synchronous/Asynchronous Receiver/Transmitter</extract>
            <!-- Detailed information displayed in the expandable panel when no MCU series has been selected -->
            <help_text>A USART (Universal Synchronous/Asynchronous Receiver/Transmitter) is a type&lt;br/&gt;
                of a serial interface device that can be programmed to communicate asynchronously or&lt;br/&gt;
                synchronously.
            </help_text>
            <!-- Links that will be displayed on the help widgets:
            - filter: In case a selection needs to be made, use it as regexp on mcu name (STM32F042T6x)
            - display: string that will be displayed in front of the hyperlink
            - type: the type of file you want to display ("txt" "pdf", "chm", "html", "dynamic")
            dynamic stands for the document that have to be retrieved from the JSON database
            - reference: path to the document to be displayed (http or local path)
              If the file is dynamic, indicate the kind of file you want to display:
                * dataSheet => for datasheet document type
                * appNote => for application note document type
                * refMan => for reference manual document type
                * usrMan => for user Manual document type
                * prgMan => for Programming Manual document type
                * errSheet => for Errata Sheet document type
            - index: for pdf,html and chm type it specifies the chapter where the viewer will point
            for dynamic file it can specify a chapter except for application notes where it specifies
            the document display name (e.g. AN1015). This field may be left blank, then the full document
            is displayed -->
            <link display="Datasheet" type="dynamic" reference="dataSheet" index="Universal synchronous/asynchronous receiver transmitter (USART)">
            </link>
            <link display="Reference manual" type="dynamic" reference="refMan" index="Universal synchronous asynchronous receiver         transmitter (USART)">
            </link>
        </peripheral>
        <mode>
            <!-- @TODO Describe the mode TBD for CubeMX -->
        </mode>
        <config>
            <!-- @TODO configuration panel TBD for CubeMX -->
        </config>
    </serie>
    <serie ref="STM32F2">
        <peripheral>
            <!-- Title of the contextual widget -->
            <title>USART</title>
            <!-- Generic description displayed in the first panel of the tooltip -->
            <extract>Universal Synchronous/Asynchronous Receiver/Transmitter</extract>
            <!-- Detailed information displayed in the expandable panel when no MCU series has been selected -->
            <help_text>A USART (Universal Synchronous/Asynchronous Receiver/Transmitter) is a type&lt;br/&gt;
                of a serial interface device that can be programmed to communicate asynchronously or&lt;br/&gt;
                synchronously.
            </help_text>
            <!-- Links that will be displayed on the help widgets:
            - filter: In case a selection needs to be made, use it as regexp on mcu name (STM32F042T6x)
            - display: string that will be displayed in front of the hyperlink
            - type: the type of file you want to display ("txt" "pdf", "chm", "html", "dynamic")
            dynamic stands for the document that have to be retrieved from the JSON database
            - reference: path to the document to be displayed (http or local path)
              If the file is dynamic, indicate the kind of file you want to display:
                * dataSheet => for datasheet document type
                * appNote => for application note document type
                * refMan => for reference manual document type
                * usrMan => for user Manual document type
                * prgMan => for Programming Manual document type
                * errSheet => for Errata Sheet document type
            - index: for pdf,html and chm type it specifies the chapter where the viewer will point
            for dynamic file it can specify a chapter except for application notes where it specifies
            the document display name (e.g. AN1015). This field may be left blank, then the full document
            is displayed -->
            <link display="Datasheet" type="dynamic" reference="dataSheet" index="Universal synchronous/asynchronous receiver transmitters (UARTs/USARTs)">
            </link>
            <link display="Reference manual" type="dynamic" reference="refMan" index="Universal synchronous asynchronous receiver         transmitter (USART)">
            </link>
        </peripheral>
        <mode>
            <!-- @TODO Describe the mode TBD for CubeMX -->
        </mode>
        <config>
            <!-- @TODO configuration panel TBD for CubeMX -->
        </config>
    </serie>
    <serie ref="STM32F3">
        <peripheral>
            <!-- Title of the contextual widget -->
            <title>USART</title>
            <!-- Generic description displayed in the first panel of the tooltip -->
            <extract>Universal Synchronous/Asynchronous Receiver/Transmitter</extract>
            <!-- Detailed information displayed in the expandable panel when no MCU series has been selected -->
            <help_text>A USART (Universal Synchronous/Asynchronous Receiver/Transmitter) is a type&lt;br/&gt;
                of a serial interface device that can be programmed to communicate asynchronously or&lt;br/&gt;
                synchronously.
            </help_text>
            <!-- Links that will be displayed on the help widgets:
            - filter: In case a selection needs to be made, use it as regexp on mcu name (STM32F042T6x)
            - display: string that will be displayed in front of the hyperlink
            - type: the type of file you want to display ("txt" "pdf", "chm", "html", "dynamic")
            dynamic stands for the document that have to be retrieved from the JSON database
            - reference: path to the document to be displayed (http or local path)
              If the file is dynamic, indicate the kind of file you want to display:
                * dataSheet => for datasheet document type
                * appNote => for application note document type
                * refMan => for reference manual document type
                * usrMan => for user Manual document type
                * prgMan => for Programming Manual document type
                * errSheet => for Errata Sheet document type
            - index: for pdf,html and chm type it specifies the chapter where the viewer will point
            for dynamic file it can specify a chapter except for application notes where it specifies
            the document display name (e.g. AN1015). This field may be left blank, then the full document
            is displayed -->
            <link filter="STM32F3(0[12].[68BCDE]|03.[BCDE]|[1579]8|73).*" display="Datasheet" type="dynamic" reference="dataSheet" index="Universal synchronous/asynchronous receiver transmitter (USART)">
            </link>
            <link filter="STM32F328C8.*" display="Datasheet" type="dynamic" reference="dataSheet" index="Universal synchronous/asynchronous receiver transmitters (USARTs)">
            </link>
            <link filter="STM32F3(03.[68]|34.[468]).*" display="Datasheet" type="dynamic" reference="dataSheet" index="Universal synchronous / asynchronous receivers / transmitters (USARTs)">
            </link>
            <link display="Reference manual" type="dynamic" reference="refMan" index="Universal synchronous asynchronous receiver transmitter (USART)">
            </link>
        </peripheral>
        <mode>
            <!-- @TODO Describe the mode TBD for CubeMX -->
        </mode>
        <config>
            <!-- @TODO configuration panel TBD for CubeMX -->
        </config>
    </serie>
    <serie ref="STM32F4">
        <peripheral>
            <!-- Title of the contextual widget -->
            <title>USART</title>
            <!-- Generic description displayed in the first panel of the tooltip -->
            <extract>Universal Synchronous/Asynchronous Receiver/Transmitter</extract>
            <!-- Detailed information displayed in the expandable panel when no MCU series has been selected -->
            <help_text>A USART (Universal Synchronous/Asynchronous Receiver/Transmitter) is a type&lt;br/&gt;
                of a serial interface device that can be programmed to communicate asynchronously or&lt;br/&gt;
                synchronously.
            </help_text>
            <!-- Links that will be displayed on the help widgets:
            - filter: In case a selection needs to be made, use it as regexp on mcu name (STM32F042T6x)
            - display: string that will be displayed in front of the hyperlink
            - type: the type of file you want to display ("txt" "pdf", "chm", "html", "dynamic")
            dynamic stands for the document that have to be retrieved from the JSON database
            - reference: path to the document to be displayed (http or local path)
              If the file is dynamic, indicate the kind of file you want to display:
                * dataSheet => for datasheet document type
                * appNote => for application note document type
                * refMan => for reference manual document type
                * usrMan => for user Manual document type
                * prgMan => for Programming Manual document type
                * errSheet => for Errata Sheet document type
            - index: for pdf,html and chm type it specifies the chapter where the viewer will point
            for dynamic file it can specify a chapter except for application notes where it specifies
            the document display name (e.g. AN1015). This field may be left blank, then the full document
            is displayed -->
            <link display="Datasheet" type="dynamic" reference="dataSheet" index="Universal synchronous/asynchronous receiver transmitters (USART)">
            </link>
            <link display="Reference manual" type="dynamic" reference="refMan" index="Universal synchronous asynchronous receiver transmitter (USART)">
            </link>
        </peripheral>
        <mode>
            <!-- @TODO Describe the mode TBD for CubeMX -->
        </mode>
        <config>
            <!-- @TODO configuration panel TBD for CubeMX -->
        </config>
    </serie>
    <serie ref="STM32F7">
        <peripheral>
            <!-- Title of the contextual widget -->
            <title>USART</title>
            <!-- Generic description displayed in the first panel of the tooltip -->
            <extract>Universal Synchronous/Asynchronous Receiver/Transmitter</extract>
            <!-- Detailed information displayed in the expandable panel when no MCU series has been selected -->
            <help_text>A USART (Universal Synchronous/Asynchronous Receiver/Transmitter) is a type&lt;br/&gt;
                of a serial interface device that can be programmed to communicate asynchronously or&lt;br/&gt;
                synchronously.
            </help_text>
            <!-- Links that will be displayed on the help widgets:
            - filter: In case a selection needs to be made, use it as regexp on mcu name (STM32F042T6x)
            - display: string that will be displayed in front of the hyperlink
            - type: the type of file you want to display ("txt" "pdf", "chm", "html", "dynamic")
            dynamic stands for the document that have to be retrieved from the JSON database
            - reference: path to the document to be displayed (http or local path)
              If the file is dynamic, indicate the kind of file you want to display:
                * dataSheet => for datasheet document type
                * appNote => for application note document type
                * refMan => for reference manual document type
                * usrMan => for user Manual document type
                * prgMan => for Programming Manual document type
                * errSheet => for Errata Sheet document type
            - index: for pdf,html and chm type it specifies the chapter where the viewer will point
            for dynamic file it can specify a chapter except for application notes where it specifies
            the document display name (e.g. AN1015). This field may be left blank, then the full document
            is displayed -->
            <link display="Datasheet" type="dynamic" reference="dataSheet" index="Universal synchronous/asynchronous receiver transmitters (USART)">
            </link>
            <link display="Reference manual" type="dynamic" reference="refMan" index="Universal synchronous asynchronous receiver transmitter (USART)">
            </link>
        </peripheral>
        <mode>
            <!-- @TODO Describe the mode TBD for CubeMX -->
        </mode>
        <config>
            <!-- @TODO configuration panel TBD for CubeMX -->
        </config>
    </serie>
    <serie ref="STM32G0">
        <peripheral>
            <!-- Title of the contextual widget -->
            <title>USART</title>
            <!-- Generic description displayed in the first panel of the tooltip -->
            <extract>Universal Synchronous/Asynchronous Receiver/Transmitter</extract>
            <!-- Detailed information displayed in the expandable panel when no MCU series has been selected -->
            <help_text>A USART (Universal Synchronous/Asynchronous Receiver/Transmitter) is a type&lt;br/&gt;
                of a serial interface device that can be programmed to communicate asynchronously or&lt;br/&gt;
                synchronously.
            </help_text>
            <!-- Links that will be displayed on the help widgets:
            - filter: In case a selection needs to be made, use it as regexp on mcu name (STM32F042T6x)
            - display: string that will be displayed in front of the hyperlink
            - type: the type of file you want to display ("txt" "pdf", "chm", "html", "dynamic")
            dynamic stands for the document that have to be retrieved from the JSON database
            - reference: path to the document to be displayed (http or local path)
              If the file is dynamic, indicate the kind of file you want to display:
                * dataSheet => for datasheet document type
                * appNote => for application note document type
                * refMan => for reference manual document type
                * usrMan => for user Manual document type
                * prgMan => for Programming Manual document type
                * errSheet => for Errata Sheet document type
            - index: for pdf,html and chm type it specifies the chapter where the viewer will point
            for dynamic file it can specify a chapter except for application notes where it specifies
            the document display name (e.g. AN1015). This field may be left blank, then the full document
            is displayed -->
            <link display="Datasheet" type="dynamic" reference="dataSheet" index="Universal synchronous/asynchronous receiver transmitter (USART)">
            </link>
            <link display="Reference manual" type="dynamic" reference="refMan" index="Universal synchronous asynchronous receiver transmitter (USART)">
            </link>
        </peripheral>
        <mode>
            <!-- @TODO Describe the mode TBD for CubeMX -->
        </mode>
        <config>
            <!-- @TODO configuration panel TBD for CubeMX -->
        </config>
    </serie>
    <serie ref="STM32G4">
        <peripheral>
            <!-- Title of the contextual widget -->
            <title>USART</title>
            <!-- Generic description displayed in the first panel of the tooltip -->
            <extract>Universal Synchronous/Asynchronous Receiver/Transmitter</extract>
            <!-- Detailed information displayed in the expandable panel when no MCU series has been selected -->
            <help_text>A USART (Universal Synchronous/Asynchronous Receiver/Transmitter) is a type&lt;br/&gt;
                of a serial interface device that can be programmed to communicate asynchronously or&lt;br/&gt;
                synchronously.
            </help_text>
            <!-- Links that will be displayed on the help widgets:
            - filter: In case a selection needs to be made, use it as regexp on mcu name (STM32F042T6x)
            - display: string that will be displayed in front of the hyperlink
            - type: the type of file you want to display ("txt" "pdf", "chm", "html", "dynamic")
            dynamic stands for the document that have to be retrieved from the JSON database
            - reference: path to the document to be displayed (http or local path)
              If the file is dynamic, indicate the kind of file you want to display:
                * dataSheet => for datasheet document type
                * appNote => for application note document type
                * refMan => for reference manual document type
                * usrMan => for user Manual document type
                * prgMan => for Programming Manual document type
                * errSheet => for Errata Sheet document type
            - index: for pdf,html and chm type it specifies the chapter where the viewer will point
            for dynamic file it can specify a chapter except for application notes where it specifies
            the document display name (e.g. AN1015). This field may be left blank, then the full document
            is displayed -->
            <link display="Datasheet" type="dynamic" reference="dataSheet" index="Universal synchronous/asynchronous receiver transmitter (USART)">
            </link>
            <link display="Reference manual" type="dynamic" reference="refMan" index="Universal synchronous/asynchronous receiver transmitter (USART/UART)">
            </link>
        </peripheral>
        <mode>
            <!-- @TODO Describe the mode TBD for CubeMX -->
        </mode>
        <config>
            <!-- @TODO configuration panel TBD for CubeMX -->
        </config>
    </serie>
    <serie ref="STM32H7">
        <peripheral>
            <!-- Title of the contextual widget -->
            <title>USART</title>
            <!-- Generic description displayed in the first panel of the tooltip -->
            <extract>Universal Synchronous/Asynchronous Receiver/Transmitter</extract>
            <!-- Detailed information displayed in the expandable panel when no MCU series has been selected -->
            <help_text>A USART (Universal Synchronous/Asynchronous Receiver/Transmitter) is a type&lt;br/&gt;
                of a serial interface device that can be programmed to communicate asynchronously or&lt;br/&gt;
                synchronously.
            </help_text>
            <!-- Links that will be displayed on the help widgets:
            - filter: In case a selection needs to be made, use it as regexp on mcu name (STM32F042T6x)
            - display: string that will be displayed in front of the hyperlink
            - type: the type of file you want to display ("txt" "pdf", "chm", "html", "dynamic")
            dynamic stands for the document that have to be retrieved from the JSON database
            - reference: path to the document to be displayed (http or local path)
              If the file is dynamic, indicate the kind of file you want to display:
                * dataSheet => for datasheet document type
                * appNote => for application note document type
                * refMan => for reference manual document type
                * usrMan => for user Manual document type
                * prgMan => for Programming Manual document type
                * errSheet => for Errata Sheet document type
            - index: for pdf,html and chm type it specifies the chapter where the viewer will point
            for dynamic file it can specify a chapter except for application notes where it specifies
            the document display name (e.g. AN1015). This field may be left blank, then the full document
            is displayed -->
            <link display="Datasheet" type="dynamic" reference="dataSheet" index="Universal synchronous/asynchronous receiver transmitter (USART)">
            </link>
            <link display="Reference manual" type="dynamic" reference="refMan" index="Universal synchronous asynchronous receiver transmitter (USART)">
            </link>
        </peripheral>
        <mode>
            <!-- @TODO Describe the mode TBD for CubeMX -->
        </mode>
        <config>
            <!-- @TODO configuration panel TBD for CubeMX -->
        </config>
    </serie>
    <serie ref="STM32L0">
        <peripheral>
            <!-- Title of the contextual widget -->
            <title>USART</title>
            <!-- Generic description displayed in the first panel of the tooltip -->
            <extract>Universal Synchronous/Asynchronous Receiver/Transmitter</extract>
            <!-- Detailed information displayed in the expandable panel when no MCU series has been selected -->
            <help_text>A USART (Universal Synchronous/Asynchronous Receiver/Transmitter) is a type&lt;br/&gt;
                of a serial interface device that can be programmed to communicate asynchronously or&lt;br/&gt;
                synchronously.
            </help_text>
            <!-- Links that will be displayed on the help widgets:
            - filter: In case a selection needs to be made, use it as regexp on mcu name (STM32F042T6x)
            - display: string that will be displayed in front of the hyperlink
            - type: the type of file you want to display ("txt" "pdf", "chm", "html", "dynamic")
            dynamic stands for the document that have to be retrieved from the JSON database
            - reference: path to the document to be displayed (http or local path)
              If the file is dynamic, indicate the kind of file you want to display:
                * dataSheet => for datasheet document type
                * appNote => for application note document type
                * refMan => for reference manual document type
                * usrMan => for user Manual document type
                * prgMan => for Programming Manual document type
                * errSheet => for Errata Sheet document type
            - index: for pdf,html and chm type it specifies the chapter where the viewer will point
            for dynamic file it can specify a chapter except for application notes where it specifies
            the document display name (e.g. AN1015). This field may be left blank, then the full document
            is displayed -->
            <link display="Datasheet" type="dynamic" reference="dataSheet" index="Universal synchronous/asynchronous receiver transmitter (USART)">
            </link>
            <link display="Reference manual" type="dynamic" reference="refMan" index="Universal synchronous asynchronous receiver transmitter (USART)">
            </link>
        </peripheral>
        <mode>
            <!-- @TODO Describe the mode TBD for CubeMX -->
        </mode>
        <config>
            <!-- @TODO configuration panel TBD for CubeMX -->
        </config>
    </serie>
    <serie ref="STM32L1">
        <peripheral>
            <!-- Title of the contextual widget -->
            <title>USART</title>
            <!-- Generic description displayed in the first panel of the tooltip -->
            <extract>Universal Synchronous/Asynchronous Receiver/Transmitter</extract>
            <!-- Detailed information displayed in the expandable panel when no MCU series has been selected -->
            <help_text>A USART (Universal Synchronous/Asynchronous Receiver/Transmitter) is a type&lt;br/&gt;
                of a serial interface device that can be programmed to communicate asynchronously or&lt;br/&gt;
                synchronously.
            </help_text>
            <!-- Links that will be displayed on the help widgets:
            - filter: In case a selection needs to be made, use it as regexp on mcu name (STM32F042T6x)
            - display: string that will be displayed in front of the hyperlink
            - type: the type of file you want to display ("txt" "pdf", "chm", "html", "dynamic")
            dynamic stands for the document that have to be retrieved from the JSON database
            - reference: path to the document to be displayed (http or local path)
              If the file is dynamic, indicate the kind of file you want to display:
                * dataSheet => for datasheet document type
                * appNote => for application note document type
                * refMan => for reference manual document type
                * usrMan => for user Manual document type
                * prgMan => for Programming Manual document type
                * errSheet => for Errata Sheet document type
            - index: for pdf,html and chm type it specifies the chapter where the viewer will point
            for dynamic file it can specify a chapter except for application notes where it specifies
            the document display name (e.g. AN1015). This field may be left blank, then the full document
            is displayed -->
            <link display="Datasheet" type="dynamic" reference="dataSheet" index="Universal synchronous/asynchronous receiver transmitter (USART)">
            </link>
            <link display="Reference manual" type="dynamic" reference="refMan" index="Universal synchronous asynchronous receiver transmitter (USART)">
            </link>
        </peripheral>
        <mode>
            <!-- @TODO Describe the mode TBD for CubeMX -->
        </mode>
        <config>
            <!-- @TODO configuration panel TBD for CubeMX -->
        </config>
    </serie>
    <serie ref="STM32L4">
        <peripheral>
            <!-- Title of the contextual widget -->
            <title>USART</title>
            <!-- Generic description displayed in the first panel of the tooltip -->
            <extract>Universal Synchronous/Asynchronous Receiver/Transmitter</extract>
            <!-- Detailed information displayed in the expandable panel when no MCU series has been selected -->
            <help_text>A USART (Universal Synchronous/Asynchronous Receiver/Transmitter) is a type&lt;br/&gt;
                of a serial interface device that can be programmed to communicate asynchronously or&lt;br/&gt;
                synchronously.
            </help_text>
            <!-- Links that will be displayed on the help widgets:
            - filter: In case a selection needs to be made, use it as regexp on mcu name (STM32F042T6x)
            - display: string that will be displayed in front of the hyperlink
            - type: the type of file you want to display ("txt" "pdf", "chm", "html", "dynamic")
            dynamic stands for the document that have to be retrieved from the JSON database
            - reference: path to the document to be displayed (http or local path)
              If the file is dynamic, indicate the kind of file you want to display:
                * dataSheet => for datasheet document type
                * appNote => for application note document type
                * refMan => for reference manual document type
                * usrMan => for user Manual document type
                * prgMan => for Programming Manual document type
                * errSheet => for Errata Sheet document type
            - index: for pdf,html and chm type it specifies the chapter where the viewer will point
            for dynamic file it can specify a chapter except for application notes where it specifies
            the document display name (e.g. AN1015). This field may be left blank, then the full document
            is displayed -->
            <link display="Datasheet" type="dynamic" reference="dataSheet" index="Universal synchronous/asynchronous receiver transmitter (USART)">
            </link>
            <link display="Reference manual" type="dynamic" reference="refMan" index="Universal synchronous asynchronous receiver transmitter (USART)">
            </link>
        </peripheral>
        <mode>
            <!-- @TODO Describe the mode TBD for CubeMX -->
        </mode>
        <config>
            <!-- @TODO configuration panel TBD for CubeMX -->
        </config>
    </serie>
    <serie ref="STM32U5">
        <peripheral>
            <!-- Title of the contextual widget -->
            <title>USART</title>
            <!-- Generic description displayed in the first panel of the tooltip -->
            <extract>Universal Synchronous/Asynchronous Receiver/Transmitter</extract>
            <!-- Detailed information displayed in the expandable panel when no MCU series has been selected -->
            <help_text>A USART (Universal Synchronous/Asynchronous Receiver/Transmitter) is a type&lt;br/&gt;
                of a serial interface device that can be programmed to communicate asynchronously or&lt;br/&gt;
                synchronously.
            </help_text>
            <!-- Links that will be displayed on the help widgets:
            - filter: In case a selection needs to be made, use it as regexp on mcu name (STM32F042T6x)
            - display: string that will be displayed in front of the hyperlink
            - type: the type of file you want to display ("txt" "pdf", "chm", "html", "dynamic")
            dynamic stands for the document that have to be retrieved from the JSON database
            - reference: path to the document to be displayed (http or local path)
              If the file is dynamic, indicate the kind of file you want to display:
                * dataSheet => for datasheet document type
                * appNote => for application note document type
                * refMan => for reference manual document type
                * usrMan => for user Manual document type
                * prgMan => for Programming Manual document type
                * errSheet => for Errata Sheet document type
            - index: for pdf,html and chm type it specifies the chapter where the viewer will point
            for dynamic file it can specify a chapter except for application notes where it specifies
            the document display name (e.g. AN1015). This field may be left blank, then the full document
            is displayed -->
            <link display="Datasheet" type="dynamic" reference="dataSheet" index="Universal synchronous/asynchronous receiver transmitter (USART/UART)">
            </link>
            <link display="Reference manual" type="dynamic" reference="refMan" index="Universal synchronous/asynchronous receiver transmitter (USART/UART)">
            </link>
        </peripheral>
        <mode>
            <!-- @TODO Describe the mode TBD for CubeMX -->
        </mode>
        <config>
            <!-- @TODO configuration panel TBD for CubeMX -->
        </config>
    </serie>
    <serie ref="STM32WB">
        <peripheral>
            <!-- Title of the contextual widget -->
            <title>USART</title>
            <!-- Generic description displayed in the first panel of the tooltip -->
            <extract>Universal Synchronous/Asynchronous Receiver/Transmitter</extract>
            <!-- Detailed information displayed in the expandable panel when no MCU series has been selected -->
            <help_text>A USART (Universal Synchronous/Asynchronous Receiver/Transmitter) is a type&lt;br/&gt;
                of a serial interface device that can be programmed to communicate asynchronously or&lt;br/&gt;
                synchronously.
            </help_text>
            <!-- Links that will be displayed on the help widgets:
            - filter: In case a selection needs to be made, use it as regexp on mcu name (STM32F042T6x)
            - display: string that will be displayed in front of the hyperlink
            - type: the type of file you want to display ("txt" "pdf", "chm", "html", "dynamic")
            dynamic stands for the document that have to be retrieved from the JSON database
            - reference: path to the document to be displayed (http or local path)
              If the file is dynamic, indicate the kind of file you want to display:
                * dataSheet => for datasheet document type
                * appNote => for application note document type
                * refMan => for reference manual document type
                * usrMan => for user Manual document type
                * prgMan => for Programming Manual document type
                * errSheet => for Errata Sheet document type
            - index: for pdf,html and chm type it specifies the chapter where the viewer will point
            for dynamic file it can specify a chapter except for application notes where it specifies
            the document display name (e.g. AN1015). This field may be left blank, then the full document
            is displayed -->
            <link display="Datasheet" type="dynamic" reference="dataSheet" index="Universal synchronous/asynchronous receiver transmitter (USART)">
            </link>
            <link display="Reference manual" type="dynamic" reference="refMan" index="Universal synchronous asynchronous receiver transmitter (USART)">
            </link>
        </peripheral>
        <mode>
            <!-- @TODO Describe the mode TBD for CubeMX -->
        </mode>
        <config>
            <!-- @TODO configuration panel TBD for CubeMX -->
        </config>
    </serie>
    <serie ref="STM32WL">
        <peripheral>
            <!-- Title of the contextual widget -->
            <title>USART</title>
            <!-- Generic description displayed in the first panel of the tooltip -->
            <extract>Universal Synchronous/Asynchronous Receiver/Transmitter</extract>
            <!-- Detailed information displayed in the expandable panel when no MCU series has been selected -->
            <help_text>A USART (Universal Synchronous/Asynchronous Receiver/Transmitter) is a type&lt;br/&gt;
                of a serial interface device that can be programmed to communicate asynchronously or&lt;br/&gt;
                synchronously.
            </help_text>
            <!-- Links that will be displayed on the help widgets:
            - filter: In case a selection needs to be made, use it as regexp on mcu name (STM32F042T6x)
            - display: string that will be displayed in front of the hyperlink
            - type: the type of file you want to display ("txt" "pdf", "chm", "html", "dynamic")
            dynamic stands for the document that have to be retrieved from the JSON database
            - reference: path to the document to be displayed (http or local path)
              If the file is dynamic, indicate the kind of file you want to display:
                * dataSheet => for datasheet document type
                * appNote => for application note document type
                * refMan => for reference manual document type
                * usrMan => for user Manual document type
                * prgMan => for Programming Manual document type
                * errSheet => for Errata Sheet document type
            - index: for pdf,html and chm type it specifies the chapter where the viewer will point
            for dynamic file it can specify a chapter except for application notes where it specifies
            the document display name (e.g. AN1015). This field may be left blank, then the full document
            is displayed -->
            <link display="Datasheet" type="dynamic" reference="dataSheet" index="Universal synchronous/asynchronous receiver transmitter (USART/UART)">
            </link>
            <link display="Reference manual" type="dynamic" reference="refMan" index="Universal synchronous/asynchronous receiver transmitter (USART/UART)">
            </link>
        </peripheral>
        <mode>
            <!-- @TODO Describe the mode TBD for CubeMX -->
        </mode>
        <config>
            <!-- @TODO configuration panel TBD for CubeMX -->
        </config>
    </serie>
    <serie ref="STM8AF">
        <peripheral>
            <!-- Title of the contextual widget -->
            <title>USART</title>
            <!-- Generic description displayed in the first panel of the tooltip -->
            <extract>Universal Synchronous/Asynchronous Receiver/Transmitter</extract>
            <!-- Detailed information displayed in the expandable panel when no MCU series has been selected -->
            <help_text>A USART (Universal Synchronous/Asynchronous Receiver/Transmitter) is a type&lt;br/&gt;
                of a serial interface device that can be programmed to communicate asynchronously or&lt;br/&gt;
                synchronously.
            </help_text>
            <!-- Links that will be displayed on the help widgets:
            - filter: In case a selection needs to be made, use it as regexp on mcu name (STM32F042T6x)
            - display: string that will be displayed in front of the hyperlink
            - type: the type of file you want to display ("txt" "pdf", "chm", "html", "dynamic")
            dynamic stands for the document that have to be retrieved from the JSON database
            - reference: path to the document to be displayed (http or local path)
              If the file is dynamic, indicate the kind of file you want to display:
                * dataSheet => for datasheet document type
                * appNote => for application note document type
                * refMan => for reference manual document type
                * usrMan => for user Manual document type
                * prgMan => for Programming Manual document type
                * errSheet => for Errata Sheet document type
            - index: for pdf,html and chm type it specifies the chapter where the viewer will point
            for dynamic file it can specify a chapter except for application notes where it specifies
            the document display name (e.g. AN1015). This field may be left blank, then the full document
            is displayed -->
            <link display="Datasheet" type="dynamic" reference="dataSheet" index="Communication interfaces">
            </link>
            <link display="Reference manual" type="dynamic" reference="refMan" index="Universal synchronous/asynchronous receiver transmitter (USART)">
            </link>
        </peripheral>
        <mode>
            <!-- @TODO Describe the mode TBD for CubeMX -->
        </mode>
        <config>
            <!-- @TODO configuration panel TBD for CubeMX -->
        </config>
    </serie>
    <serie ref="STM8AL">
        <peripheral>
            <!-- Title of the contextual widget -->
            <title>USART</title>
            <!-- Generic description displayed in the first panel of the tooltip -->
            <extract>Universal Synchronous/Asynchronous Receiver/Transmitter</extract>
            <!-- Detailed information displayed in the expandable panel when no MCU series has been selected -->
            <help_text>A USART (Universal Synchronous/Asynchronous Receiver/Transmitter) is a type&lt;br/&gt;
                of a serial interface device that can be programmed to communicate asynchronously or&lt;br/&gt;
                synchronously.
            </help_text>
            <!-- Links that will be displayed on the help widgets:
            - filter: In case a selection needs to be made, use it as regexp on mcu name (STM32F042T6x)
            - display: string that will be displayed in front of the hyperlink
            - type: the type of file you want to display ("txt" "pdf", "chm", "html", "dynamic")
            dynamic stands for the document that have to be retrieved from the JSON database
            - reference: path to the document to be displayed (http or local path)
              If the file is dynamic, indicate the kind of file you want to display:
                * dataSheet => for datasheet document type
                * appNote => for application note document type
                * refMan => for reference manual document type
                * usrMan => for user Manual document type
                * prgMan => for Programming Manual document type
                * errSheet => for Errata Sheet document type
            - index: for pdf,html and chm type it specifies the chapter where the viewer will point
            for dynamic file it can specify a chapter except for application notes where it specifies
            the document display name (e.g. AN1015). This field may be left blank, then the full document
            is displayed -->
            <link display="Datasheet" type="dynamic" reference="dataSheet" index="Communication interfaces">
            </link>
            <link display="Reference manual" type="dynamic" reference="refMan" index="Universal synchronous/asynchronous receiver transmitter (USART)">
            </link>
        </peripheral>
        <mode>
            <!-- @TODO Describe the mode TBD for CubeMX -->
        </mode>
        <config>
            <!-- @TODO configuration panel TBD for CubeMX -->
        </config>
    </serie>
    <serie ref="STM8L">
        <peripheral>
            <!-- Title of the contextual widget -->
            <title>USART</title>
            <!-- Generic description displayed in the first panel of the tooltip -->
            <extract>Universal Synchronous/Asynchronous Receiver/Transmitter</extract>
            <!-- Detailed information displayed in the expandable panel when no MCU series has been selected -->
            <help_text>A USART (Universal Synchronous/Asynchronous Receiver/Transmitter) is a type&lt;br/&gt;
                of a serial interface device that can be programmed to communicate asynchronously or&lt;br/&gt;
                synchronously.
            </help_text>
            <!-- Links that will be displayed on the help widgets:
            - filter: In case a selection needs to be made, use it as regexp on mcu name (STM32F042T6x)
            - display: string that will be displayed in front of the hyperlink
            - type: the type of file you want to display ("txt" "pdf", "chm", "html", "dynamic")
            dynamic stands for the document that have to be retrieved from the JSON database
            - reference: path to the document to be displayed (http or local path)
              If the file is dynamic, indicate the kind of file you want to display:
                * dataSheet => for datasheet document type
                * appNote => for application note document type
                * refMan => for reference manual document type
                * usrMan => for user Manual document type
                * prgMan => for Programming Manual document type
                * errSheet => for Errata Sheet document type
            - index: for pdf,html and chm type it specifies the chapter where the viewer will point
            for dynamic file it can specify a chapter except for application notes where it specifies
            the document display name (e.g. AN1015). This field may be left blank, then the full document
            is displayed -->
            <link display="Datasheet" type="dynamic" reference="dataSheet" index="Communication interfaces">
            </link>
            <link display="Reference manual" type="dynamic" reference="refMan" index="Universal synchronous/asynchronous receiver transmitter (USART)">
            </link>
        </peripheral>
        <mode>
            <!-- @TODO Describe the mode TBD for CubeMX -->
        </mode>
        <config>
            <!-- @TODO configuration panel TBD for CubeMX -->
        </config>
    </serie>
    <serie ref="STM8T">
        <peripheral>
            <!-- Title of the contextual widget -->
            <title>USART</title>
            <!-- Generic description displayed in the first panel of the tooltip -->
            <extract>Universal Synchronous/Asynchronous Receiver/Transmitter</extract>
            <!-- Detailed information displayed in the expandable panel when no MCU series has been selected -->
            <help_text>A USART (Universal Synchronous/Asynchronous Receiver/Transmitter) is a type&lt;br/&gt;
                of a serial interface device that can be programmed to communicate asynchronously or&lt;br/&gt;
                synchronously.
            </help_text>
            <!-- Links that will be displayed on the help widgets:
            - filter: In case a selection needs to be made, use it as regexp on mcu name (STM32F042T6x)
            - display: string that will be displayed in front of the hyperlink
            - type: the type of file you want to display ("txt" "pdf", "chm", "html", "dynamic")
            dynamic stands for the document that have to be retrieved from the JSON database
            - reference: path to the document to be displayed (http or local path)
              If the file is dynamic, indicate the kind of file you want to display:
                * dataSheet => for datasheet document type
                * appNote => for application note document type
                * refMan => for reference manual document type
                * usrMan => for user Manual document type
                * prgMan => for Programming Manual document type
                * errSheet => for Errata Sheet document type
            - index: for pdf,html and chm type it specifies the chapter where the viewer will point
            for dynamic file it can specify a chapter except for application notes where it specifies
            the document display name (e.g. AN1015). This field may be left blank, then the full document
            is displayed -->
            <link display="Datasheet" type="dynamic" reference="dataSheet" index="Communication interfaces">
            </link>
            <link display="Reference manual" type="dynamic" reference="refMan" index="Universal synchronous/asynchronous receiver transmitter (USART)">
            </link>
        </peripheral>
        <mode>
            <!-- @TODO Describe the mode TBD for CubeMX -->
        </mode>
        <config>
            <!-- @TODO configuration panel TBD for CubeMX -->
        </config>
    </serie></ctx_pinout_help>
