<?xml version="1.0" encoding="UTF-8"?>
<!--

 File Name          : ADC 16-bit.xml
 Description        : Contextual documentation of the ADC 16-bit
                      for all MCU series

 COPYRIGHT(c) 2016 STMicroelectronics

====================================================================
| version 0.1  |  A.Morin          | Creation                      |
====================================================================
| version 0.2  |  A.Morin          | Ticket 36860 correction       |
====================================================================

Contextual help database for ADC 16-bit peripheral, it contains:
    - peripheral generic information under <peripheral> node
    - information about peripheral mode under <mode> node
    - details about the peripheral configuration under <config> node

-->
<ctx_periph_help xsi:noNamespaceSchemaLocation="../../../../../../../doc/V4/Development/Specifications/contextualDocumentation/peripherals.xsd" xmlns:xsi="http://www.w3.org/2001/XMLSchema-instance">
    <!-- serie "ref" is the MCU series you want to document e.g. STM32F0, STM32F1... -->
    <serie ref="Default">
        <peripheral>
            <!-- Title of the contextual widget -->
            <title>ADC 16-bits</title>
            <!-- Generic description displayed in the first panel of the tooltip -->
            <extract>Analog to digital converter 16-bits</extract>
            <!-- Detailed information displayed in the expandable panel when no MCU series has been selected -->
            <help_text>An Analog to digital converter is a feature that converts an analog&lt;br/&gt;
                voltage on a pin to a digital number. By converting from the analog&lt;br/&gt;
                world to the digital world. A 16-bit ADC has the ability to detect 65536&lt;br/&gt;
                discrete analog levels.
            </help_text>
            <!-- Links that will be displayed on the help widgets:
            - filter: In case a selection needs to be made, use it as regexp on mcu name (STM32F042T6x)
            - display: string that will be displayed in front of the hyperlink
            - type: the type of file you want to display ("txt" "pdf", "chm", "html", "dynamic")
            dynamic stands for the document that have to be retrieved from the JSON database
            - reference: path to the document to be displayed (http or local path)
              If the file is dynamic, indicate the kind of file you want to display:
                * dataSheet => for datasheet document type
                * appNote => for application note document type
                * refMan => for reference manual document type
                * usrMan => for user Manual document type
                * prgMan => for Programming Manual document type
                * errSheet => for Errata Sheet document type
            - index: for pdf,html and chm type it specifies the chapter where the viewer will point
            for dynamic file it can specify a chapter except for application notes where it specifies
            the document display name (e.g. AN1015). This field may be left blank, then the full document
            is displayed -->
        </peripheral>
        <mode>
            <!-- @TODO Describe the mode TBD for CubeMX -->
        </mode>
        <config>
            <!-- @TODO configuration panel TBD for CubeMX -->
        </config>
    </serie>
    <serie ref="STM32F3">
        <peripheral>
            <!-- Title of the contextual widget -->
            <title>ADC 16-bits</title>
            <!-- Generic description displayed in the first panel of the tooltip -->
            <extract>Analog to digital converter 16-bits</extract>
            <!-- Detailed information displayed in the expandable panel when no MCU series has been selected -->
            <help_text>An Analog to digital converter is a feature that converts an analog&lt;br/&gt;
                voltage on a pin to a digital number. By converting from the analog&lt;br/&gt;
                world to the digital world. A 16-bit ADC has the ability to detect 65536&lt;br/&gt;
                discrete analog levels.
            </help_text>
            <!-- Links that will be displayed on the help widgets:
            - filter: In case a selection needs to be made, use it as regexp on mcu name (STM32F042T6x)
            - display: string that will be displayed in front of the hyperlink
            - type: the type of file you want to display ("txt" "pdf", "chm", "html", "dynamic")
            dynamic stands for the document that have to be retrieved from the JSON database
            - reference: path to the document to be displayed (http or local path)
              If the file is dynamic, indicate the kind of file you want to display:
                * dataSheet => for datasheet document type
                * appNote => for application note document type
                * refMan => for reference manual document type
                * usrMan => for user Manual document type
                * prgMan => for Programming Manual document type
                * errSheet => for Errata Sheet document type
            - index: for pdf,html and chm type it specifies the chapter where the viewer will point
            for dynamic file it can specify a chapter except for application notes where it specifies
            the document display name (e.g. AN1015). This field may be left blank, then the full document
            is displayed -->
            <link filter="MCU:STM32F37[38].*" display="Datasheet" type="dynamic" reference="dataSheet" index="16-bit sigma delta analog-to-digital converters (SDADC)">
            </link>
            <link filter="MCU:STM32F37.*" display="Reference manual" type="dynamic" reference="refMan" index="Sigma-delta analog-to-digital converter (SDADC)">
            </link>
        </peripheral>
        <mode>
            <!-- @TODO Describe the mode TBD for CubeMX -->
        </mode>
        <config>
            <!-- @TODO configuration panel TBD for CubeMX -->
        </config>
    </serie>
    <serie ref="STM32G0">
        <peripheral>
            <!-- Title of the contextual widget -->
            <title>ADC 16-bits</title>
            <!-- Generic description displayed in the first panel of the tooltip -->
            <extract>Analog to digital converter 16-bits</extract>
            <!-- Detailed information displayed in the expandable panel when no MCU series has been selected -->
            <help_text>An Analog to digital converter is a feature that converts an analog&lt;br/&gt;
                voltage on a pin to a digital number. By converting from the analog&lt;br/&gt;
                world to the digital world. A 16-bit ADC has the ability to detect 65536&lt;br/&gt;
                discrete analog levels.
            </help_text>
            <!-- Links that will be displayed on the help widgets:
            - filter: In case a selection needs to be made, use it as regexp on mcu name (STM32F042T6x)
            - display: string that will be displayed in front of the hyperlink
            - type: the type of file you want to display ("txt" "pdf", "chm", "html", "dynamic")
            dynamic stands for the document that have to be retrieved from the JSON database
            - reference: path to the document to be displayed (http or local path)
              If the file is dynamic, indicate the kind of file you want to display:
                * dataSheet => for datasheet document type
                * appNote => for application note document type
                * refMan => for reference manual document type
                * usrMan => for user Manual document type
                * prgMan => for Programming Manual document type
                * errSheet => for Errata Sheet document type
            - index: for pdf,html and chm type it specifies the chapter where the viewer will point
            for dynamic file it can specify a chapter except for application notes where it specifies
            the document display name (e.g. AN1015). This field may be left blank, then the full document
            is displayed -->
            <link display="Datasheet" type="dynamic" reference="dataSheet" index="16-bit sigma delta analog-to-digital converters (SDADC)">
            </link>
            <link display="Reference manual" type="dynamic" reference="refMan" index="Sigma-delta analog-to-digital converter (SDADC)">
            </link>
        </peripheral>
        <mode>
            <!-- @TODO Describe the mode TBD for CubeMX -->
        </mode>
        <config>
            <!-- @TODO configuration panel TBD for CubeMX -->
        </config>
    </serie>
    <serie ref="STM32H7">
        <peripheral>
            <!-- Title of the contextual widget -->
            <title>ADC 16-bits</title>
            <!-- Generic description displayed in the first panel of the tooltip -->
            <extract>Analog to digital converter 16-bits</extract>
            <!-- Detailed information displayed in the expandable panel when no MCU series has been selected -->
            <help_text>An Analog to digital converter is a feature that converts an analog&lt;br/&gt;
                voltage on a pin to a digital number. By converting from the analog&lt;br/&gt;
                world to the digital world. A 16-bit ADC has the ability to detect 65536&lt;br/&gt;
                discrete analog levels.
            </help_text>
            <!-- Links that will be displayed on the help widgets:
            - filter: In case a selection needs to be made, use it as regexp on mcu name (STM32F042T6x)
            - display: string that will be displayed in front of the hyperlink
            - type: the type of file you want to display ("txt" "pdf", "chm", "html", "dynamic")
            dynamic stands for the document that have to be retrieved from the JSON database
            - reference: path to the document to be displayed (http or local path)
              If the file is dynamic, indicate the kind of file you want to display:
                * dataSheet => for datasheet document type
                * appNote => for application note document type
                * refMan => for reference manual document type
                * usrMan => for user Manual document type
                * prgMan => for Programming Manual document type
                * errSheet => for Errata Sheet document type
            - index: for pdf,html and chm type it specifies the chapter where the viewer will point
            for dynamic file it can specify a chapter except for application notes where it specifies
            the document display name (e.g. AN1015). This field may be left blank, then the full document
            is displayed -->
            <link display="Datasheet" type="dynamic" reference="dataSheet" index="Analog-to-digital converters (ADCs)">
            </link>
            <link display="Reference manual" type="dynamic" reference="refMan" index="Analog-to-digital converters (ADC)">
            </link>
        </peripheral>
        <mode>
            <!-- @TODO Describe the mode TBD for CubeMX -->
        </mode>
        <config>
            <!-- @TODO configuration panel TBD for CubeMX -->
        </config>
    </serie>
     <serie ref="STM32MP1">
        <peripheral>
            <!-- Title of the contextual widget -->
            <title>ADC 16-bits</title>
            <!-- Generic description displayed in the first panel of the tooltip -->
            <extract>Analog to digital converter 12-bits</extract>
            <!-- Detailed information displayed in the expandable panel when no MCU series has been selected -->
            <help_text>The 12-bit analog to digital converter has several external and two internal (temperature sensor,&lt;br/&gt;
                voltage reference measurement) channels and performs conversions in single-shot or scan modes.
            </help_text>
            <!-- Links that will be displayed on the help widgets:
            - filter: In case a selection needs to be made, use it as regexp on mcu name (STM32F042T6x)
            - display: string that will be displayed in front of the hyperlink
            - type: the type of file you want to display ("txt" "pdf", "chm", "html", "dynamic")
            dynamic stands for the document that have to be retrieved from the JSON database
            - reference: path to the document to be displayed (http or local path)
              If the file is dynamic, indicate the kind of file you want to display:
                * dataSheet => for datasheet document type
                * appNote => for application note document type
                * refMan => for reference manual document type
                * usrMan => for user Manual document type
                * prgMan => for Programming Manual document type
                * errSheet => for Errata Sheet document type
            - index: for pdf,html and chm type it specifies the chapter where the viewer will point
            for dynamic file it can specify a chapter except for application notes where it specifies
            the document display name (e.g. AN1015). This field may be left blank, then the full document
            is displayed -->
            <link display="Datasheet" type="dynamic" reference="dataSheet" index="Analog-to-digital converters (ADCs)">
            </link>
            <link display="Reference manual" type="dynamic" reference="refMan" index="Analog-to-digital converters (ADC)">
            </link>
        </peripheral>
        <mode>
            <!-- @TODO Describe the mode TBD for CubeMX -->
        </mode>
        <config>
            <!-- @TODO configuration panel TBD for CubeMX -->
        </config>
    </serie>
</ctx_periph_help>
