<?xml version="1.0" encoding="UTF-8"?>
<!--

 File Name          : DAC 12-bit.xml
 Description        : Contextual documentation of the DAC 12-bit
                      for all MCU series

 COPYRIGHT(c) 2016 STMicroelectronics

====================================================================
| version 0.1  |  A.Morin          | Creation                      |
====================================================================
| version 0.2  |  A.Morin          | BZ36769                       |
====================================================================

Contextual help database for DAC 12-bit peripheral, it contains:
    - peripheral generic information under <peripheral> node
    - information about peripheral mode under <mode> node
    - details about the peripheral configuration under <config> node

-->
<ctx_periph_help xsi:noNamespaceSchemaLocation="../../../../../../../doc/V4/Development/Specifications/contextualDocumentation/peripherals.xsd" xmlns:xsi="http://www.w3.org/2001/XMLSchema-instance">
    <!-- serie "ref" is the MCU series you want to document e.g. STM32F0, STM32F1... -->
    <serie ref="Default">
        <peripheral>
            <!-- Title of the contextual widget -->
            <title>DAC 12-bit</title>
            <!-- Generic description displayed in the first panel of the tooltip -->
            <extract>Digital to Analog Converter</extract>
            <!-- Detailed information displayed in the expandable panel when no MCU series has been selected -->
            <help_text>A Digital-To-Analog converter is used to convert digital signals&lt;br/&gt;
                to analog voltages which can interface with the external world.
            </help_text>
            <!-- Links that will be displayed on the help widgets:
            - filter: In case a selection needs to be made, use it as regexp on mcu name (STM32F042T6x)
            - display: string that will be displayed in front of the hyperlink
            - type: the type of file you want to display ("txt" "pdf", "chm", "html", "dynamic")
            dynamic stands for the document that have to be retrieved from the JSON database
            - reference: path to the document to be displayed (http or local path)
              If the file is dynamic, indicate the kind of file you want to display:
                * dataSheet => for datasheet document type
                * appNote => for application note document type
                * refMan => for reference manual document type
                * usrMan => for user Manual document type
                * prgMan => for Programming Manual document type
                * errSheet => for Errata Sheet document type
            - index: for pdf,html and chm type it specifies the chapter where the viewer will point
            for dynamic file it can specify a chapter except for application notes where it specifies
            the document display name (e.g. AN1015). This field may be left blank, then the full document
            is displayed -->
        </peripheral>
        <mode>
            <!-- @TODO Describe the mode TBD for CubeMX -->
        </mode>
        <config>
            <!-- @TODO configuration panel TBD for CubeMX -->
        </config>
    </serie>
    <serie ref="STM32F0">
        <peripheral>
            <!-- Title of the contextual widget -->
            <title>DAC 12-bit</title>
            <!-- Generic description displayed in the first panel of the tooltip -->
            <extract>Digital to Analog Converter</extract>
            <!-- Detailed information displayed in the expandable panel when no MCU series has been selected -->
            <help_text>The DAC module is a 12-bit, voltage output digital-to-analog converter. The DAC can&lt;br/&gt;
                be configured in 8 or 12 bit mode and may be used in conjunction with the DMA controller. In&lt;br/&gt;
                12-bit mode, the data could be left or right-aligned.
            </help_text>
            <!-- Links that will be displayed on the help widgets:
            - filter: In case a selection needs to be made, use it as regexp on mcu name (STM32F042T6x)
            - display: string that will be displayed in front of the hyperlink
            - type: the type of file you want to display ("txt" "pdf", "chm", "html", "dynamic")
            dynamic stands for the document that have to be retrieved from the JSON database
            - reference: path to the document to be displayed (http or local path)
              If the file is dynamic, indicate the kind of file you want to display:
                * dataSheet => for datasheet document type
                * appNote => for application note document type
                * refMan => for reference manual document type
                * usrMan => for user Manual document type
                * prgMan => for Programming Manual document type
                * errSheet => for Errata Sheet document type
            - index: for pdf,html and chm type it specifies the chapter where the viewer will point
            for dynamic file it can specify a chapter except for application notes where it specifies
            the document display name (e.g. AN1015). This field may be left blank, then the full document
            is displayed -->
            <link display="Datasheet" type="dynamic" reference="dataSheet" index="Digital-to-analog converter (DAC)">
            </link>
            <link display="Reference manual" type="dynamic" reference="refMan" index="Digital-to-analog converter (DAC)">
            </link>
        </peripheral>
        <mode>
            <!-- @TODO Describe the mode TBD for CubeMX -->
        </mode>
        <config>
            <!-- @TODO configuration panel TBD for CubeMX -->
        </config>
    </serie>
    <serie ref="STM32F1">
        <peripheral>
            <!-- Title of the contextual widget -->
            <title>DAC 12-bit</title>
            <!-- Generic description displayed in the first panel of the tooltip -->
            <extract>Digital to Analog Converter</extract>
            <!-- Detailed information displayed in the expandable panel when no MCU series has been selected -->
            <help_text>The DAC module is a 12-bit, voltage output digital-to-analog converter. The DAC can&lt;br/&gt;
                be configured in 8 or 12 bit mode and may be used in conjunction with the DMA controller. In&lt;br/&gt;
                12-bit mode, the data could be left or right-aligned.
            </help_text>
            <!-- Links that will be displayed on the help widgets:
            - filter: In case a selection needs to be made, use it as regexp on mcu name (STM32F042T6x)
            - display: string that will be displayed in front of the hyperlink
            - type: the type of file you want to display ("txt" "pdf", "chm", "html", "dynamic")
            dynamic stands for the document that have to be retrieved from the JSON database
            - reference: path to the document to be displayed (http or local path)
              If the file is dynamic, indicate the kind of file you want to display:
                * dataSheet => for datasheet document type
                * appNote => for application note document type
                * refMan => for reference manual document type
                * usrMan => for user Manual document type
                * prgMan => for Programming Manual document type
                * errSheet => for Errata Sheet document type
            - index: for pdf,html and chm type it specifies the chapter where the viewer will point
            for dynamic file it can specify a chapter except for application notes where it specifies
            the document display name (e.g. AN1015). This field may be left blank, then the full document
            is displayed -->
            <link display="Datasheet" type="dynamic" reference="dataSheet" index="DAC (digital-to-analog converter)">
            </link>
            <link display="Reference manual" type="dynamic" reference="refMan" index="Digital-to-analog converter (DAC)">
            </link>
        </peripheral>
        <mode>
            <!-- @TODO Describe the mode TBD for CubeMX -->
        </mode>
        <config>
            <!-- @TODO configuration panel TBD for CubeMX -->
        </config>
    </serie>
    <serie ref="STM32F2">
        <peripheral>
            <!-- Title of the contextual widget -->
            <title>DAC 12-bit</title>
            <!-- Generic description displayed in the first panel of the tooltip -->
            <extract>Digital to Analog Converter</extract>
            <!-- Detailed information displayed in the expandable panel when no MCU series has been selected -->
            <help_text>The DAC module is a 12-bit, voltage output digital-to-analog converter. The DAC can&lt;br/&gt;
                be configured in 8 or 12 bit mode and may be used in conjunction with the DMA controller. In&lt;br/&gt;
                12-bit mode, the data could be left or right-aligned.
            </help_text>
            <!-- Links that will be displayed on the help widgets:
            - filter: In case a selection needs to be made, use it as regexp on mcu name (STM32F042T6x)
            - display: string that will be displayed in front of the hyperlink
            - type: the type of file you want to display ("txt" "pdf", "chm", "html", "dynamic")
            dynamic stands for the document that have to be retrieved from the JSON database
            - reference: path to the document to be displayed (http or local path)
              If the file is dynamic, indicate the kind of file you want to display:
                * dataSheet => for datasheet document type
                * appNote => for application note document type
                * refMan => for reference manual document type
                * usrMan => for user Manual document type
                * prgMan => for Programming Manual document type
                * errSheet => for Errata Sheet document type
            - index: for pdf,html and chm type it specifies the chapter where the viewer will point
            for dynamic file it can specify a chapter except for application notes where it specifies
            the document display name (e.g. AN1015). This field may be left blank, then the full document
            is displayed -->
            <link display="Datasheet" type="dynamic" reference="dataSheet" index="DAC (digital-to-analog converter)">
            </link>
            <link display="Reference manual" type="dynamic" reference="refMan" index="Digital-to-analog converter (DAC)">
            </link>
        </peripheral>
        <mode>
            <!-- @TODO Describe the mode TBD for CubeMX -->
        </mode>
        <config>
            <!-- @TODO configuration panel TBD for CubeMX -->
        </config>
    </serie>
    <serie ref="STM32F3">
        <peripheral>
            <!-- Title of the contextual widget -->
            <title>DAC 12-bit</title>
            <!-- Generic description displayed in the first panel of the tooltip -->
            <extract>Digital to Analog Converter</extract>
            <!-- Detailed information displayed in the expandable panel when no MCU series has been selected -->
            <help_text>The DAC module is a 12-bit, voltage output digital-to-analog converter. The DAC can&lt;br/&gt;
                be configured in 8 or 12 bit mode and may be used in conjunction with the DMA controller. In&lt;br/&gt;
                12-bit mode, the data could be left or right-aligned.
            </help_text>
            <!-- Links that will be displayed on the help widgets:
            - filter: In case a selection needs to be made, use it as regexp on mcu name (STM32F042T6x)
            - display: string that will be displayed in front of the hyperlink
            - type: the type of file you want to display ("txt" "pdf", "chm", "html", "dynamic")
            dynamic stands for the document that have to be retrieved from the JSON database
            - reference: path to the document to be displayed (http or local path)
              If the file is dynamic, indicate the kind of file you want to display:
                * dataSheet => for datasheet document type
                * appNote => for application note document type
                * refMan => for reference manual document type
                * usrMan => for user Manual document type
                * prgMan => for Programming Manual document type
                * errSheet => for Errata Sheet document type
            - index: for pdf,html and chm type it specifies the chapter where the viewer will point
            for dynamic file it can specify a chapter except for application notes where it specifies
            the document display name (e.g. AN1015). This field may be left blank, then the full document
            is displayed -->
            <link display="Datasheet" type="dynamic" reference="dataSheet" index="Digital-to-analog converter (DAC)">
            </link>
            <link filter="MCU:STM32F3(0[12]|18).*" display="Reference manual" type="dynamic" reference="refMan" index="Digital-to-analog converter (DAC1)">
            </link>
            <link filter="MCU:STM32F3(03|[259]8|34|7).*" display="Reference manual" type="dynamic" reference="refMan" index="Digital-to-analog converter (DAC1 and DAC2)">
            </link>
        </peripheral>
        <mode>
            <!-- @TODO Describe the mode TBD for CubeMX -->
        </mode>
        <config>
            <!-- @TODO configuration panel TBD for CubeMX -->
        </config>
    </serie>
    <serie ref="STM32F4">
        <peripheral>
            <!-- Title of the contextual widget -->
            <title>DAC 12-bit</title>
            <!-- Generic description displayed in the first panel of the tooltip -->
            <extract>Digital to Analog Converter</extract>
            <!-- Detailed information displayed in the expandable panel when no MCU series has been selected -->
            <help_text>The DAC module is a 12-bit, voltage output digital-to-analog converter. The DAC can&lt;br/&gt;
                be configured in 8 or 12 bit mode and may be used in conjunction with the DMA controller. In&lt;br/&gt;
                12-bit mode, the data could be left or right-aligned.
            </help_text>
            <!-- Links that will be displayed on the help widgets:
            - filter: In case a selection needs to be made, use it as regexp on mcu name (STM32F042T6x)
            - display: string that will be displayed in front of the hyperlink
            - type: the type of file you want to display ("txt" "pdf", "chm", "html", "dynamic")
            dynamic stands for the document that have to be retrieved from the JSON database
            - reference: path to the document to be displayed (http or local path)
              If the file is dynamic, indicate the kind of file you want to display:
                * dataSheet => for datasheet document type
                * appNote => for application note document type
                * refMan => for reference manual document type
                * usrMan => for user Manual document type
                * prgMan => for Programming Manual document type
                * errSheet => for Errata Sheet document type
            - index: for pdf,html and chm type it specifies the chapter where the viewer will point
            for dynamic file it can specify a chapter except for application notes where it specifies
            the document display name (e.g. AN1015). This field may be left blank, then the full document
            is displayed -->
            <link filter="STM32F4([01][57]|[23][79]|46|[67]9|10.[8B]).*" display="Datasheet" type="dynamic" reference="dataSheet" index="Digital-to-analog converter (DAC)">
            </link>
            <link filter="STM32F4([12]3.[GH]).*" display="Datasheet" type="dynamic" reference="dataSheet" index="Digital to analog converter (DAC)">
            </link>
            <link display="Reference manual" type="dynamic" reference="refMan" index="Digital-to-analog converter (DAC)">
            </link>
        </peripheral>
        <mode>
            <!-- @TODO Describe the mode TBD for CubeMX -->
        </mode>
        <config>
            <!-- @TODO configuration panel TBD for CubeMX -->
        </config>
    </serie>
    <serie ref="STM32F7">
        <peripheral>
            <!-- Title of the contextual widget -->
            <title>DAC 12-bit</title>
            <!-- Generic description displayed in the first panel of the tooltip -->
            <extract>Digital to Analog Converter</extract>
            <!-- Detailed information displayed in the expandable panel when no MCU series has been selected -->
            <help_text>The DAC module is a 12-bit, voltage output digital-to-analog converter. The DAC can&lt;br/&gt;
                be configured in 8 or 12 bit mode and may be used in conjunction with the DMA controller. In&lt;br/&gt;
                12-bit mode, the data could be left or right-aligned.
            </help_text>
            <!-- Links that will be displayed on the help widgets:
            - filter: In case a selection needs to be made, use it as regexp on mcu name (STM32F042T6x)
            - display: string that will be displayed in front of the hyperlink
            - type: the type of file you want to display ("txt" "pdf", "chm", "html", "dynamic")
            dynamic stands for the document that have to be retrieved from the JSON database
            - reference: path to the document to be displayed (http or local path)
              If the file is dynamic, indicate the kind of file you want to display:
                * dataSheet => for datasheet document type
                * appNote => for application note document type
                * refMan => for reference manual document type
                * usrMan => for user Manual document type
                * prgMan => for Programming Manual document type
                * errSheet => for Errata Sheet document type
            - index: for pdf,html and chm type it specifies the chapter where the viewer will point
            for dynamic file it can specify a chapter except for application notes where it specifies
            the document display name (e.g. AN1015). This field may be left blank, then the full document
            is displayed -->
            <link display="Datasheet" type="dynamic" reference="dataSheet" index="Digital-to-analog converter (DAC)">
            </link>
            <link display="Reference manual" type="dynamic" reference="refMan" index="Digital-to-analog converter (DAC)">
            </link>
        </peripheral>
        <mode>
            <!-- @TODO Describe the mode TBD for CubeMX -->
        </mode>
        <config>
            <!-- @TODO configuration panel TBD for CubeMX -->
        </config>
    </serie>
    <serie ref="STM32G0">
        <peripheral>
            <!-- Title of the contextual widget -->
            <title>DAC 12-bit</title>
            <!-- Generic description displayed in the first panel of the tooltip -->
            <extract>Digital to Analog Converter</extract>
            <!-- Detailed information displayed in the expandable panel when no MCU series has been selected -->
            <help_text>The DAC module is a 12-bit, voltage output digital-to-analog converter. The DAC can&lt;br/&gt;
                be configured in 8 or 12 bit mode and may be used in conjunction with the DMA controller. In&lt;br/&gt;
                12-bit mode, the data could be left or right-aligned.
            </help_text>
            <!-- Links that will be displayed on the help widgets:
            - filter: In case a selection needs to be made, use it as regexp on mcu name (STM32F042T6x)
            - display: string that will be displayed in front of the hyperlink
            - type: the type of file you want to display ("txt" "pdf", "chm", "html", "dynamic")
            dynamic stands for the document that have to be retrieved from the JSON database
            - reference: path to the document to be displayed (http or local path)
              If the file is dynamic, indicate the kind of file you want to display:
                * dataSheet => for datasheet document type
                * appNote => for application note document type
                * refMan => for reference manual document type
                * usrMan => for user Manual document type
                * prgMan => for Programming Manual document type
                * errSheet => for Errata Sheet document type
            - index: for pdf,html and chm type it specifies the chapter where the viewer will point
            for dynamic file it can specify a chapter except for application notes where it specifies
            the document display name (e.g. AN1015). This field may be left blank, then the full document
            is displayed -->
            <link display="Datasheet" type="dynamic" reference="dataSheet" index="Digital-to-analog converter (DAC)">
            </link>
            <link display="Reference manual" type="dynamic" reference="refMan" index="Digital-to-analog converter (DAC)">
            </link>
        </peripheral>
        <mode>
            <!-- @TODO Describe the mode TBD for CubeMX -->
        </mode>
        <config>
            <!-- @TODO configuration panel TBD for CubeMX -->
        </config>
    </serie>
    <serie ref="STM32H7">
        <peripheral>
            <!-- Title of the contextual widget -->
            <title>DAC 12-bit</title>
            <!-- Generic description displayed in the first panel of the tooltip -->
            <extract>Digital to Analog Converter</extract>
            <!-- Detailed information displayed in the expandable panel when no MCU series has been selected -->
            <help_text>The DAC module is a 12-bit, voltage output digital-to-analog converter. The DAC can&lt;br/&gt;
                be configured in 8 or 12 bit mode and may be used in conjunction with the DMA controller. In&lt;br/&gt;
                12-bit mode, the data could be left or right-aligned.
            </help_text>
            <!-- Links that will be displayed on the help widgets:
            - filter: In case a selection needs to be made, use it as regexp on mcu name (STM32F042T6x)
            - display: string that will be displayed in front of the hyperlink
            - type: the type of file you want to display ("txt" "pdf", "chm", "html", "dynamic")
            dynamic stands for the document that have to be retrieved from the JSON database
            - reference: path to the document to be displayed (http or local path)
              If the file is dynamic, indicate the kind of file you want to display:
                * dataSheet => for datasheet document type
                * appNote => for application note document type
                * refMan => for reference manual document type
                * usrMan => for user Manual document type
                * prgMan => for Programming Manual document type
                * errSheet => for Errata Sheet document type
            - index: for pdf,html and chm type it specifies the chapter where the viewer will point
            for dynamic file it can specify a chapter except for application notes where it specifies
            the document display name (e.g. AN1015). This field may be left blank, then the full document
            is displayed -->
            <link display="Datasheet" type="dynamic" reference="dataSheet" index="Digital-to-analog converters (DAC)">
            </link>
            <link display="Reference manual" type="dynamic" reference="refMan" index="Digital-to-analog converter (DAC)">
            </link>
        </peripheral>
        <mode>
            <!-- @TODO Describe the mode TBD for CubeMX -->
        </mode>
        <config>
            <!-- @TODO configuration panel TBD for CubeMX -->
        </config>
    </serie>
	<serie ref="STM32G4">
        <peripheral>
            <!-- Title of the contextual widget -->
            <title>DAC 12-bit</title>
            <!-- Generic description displayed in the first panel of the tooltip -->
            <extract>Digital to Analog Converter</extract>
            <!-- Detailed information displayed in the expandable panel when no MCU series has been selected -->
            <help_text>The DAC module is a 12-bit, voltage output digital-to-analog converter. The DAC can&lt;br/&gt;
                be configured in 8 or 12 bit mode and may be used in conjunction with the DMA controller. In&lt;br/&gt;
                12-bit mode, the data could be left or right-aligned.
            </help_text>
            <!-- Links that will be displayed on the help widgets:
            - filter: In case a selection needs to be made, use it as regexp on mcu name (STM32F042T6x)
            - display: string that will be displayed in front of the hyperlink
            - type: the type of file you want to display ("txt" "pdf", "chm", "html", "dynamic")
            dynamic stands for the document that have to be retrieved from the JSON database
            - reference: path to the document to be displayed (http or local path)
              If the file is dynamic, indicate the kind of file you want to display:
                * dataSheet => for datasheet document type
                * appNote => for application note document type
                * refMan => for reference manual document type
                * usrMan => for user Manual document type
                * prgMan => for Programming Manual document type
                * errSheet => for Errata Sheet document type
            - index: for pdf,html and chm type it specifies the chapter where the viewer will point
            for dynamic file it can specify a chapter except for application notes where it specifies
            the document display name (e.g. AN1015). This field may be left blank, then the full document
            is displayed -->
            <link display="Datasheet" type="dynamic" reference="dataSheet" index="Digital-to-analog converters (DAC)">
            </link>
            <link display="Reference manual" type="dynamic" reference="refMan" index="Digital-to-analog converter (DAC)">
            </link>
        </peripheral>
        <mode>
            <!-- @TODO Describe the mode TBD for CubeMX -->
        </mode>
        <config>
            <!-- @TODO configuration panel TBD for CubeMX -->
        </config>
    </serie>
	
    <serie ref="STM32L0">
        <peripheral>
            <!-- Title of the contextual widget -->
            <title>DAC 12-bit</title>
            <!-- Generic description displayed in the first panel of the tooltip -->
            <extract>Digital to Analog Converter</extract>
            <!-- Detailed information displayed in the expandable panel when no MCU series has been selected -->
            <help_text>The DAC module is a 12-bit, voltage output digital-to-analog converter. The DAC can&lt;br/&gt;
                be configured in 8 or 12 bit mode and may be used in conjunction with the DMA controller. In&lt;br/&gt;
                12-bit mode, the data could be left or right-aligned.
            </help_text>
            <!-- Links that will be displayed on the help widgets:
            - filter: In case a selection needs to be made, use it as regexp on mcu name (STM32F042T6x)
            - display: string that will be displayed in front of the hyperlink
            - type: the type of file you want to display ("txt" "pdf", "chm", "html", "dynamic")
            dynamic stands for the document that have to be retrieved from the JSON database
            - reference: path to the document to be displayed (http or local path)
              If the file is dynamic, indicate the kind of file you want to display:
                * dataSheet => for datasheet document type
                * appNote => for application note document type
                * refMan => for reference manual document type
                * usrMan => for user Manual document type
                * prgMan => for Programming Manual document type
                * errSheet => for Errata Sheet document type
            - index: for pdf,html and chm type it specifies the chapter where the viewer will point
            for dynamic file it can specify a chapter except for application notes where it specifies
            the document display name (e.g. AN1015). This field may be left blank, then the full document
            is displayed -->
            <link display="Datasheet" type="dynamic" reference="dataSheet" index="Digital-to-analog converter (DAC)">
            </link>
            <link display="Reference manual" type="dynamic" reference="refMan" index="Digital-to-analog converter (DAC)">
            </link>
        </peripheral>
        <mode>
            <!-- @TODO Describe the mode TBD for CubeMX -->
        </mode>
        <config>
            <!-- @TODO configuration panel TBD for CubeMX -->
        </config>
    </serie>
    <serie ref="STM32L1">
        <peripheral>
            <!-- Title of the contextual widget -->
            <title>DAC 12-bit</title>
            <!-- Generic description displayed in the first panel of the tooltip -->
            <extract>Digital to Analog Converter</extract>
            <!-- Detailed information displayed in the expandable panel when no MCU series has been selected -->
            <help_text>The DAC module is a 12-bit, voltage output digital-to-analog converter. The DAC can&lt;br/&gt;
                be configured in 8 or 12 bit mode and may be used in conjunction with the DMA controller. In&lt;br/&gt;
                12-bit mode, the data could be left or right-aligned.
            </help_text>
            <!-- Links that will be displayed on the help widgets:
            - filter: In case a selection needs to be made, use it as regexp on mcu name (STM32F042T6x)
            - display: string that will be displayed in front of the hyperlink
            - type: the type of file you want to display ("txt" "pdf", "chm", "html", "dynamic")
            dynamic stands for the document that have to be retrieved from the JSON database
            - reference: path to the document to be displayed (http or local path)
              If the file is dynamic, indicate the kind of file you want to display:
                * dataSheet => for datasheet document type
                * appNote => for application note document type
                * refMan => for reference manual document type
                * usrMan => for user Manual document type
                * prgMan => for Programming Manual document type
                * errSheet => for Errata Sheet document type
            - index: for pdf,html and chm type it specifies the chapter where the viewer will point
            for dynamic file it can specify a chapter except for application notes where it specifies
            the document display name (e.g. AN1015). This field may be left blank, then the full document
            is displayed -->
            <link display="Datasheet" type="dynamic" reference="dataSheet" index="DAC (digital-to-analog converter)">
            </link>
            <link display="Reference manual" type="dynamic" reference="refMan" index="Digital-to-analog converter (DAC)">
            </link>
        </peripheral>
        <mode>
            <!-- @TODO Describe the mode TBD for CubeMX -->
        </mode>
        <config>
            <!-- @TODO configuration panel TBD for CubeMX -->
        </config>
    </serie>
    <serie ref="STM32L4">
        <peripheral>
            <!-- Title of the contextual widget -->
            <title>DAC 12-bit</title>
            <!-- Generic description displayed in the first panel of the tooltip -->
            <extract>Digital to Analog Converter</extract>
            <!-- Detailed information displayed in the expandable panel when no MCU series has been selected -->
            <help_text>The DAC module is a 12-bit, voltage output digital-to-analog converter. The DAC can&lt;br/&gt;
                be configured in 8 or 12 bit mode and may be used in conjunction with the DMA controller. In&lt;br/&gt;
                12-bit mode, the data could be left or right-aligned.
            </help_text>
            <!-- Links that will be displayed on the help widgets:
            - filter: In case a selection needs to be made, use it as regexp on mcu name (STM32F042T6x)
            - display: string that will be displayed in front of the hyperlink
            - type: the type of file you want to display ("txt" "pdf", "chm", "html", "dynamic")
            dynamic stands for the document that have to be retrieved from the JSON database
            - reference: path to the document to be displayed (http or local path)
              If the file is dynamic, indicate the kind of file you want to display:
                * dataSheet => for datasheet document type
                * appNote => for application note document type
                * refMan => for reference manual document type
                * usrMan => for user Manual document type
                * prgMan => for Programming Manual document type
                * errSheet => for Errata Sheet document type
            - index: for pdf,html and chm type it specifies the chapter where the viewer will point
            for dynamic file it can specify a chapter except for application notes where it specifies
            the document display name (e.g. AN1015). This field may be left blank, then the full document
            is displayed -->
            <link display="Datasheet" type="dynamic" reference="dataSheet" index="Digital to analog converter (DAC)">
            </link>
            <link display="Reference manual" type="dynamic" reference="refMan" index="Digital-to-analog converter (DAC)">
            </link>
        </peripheral>
        <mode>
            <!-- @TODO Describe the mode TBD for CubeMX -->
        </mode>
        <config>
            <!-- @TODO configuration panel TBD for CubeMX -->
        </config>
    </serie>
    <serie ref="STM32L5">
        <peripheral>
            <!-- Title of the contextual widget -->
            <title>DAC 12-bit</title>
            <!-- Generic description displayed in the first panel of the tooltip -->
            <extract>Digital to Analog Converter</extract>
            <!-- Detailed information displayed in the expandable panel when no MCU series has been selected -->
            <help_text>The DAC module is a 12-bit, voltage output digital-to-analog converter. The DAC can&lt;br/&gt;
                be configured in 8 or 12 bit mode and may be used in conjunction with the DMA controller. In&lt;br/&gt;
                12-bit mode, the data could be left or right-aligned.
            </help_text>
            <!-- Links that will be displayed on the help widgets:
            - filter: In case a selection needs to be made, use it as regexp on mcu name (STM32F042T6x)
            - display: string that will be displayed in front of the hyperlink
            - type: the type of file you want to display ("txt" "pdf", "chm", "html", "dynamic")
            dynamic stands for the document that have to be retrieved from the JSON database
            - reference: path to the document to be displayed (http or local path)
              If the file is dynamic, indicate the kind of file you want to display:
                * dataSheet => for datasheet document type
                * appNote => for application note document type
                * refMan => for reference manual document type
                * usrMan => for user Manual document type
                * prgMan => for Programming Manual document type
                * errSheet => for Errata Sheet document type
            - index: for pdf,html and chm type it specifies the chapter where the viewer will point
            for dynamic file it can specify a chapter except for application notes where it specifies
            the document display name (e.g. AN1015). This field may be left blank, then the full document
            is displayed -->
            <link display="Datasheet" type="dynamic" reference="dataSheet" index="Digital to analog converter (DAC)">
            </link>
            <link display="Reference manual" type="dynamic" reference="refMan" index="Digital-to-analog converter (DAC)">
            </link>
        </peripheral>
        <mode>
            <!-- @TODO Describe the mode TBD for CubeMX -->
        </mode>
        <config>
            <!-- @TODO configuration panel TBD for CubeMX -->
        </config>
    </serie>
    <serie ref="STM32WL">
        <peripheral>
            <!-- Title of the contextual widget -->
            <title>DAC 12-bit</title>
            <!-- Generic description displayed in the first panel of the tooltip -->
            <extract>Digital to Analog Converter</extract>
            <!-- Detailed information displayed in the expandable panel when no MCU series has been selected -->
            <help_text>The DAC module is a 12-bit, voltage output digital-to-analog converter. The DAC can&lt;br/&gt;
                be configured in 8 or 12 bit mode and may be used in conjunction with the DMA controller. In&lt;br/&gt;
                12-bit mode, the data could be left or right-aligned.
            </help_text>
            <!-- Links that will be displayed on the help widgets:
            - filter: In case a selection needs to be made, use it as regexp on mcu name (STM32F042T6x)
            - display: string that will be displayed in front of the hyperlink
            - type: the type of file you want to display ("txt" "pdf", "chm", "html", "dynamic")
            dynamic stands for the document that have to be retrieved from the JSON database
            - reference: path to the document to be displayed (http or local path)
              If the file is dynamic, indicate the kind of file you want to display:
                * dataSheet => for datasheet document type
                * appNote => for application note document type
                * refMan => for reference manual document type
                * usrMan => for user Manual document type
                * prgMan => for Programming Manual document type
                * errSheet => for Errata Sheet document type
            - index: for pdf,html and chm type it specifies the chapter where the viewer will point
            for dynamic file it can specify a chapter except for application notes where it specifies
            the document display name (e.g. AN1015). This field may be left blank, then the full document
            is displayed -->
            <link display="Datasheet" type="dynamic" reference="dataSheet" index="Digital-to-analog converter (DAC)">
            </link>
            <link display="Reference manual" type="dynamic" reference="refMan" index="Digital-to-analog converter (DAC)">
            </link>
        </peripheral>
        <mode>
            <!-- @TODO Describe the mode TBD for CubeMX -->
        </mode>
        <config>
            <!-- @TODO configuration panel TBD for CubeMX -->
        </config>
    </serie>
    <serie ref="STM32MP1">
        <peripheral>
            <!-- Title of the contextual widget -->
            <title>DAC 12-bit</title>
            <!-- Generic description displayed in the first panel of the tooltip -->
            <extract>Digital to Analog Converter</extract>
            <!-- Detailed information displayed in the expandable panel when no MCU series has been selected -->
            <help_text>The DAC module is a 12-bit, voltage output digital-to-analog converter. The DAC can&lt;br/&gt;
                be configured in 8 or 12 bit mode and may be used in conjunction with the DMA controller. In&lt;br/&gt;
                12-bit mode, the data could be left or right-aligned.
            </help_text>
            <!-- Links that will be displayed on the help widgets:
            - filter: In case a selection needs to be made, use it as regexp on mcu name (STM32F042T6x)
            - display: string that will be displayed in front of the hyperlink
            - type: the type of file you want to display ("txt" "pdf", "chm", "html", "dynamic")
            dynamic stands for the document that have to be retrieved from the JSON database
            - reference: path to the document to be displayed (http or local path)
              If the file is dynamic, indicate the kind of file you want to display:
                * dataSheet => for datasheet document type
                * appNote => for application note document type
                * refMan => for reference manual document type
                * usrMan => for user Manual document type
                * prgMan => for Programming Manual document type
                * errSheet => for Errata Sheet document type
            - index: for pdf,html and chm type it specifies the chapter where the viewer will point
            for dynamic file it can specify a chapter except for application notes where it specifies
            the document display name (e.g. AN1015). This field may be left blank, then the full document
            is displayed -->
            <link display="Datasheet" type="dynamic" reference="dataSheet" index="Digital-to-analog converters (DAC1, DAC2)">
            </link>
            <link display="Reference manual" type="dynamic" reference="refMan" index="Digital-to-analog converter (DAC)">
            </link>
        </peripheral>
        <mode>
            <!-- @TODO Describe the mode TBD for CubeMX -->
        </mode>
        <config>
            <!-- @TODO configuration panel TBD for CubeMX -->
        </config>
    </serie>
    <serie ref="STM8AL">
        <peripheral>
            <!-- Title of the contextual widget -->
            <title>DAC 12-bit</title>
            <!-- Generic description displayed in the first panel of the tooltip -->
            <extract>Digital to Analog Converter</extract>
            <!-- Detailed information displayed in the expandable panel when no MCU series has been selected -->
            <help_text>The DAC module is a 12-bit, voltage output digital-to-analog converter. The DAC can&lt;br/&gt;
                be configured in 8 or 12 bit mode and may be used in conjunction with the DMA controller. In&lt;br/&gt;
                12-bit mode, the data could be left or right-aligned.
            </help_text>
            <!-- Links that will be displayed on the help widgets:
            - filter: In case a selection needs to be made, use it as regexp on mcu name (STM32F042T6x)
            - display: string that will be displayed in front of the hyperlink
            - type: the type of file you want to display ("txt" "pdf", "chm", "html", "dynamic")
            dynamic stands for the document that have to be retrieved from the JSON database
            - reference: path to the document to be displayed (http or local path)
              If the file is dynamic, indicate the kind of file you want to display:
                * dataSheet => for datasheet document type
                * appNote => for application note document type
                * refMan => for reference manual document type
                * usrMan => for user Manual document type
                * prgMan => for Programming Manual document type
                * errSheet => for Errata Sheet document type
            - index: for pdf,html and chm type it specifies the chapter where the viewer will point
            for dynamic file it can specify a chapter except for application notes where it specifies
            the document display name (e.g. AN1015). This field may be left blank, then the full document
            is displayed -->
            <link display="Datasheet" type="dynamic" reference="dataSheet" index="DAC (digital-to-analog converter)">
            </link>
            <link display="Reference manual" type="dynamic" reference="refMan" index="Digital-to-analog converter (DAC)">
            </link>
        </peripheral>
        <mode>
            <!-- @TODO Describe the mode TBD for CubeMX -->
        </mode>
        <config>
            <!-- @TODO configuration panel TBD for CubeMX -->
        </config>
    </serie>
    <serie ref="STM8L">
        <peripheral>
            <!-- Title of the contextual widget -->
            <title>DAC 12-bit</title>
            <!-- Generic description displayed in the first panel of the tooltip -->
            <extract>Digital to Analog Converter</extract>
            <!-- Detailed information displayed in the expandable panel when no MCU series has been selected -->
            <help_text>The DAC module is a 12-bit, voltage output digital-to-analog converter. The DAC can&lt;br/&gt;
                be configured in 8 or 12 bit mode and may be used in conjunction with the DMA controller. In&lt;br/&gt;
                12-bit mode, the data could be left or right-aligned.
            </help_text>
            <!-- Links that will be displayed on the help widgets:
            - filter: In case a selection needs to be made, use it as regexp on mcu name (STM32F042T6x)
            - display: string that will be displayed in front of the hyperlink
            - type: the type of file you want to display ("txt" "pdf", "chm", "html", "dynamic")
            dynamic stands for the document that have to be retrieved from the JSON database
            - reference: path to the document to be displayed (http or local path)
              If the file is dynamic, indicate the kind of file you want to display:
                * dataSheet => for datasheet document type
                * appNote => for application note document type
                * refMan => for reference manual document type
                * usrMan => for user Manual document type
                * prgMan => for Programming Manual document type
                * errSheet => for Errata Sheet document type
            - index: for pdf,html and chm type it specifies the chapter where the viewer will point
            for dynamic file it can specify a chapter except for application notes where it specifies
            the document display name (e.g. AN1015). This field may be left blank, then the full document
            is displayed -->
            <link display="Datasheet" type="dynamic" reference="dataSheet" index="Digital-to-analog converter (DAC)">
            </link>
            <link display="Reference manual" type="dynamic" reference="refMan" index="Digital-to-analog converter (DAC)">
            </link>
        </peripheral>
        <mode>
            <!-- @TODO Describe the mode TBD for CubeMX -->
        </mode>
        <config>
            <!-- @TODO configuration panel TBD for CubeMX -->
        </config>
    </serie>
</ctx_periph_help>
