<?xml version="1.0" encoding="UTF-8"?>
<!--

 File Name          : Ethernet.xml
 Description        : Contextual documentation of the Ethernet
                      for all MCU series

 COPYRIGHT(c) 2016 STMicroelectronics

====================================================================
| version 0.1  |  A.Morin          | Creation                      |
====================================================================
| version 0.2  |  A.Morin          | BZ36828 correction            |
====================================================================

Contextual help database for Ethernet peripheral, it contains:
    - peripheral generic information under <peripheral> node
    - information about peripheral mode under <mode> node
    - details about the peripheral configuration under <config> node

-->
<ctx_periph_help xsi:noNamespaceSchemaLocation="../../../../../../../doc/V4/Development/Specifications/contextualDocumentation/peripherals.xsd" xmlns:xsi="http://www.w3.org/2001/XMLSchema-instance">
    <!-- serie "ref" is the MCU series you want to document e.g. STM32F0, STM32F1... -->
    <serie ref="Default">
        <peripheral>
            <!-- Title of the contextual widget -->
            <title>Ethernet</title>
            <!-- Generic description displayed in the first panel of the tooltip -->
            <extract>Ethernet media access control (MAC) with DMA controller</extract>
            <!-- Detailed information displayed in the expandable panel when no MCU series has been selected -->
            <help_text>This peripheral is in charge of the Media Access Control layer of Ethernet communication.&lt;br/&gt;
                It is fully compliant with the IEEE 802.3 standard. The peripheral is involved in applications based&lt;br/&gt;
                on internet networks. Such applications rely on the TCP/IP layer model. The MAC is in charge of the link&lt;br/&gt;
                layer of TCP/IP communication model.
            </help_text>
            <!-- Links that will be displayed on the help widgets:
            - filter: In case a selection needs to be made, use it as regexp on mcu name (STM32F042T6x)
            - display: string that will be displayed in front of the hyperlink
            - type: the type of file you want to display ("txt" "pdf", "chm", "html", "dynamic")
            dynamic stands for the document that have to be retrieved from the JSON database
            - reference: path to the document to be displayed (http or local path)
              If the file is dynamic, indicate the kind of file you want to display:
                * dataSheet => for datasheet document type
                * appNote => for application note document type
                * refMan => for reference manual document type
                * usrMan => for user Manual document type
                * prgMan => for Programming Manual document type
                * errSheet => for Errata Sheet document type
            - index: for pdf,html and chm type it specifies the chapter where the viewer will point
            for dynamic file it can specify a chapter except for application notes where it specifies
            the document display name (e.g. AN1015). This field may be left blank, then the full document
            is displayed -->
        </peripheral>
        <mode>
            <!-- @TODO Describe the mode TBD for CubeMX -->
        </mode>
        <config>
            <!-- @TODO configuration panel TBD for CubeMX -->
        </config>
    </serie>
    <serie ref="STM32F1">
        <peripheral>
            <!-- Title of the contextual widget -->
            <title>Ethernet</title>
            <!-- Generic description displayed in the first panel of the tooltip -->
            <extract>Ethernet media access control (MAC) with DMA controller</extract>
            <!-- Detailed information displayed in the expandable panel when no MCU series has been selected -->
            <help_text>This peripheral is in charge of the Media Access Control layer of Ethernet communication.&lt;br/&gt;
                It is fully compliant with the IEEE 802.3 standard. The peripheral is involved in applications based&lt;br/&gt;
                on internet networks. Such applications rely on the TCP/IP layer model. The MAC is in charge of the link&lt;br/&gt;
                layer of TCP/IP communication model.
            </help_text>
            <!-- Links that will be displayed on the help widgets:
            - filter: In case a selection needs to be made, use it as regexp on mcu name (STM32F042T6x)
            - display: string that will be displayed in front of the hyperlink
            - type: the type of file you want to display ("txt" "pdf", "chm", "html", "dynamic")
            dynamic stands for the document that have to be retrieved from the JSON database
            - reference: path to the document to be displayed (http or local path)
              If the file is dynamic, indicate the kind of file you want to display:
                * dataSheet => for datasheet document type
                * appNote => for application note document type
                * refMan => for reference manual document type
                * usrMan => for user Manual document type
                * prgMan => for Programming Manual document type
                * errSheet => for Errata Sheet document type
            - index: for pdf,html and chm type it specifies the chapter where the viewer will point
            for dynamic file it can specify a chapter except for application notes where it specifies
            the document display name (e.g. AN1015). This field may be left blank, then the full document
            is displayed -->
            <link display="Datasheet" type="dynamic" reference="dataSheet" index="Ethernet MAC interface with dedicated DMA and IEEE 1588 support">
            </link>
            <link display="Reference manual" type="dynamic" reference="refMan" index="Ethernet (ETH): media access control (MAC) with DMA controller">
            </link>
        </peripheral>
        <mode>
            <!-- @TODO Describe the mode TBD for CubeMX -->
        </mode>
        <config>
            <!-- @TODO configuration panel TBD for CubeMX -->
        </config>
    </serie>
    <serie ref="STM32F2">
        <peripheral>
            <!-- Title of the contextual widget -->
            <title>Ethernet</title>
            <!-- Generic description displayed in the first panel of the tooltip -->
            <extract>Ethernet media access control (MAC) with DMA controller</extract>
            <!-- Detailed information displayed in the expandable panel when no MCU series has been selected -->
            <help_text>This peripheral is in charge of the Media Access Control layer of Ethernet communication.&lt;br/&gt;
                It is fully compliant with the IEEE 802.3 standard. The peripheral is involved in applications based&lt;br/&gt;
                on internet networks. Such applications rely on the TCP/IP layer model. The MAC is in charge of the link&lt;br/&gt;
                layer of TCP/IP communication model.
            </help_text>
            <!-- Links that will be displayed on the help widgets:
            - filter: In case a selection needs to be made, use it as regexp on mcu name (STM32F042T6x)
            - display: string that will be displayed in front of the hyperlink
            - type: the type of file you want to display ("txt" "pdf", "chm", "html", "dynamic")
            dynamic stands for the document that have to be retrieved from the JSON database
            - reference: path to the document to be displayed (http or local path)
              If the file is dynamic, indicate the kind of file you want to display:
                * dataSheet => for datasheet document type
                * appNote => for application note document type
                * refMan => for reference manual document type
                * usrMan => for user Manual document type
                * prgMan => for Programming Manual document type
                * errSheet => for Errata Sheet document type
            - index: for pdf,html and chm type it specifies the chapter where the viewer will point
            for dynamic file it can specify a chapter except for application notes where it specifies
            the document display name (e.g. AN1015). This field may be left blank, then the full document
            is displayed -->
            <link display="Datasheet" type="dynamic" reference="dataSheet" index="Ethernet MAC interface with dedicated DMA and IEEE 1588 support">
            </link>
            <link display="Reference manual" type="dynamic" reference="refMan" index="Ethernet (ETH): media access control (MAC) with DMA controller">
            </link>
        </peripheral>
        <mode>
            <!-- @TODO Describe the mode TBD for CubeMX -->
        </mode>
        <config>
            <!-- @TODO configuration panel TBD for CubeMX -->
        </config>
    </serie>
    <serie ref="STM32F4">
        <peripheral>
            <!-- Title of the contextual widget -->
            <title>Ethernet</title>
            <!-- Generic description displayed in the first panel of the tooltip -->
            <extract>Ethernet media access control (MAC) with DMA controller</extract>
            <!-- Detailed information displayed in the expandable panel when no MCU series has been selected -->
            <help_text>This peripheral is in charge of the Media Access Control layer of Ethernet communication.&lt;br/&gt;
                It is fully compliant with the IEEE 802.3 standard. The peripheral is involved in applications based&lt;br/&gt;
                on internet networks. Such applications rely on the TCP/IP layer model. The MAC is in charge of the link&lt;br/&gt;
                layer of TCP/IP communication model.
            </help_text>
            <!-- Links that will be displayed on the help widgets:
            - filter: In case a selection needs to be made, use it as regexp on mcu name (STM32F042T6x)
            - display: string that will be displayed in front of the hyperlink
            - type: the type of file you want to display ("txt" "pdf", "chm", "html", "dynamic")
            dynamic stands for the document that have to be retrieved from the JSON database
            - reference: path to the document to be displayed (http or local path)
              If the file is dynamic, indicate the kind of file you want to display:
                * dataSheet => for datasheet document type
                * appNote => for application note document type
                * refMan => for reference manual document type
                * usrMan => for user Manual document type
                * prgMan => for Programming Manual document type
                * errSheet => for Errata Sheet document type
            - index: for pdf,html and chm type it specifies the chapter where the viewer will point
            for dynamic file it can specify a chapter except for application notes where it specifies
            the document display name (e.g. AN1015). This field may be left blank, then the full document
            is displayed -->
            <link filter="MCU:STM32F4([01][57]|[23][79]|[67]9).*" display="Datasheet" type="dynamic" reference="dataSheet" index="Ethernet MAC interface with dedicated DMA and IEEE 1588 support">
            </link>
            <link display="Reference manual" type="dynamic" reference="refMan" index="Ethernet (ETH): media access control (MAC) with DMA controller">
            </link>
        </peripheral>
        <mode>
            <!-- @TODO Describe the mode TBD for CubeMX -->
        </mode>
        <config>
            <!-- @TODO configuration panel TBD for CubeMX -->
        </config>
    </serie>
    <serie ref="STM32F7">
        <peripheral>
            <!-- Title of the contextual widget -->
            <title>Ethernet</title>
            <!-- Generic description displayed in the first panel of the tooltip -->
            <extract>Ethernet media access control (MAC) with DMA controller</extract>
            <!-- Detailed information displayed in the expandable panel when no MCU series has been selected -->
            <help_text>This peripheral is in charge of the Media Access Control layer of Ethernet communication.&lt;br/&gt;
                It is fully compliant with the IEEE 802.3 standard. The peripheral is involved in applications based&lt;br/&gt;
                on internet networks. Such applications rely on the TCP/IP layer model. The MAC is in charge of the link&lt;br/&gt;
                layer of TCP/IP communication model.
            </help_text>
            <!-- Links that will be displayed on the help widgets:
            - filter: In case a selection needs to be made, use it as regexp on mcu name (STM32F042T6x)
            - display: string that will be displayed in front of the hyperlink
            - type: the type of file you want to display ("txt" "pdf", "chm", "html", "dynamic")
            dynamic stands for the document that have to be retrieved from the JSON database
            - reference: path to the document to be displayed (http or local path)
              If the file is dynamic, indicate the kind of file you want to display:
                * dataSheet => for datasheet document type
                * appNote => for application note document type
                * refMan => for reference manual document type
                * usrMan => for user Manual document type
                * prgMan => for Programming Manual document type
                * errSheet => for Errata Sheet document type
            - index: for pdf,html and chm type it specifies the chapter where the viewer will point
            for dynamic file it can specify a chapter except for application notes where it specifies
            the document display name (e.g. AN1015). This field may be left blank, then the full document
            is displayed -->
            <link filter="STM32F7(?![23]).*" display="Datasheet" type="dynamic" reference="dataSheet" index="Ethernet MAC interface with dedicated DMA and IEEE 1588 support">
            </link>
            <link display="Reference manual" type="dynamic" reference="refMan" index="Ethernet (ETH): media access control (MAC) with DMA controller">
            </link>
        </peripheral>
        <mode>
            <!-- @TODO Describe the mode TBD for CubeMX -->
        </mode>
        <config>
            <!-- @TODO configuration panel TBD for CubeMX -->
        </config>
    </serie>
    <serie ref="STM32H7">
        <peripheral>
            <!-- Title of the contextual widget -->
            <title>Ethernet</title>
            <!-- Generic description displayed in the first panel of the tooltip -->
            <extract>Ethernet media access control (MAC) with DMA controller</extract>
            <!-- Detailed information displayed in the expandable panel when no MCU series has been selected -->
            <help_text>This peripheral is in charge of the Media Access Control layer of Ethernet communication.&lt;br/&gt;
                It is fully compliant with the IEEE 802.3 standard. The peripheral is involved in applications based&lt;br/&gt;
                on internet networks. Such applications rely on the TCP/IP layer model. The MAC is in charge of the link&lt;br/&gt;
                layer of TCP/IP communication model.
            </help_text>
            <!-- Links that will be displayed on the help widgets:
            - filter: In case a selection needs to be made, use it as regexp on mcu name (STM32F042T6x)
            - display: string that will be displayed in front of the hyperlink
            - type: the type of file you want to display ("txt" "pdf", "chm", "html", "dynamic")
            dynamic stands for the document that have to be retrieved from the JSON database
            - reference: path to the document to be displayed (http or local path)
              If the file is dynamic, indicate the kind of file you want to display:
                * dataSheet => for datasheet document type
                * appNote => for application note document type
                * refMan => for reference manual document type
                * usrMan => for user Manual document type
                * prgMan => for Programming Manual document type
                * errSheet => for Errata Sheet document type
            - index: for pdf,html and chm type it specifies the chapter where the viewer will point
            for dynamic file it can specify a chapter except for application notes where it specifies
            the document display name (e.g. AN1015). This field may be left blank, then the full document
            is displayed -->
            <link display="Datasheet" type="dynamic" reference="dataSheet" index="Ethernet MAC interface with dedicated DMA controller (ETH)">
            </link>
            <link display="Reference manual" type="dynamic" reference="refMan" index="Ethernet (ETH): media access control (MAC) with DMA controller">
            </link>
        </peripheral>
        <mode>
            <!-- @TODO Describe the mode TBD for CubeMX -->
        </mode>
        <config>
            <!-- @TODO configuration panel TBD for CubeMX -->
        </config>
    </serie>
    <serie ref="STM32MP1">
        <peripheral>
            <!-- Title of the contextual widget -->
            <title>Ethernet</title>
            <!-- Generic description displayed in the first panel of the tooltip -->
            <extract>Ethernet media access control (MAC) with DMA controller</extract>
            <!-- Detailed information displayed in the expandable panel when no MCU series has been selected -->
            <help_text>This peripheral is in charge of the Media Access Control layer of Ethernet communication.&lt;br/&gt;
                It is fully compliant with the IEEE 802.3 standard. The peripheral is involved in applications based&lt;br/&gt;
                on internet networks. Such applications rely on the TCP/IP layer model. The MAC is in charge of the link&lt;br/&gt;
                layer of TCP/IP communication model.
            </help_text>
            <!-- Links that will be displayed on the help widgets:
            - filter: In case a selection needs to be made, use it as regexp on mcu name (STM32F042T6x)
            - display: string that will be displayed in front of the hyperlink
            - type: the type of file you want to display ("txt" "pdf", "chm", "html", "dynamic")
            dynamic stands for the document that have to be retrieved from the JSON database
            - reference: path to the document to be displayed (http or local path)
              If the file is dynamic, indicate the kind of file you want to display:
                * dataSheet => for datasheet document type
                * appNote => for application note document type
                * refMan => for reference manual document type
                * usrMan => for user Manual document type
                * prgMan => for Programming Manual document type
                * errSheet => for Errata Sheet document type
            - index: for pdf,html and chm type it specifies the chapter where the viewer will point
            for dynamic file it can specify a chapter except for application notes where it specifies
            the document display name (e.g. AN1015). This field may be left blank, then the full document
            is displayed -->
            <link display="Datasheet" type="dynamic" reference="dataSheet" index="Gigabit Ethernet MAC interface (ETH1)">
            </link>
            <link display="Reference manual" type="dynamic" reference="refMan" index="Ethernet (ETH): Gigabit media access control (GMAC) with DMA controller">
            </link>
        </peripheral>
        <mode>
            <!-- @TODO Describe the mode TBD for CubeMX -->
        </mode>
        <config>
            <!-- @TODO configuration panel TBD for CubeMX -->
        </config>
    </serie>
</ctx_periph_help>
