<?xml version="1.0" encoding="UTF-8"?>
<!--

 File Name          : HDMI CEC.xml
 Description        : Contextual documentation of the HDMI CEC
                      for all MCU series

 COPYRIGHT(c) 2016 STMicroelectronics

====================================================================
| version 0.1  |  A.Morin          | Creation                      |
====================================================================
| version 0.2  |  A.Morin          | BZ36828 correction            |
====================================================================

Contextual help database for HDMI CEC peripheral, it contains:
    - peripheral generic information under <peripheral> node
    - information about peripheral mode under <mode> node
    - details about the peripheral configuration under <config> node

-->
<ctx_periph_help xsi:noNamespaceSchemaLocation="../../../../../../../doc/V4/Development/Specifications/contextualDocumentation/peripherals.xsd" xmlns:xsi="http://www.w3.org/2001/XMLSchema-instance">
    <!-- serie "ref" is the MCU series you want to document e.g. STM32F0, STM32F1... -->
    <serie ref="Default">
        <peripheral>
            <!-- Title of the contextual widget -->
            <title>HDMI CEC</title>
            <!-- Generic description displayed in the first panel of the tooltip -->
            <extract>High Definition Multimedia Interface Consumer Electronics Control</extract>
            <!-- Detailed information displayed in the expandable panel when no MCU series has been selected -->
            <help_text>HDMI-CEC (High Definition Multimedia Interface Consumer Electronics Control) is&lt;br/&gt;
                the appendix supplement 1 to the HDMI standard. It is a protocol which provides high-level&lt;br/&gt;
                control functions between all of the various audiovisual products in an environment.&lt;br/&gt;
                It is specified to operate at low speeds with minimum processing and memory overhead.
            </help_text>
            <!-- Links that will be displayed on the help widgets:
            - filter: In case a selection needs to be made, use it as regexp on mcu name (STM32F042T6x)
            - display: string that will be displayed in front of the hyperlink
            - type: the type of file you want to display ("txt" "pdf", "chm", "html", "dynamic")
            dynamic stands for the document that have to be retrieved from the JSON database
            - reference: path to the document to be displayed (http or local path)
              If the file is dynamic, indicate the kind of file you want to display:
                * dataSheet => for datasheet document type
                * appNote => for application note document type
                * refMan => for reference manual document type
                * usrMan => for user Manual document type
                * prgMan => for Programming Manual document type
                * errSheet => for Errata Sheet document type
            - index: for pdf,html and chm type it specifies the chapter where the viewer will point
            for dynamic file it can specify a chapter except for application notes where it specifies
            the document display name (e.g. AN1015). This field may be left blank, then the full document
            is displayed -->
        </peripheral>
        <mode>
            <!-- @TODO Describe the mode TBD for CubeMX -->
        </mode>
        <config>
            <!-- @TODO configuration panel TBD for CubeMX -->
        </config>
    </serie>
    <serie ref="STM32F0">
        <peripheral>
            <!-- Title of the contextual widget -->
            <title>HDMI CEC</title>
            <!-- Generic description displayed in the first panel of the tooltip -->
            <extract>High Definition Multimedia Interface Consumer Electronics Control</extract>
            <!-- Detailed information displayed in the expandable panel when no MCU series has been selected -->
            <help_text>HDMI-CEC (High Definition Multimedia Interface Consumer Electronics Control) is&lt;br/&gt;
                the appendix supplement 1 to the HDMI standard. It is a protocol which provides high-level&lt;br/&gt;
                control functions between all of the various audiovisual products in an environment.&lt;br/&gt;
                It is specified to operate at low speeds with minimum processing and memory overhead.
            </help_text>
            <!-- Links that will be displayed on the help widgets:
            - filter: In case a selection needs to be made, use it as regexp on mcu name (STM32F042T6x)
            - display: string that will be displayed in front of the hyperlink
            - type: the type of file you want to display ("txt" "pdf", "chm", "html", "dynamic")
            dynamic stands for the document that have to be retrieved from the JSON database
            - reference: path to the document to be displayed (http or local path)
              If the file is dynamic, indicate the kind of file you want to display:
                * dataSheet => for datasheet document type
                * appNote => for application note document type
                * refMan => for reference manual document type
                * usrMan => for user Manual document type
                * prgMan => for Programming Manual document type
                * errSheet => for Errata Sheet document type
            - index: for pdf,html and chm type it specifies the chapter where the viewer will point
            for dynamic file it can specify a chapter except for application notes where it specifies
            the document display name (e.g. AN1015). This field may be left blank, then the full document
            is displayed -->
            <link display="Datasheet" type="dynamic" reference="dataSheet" index="High-definition multimedia interface (HDMI) - consumer electronics control (CEC)">
            </link>
            <link display="Reference manual" type="dynamic" reference="refMan" index="HDMI-CEC controller (HDMI-CEC)">
            </link>
        </peripheral>
        <mode>
            <!-- @TODO Describe the mode TBD for CubeMX -->
        </mode>
        <config>
            <!-- @TODO configuration panel TBD for CubeMX -->
        </config>
    </serie>
    <serie ref="STM32F1">
        <peripheral>
            <!-- Title of the contextual widget -->
            <title>HDMI CEC</title>
            <!-- Generic description displayed in the first panel of the tooltip -->
            <extract>High Definition Multimedia Interface Consumer Electronics Control</extract>
            <!-- Detailed information displayed in the expandable panel when no MCU series has been selected -->
            <help_text>HDMI-CEC (High Definition Multimedia Interface Consumer Electronics Control) is&lt;br/&gt;
                the appendix supplement 1 to the HDMI standard. It is a protocol which provides high-level&lt;br/&gt;
                control functions between all of the various audiovisual products in an environment.&lt;br/&gt;
                It is specified to operate at low speeds with minimum processing and memory overhead.
            </help_text>
            <!-- Links that will be displayed on the help widgets:
            - filter: In case a selection needs to be made, use it as regexp on mcu name (STM32F042T6x)
            - display: string that will be displayed in front of the hyperlink
            - type: the type of file you want to display ("txt" "pdf", "chm", "html", "dynamic")
            dynamic stands for the document that have to be retrieved from the JSON database
            - reference: path to the document to be displayed (http or local path)
              If the file is dynamic, indicate the kind of file you want to display:
                * dataSheet => for datasheet document type
                * appNote => for application note document type
                * refMan => for reference manual document type
                * usrMan => for user Manual document type
                * prgMan => for Programming Manual document type
                * errSheet => for Errata Sheet document type
            - index: for pdf,html and chm type it specifies the chapter where the viewer will point
            for dynamic file it can specify a chapter except for application notes where it specifies
            the document display name (e.g. AN1015). This field may be left blank, then the full document
            is displayed -->
            <link display="Datasheet" type="dynamic" reference="dataSheet" index="HDMI (high-definition multimedia interface) consumer electronics control (CEC)">
            </link>
            <link display="Reference manual" type="dynamic" reference="refMan" index="High-definition multimedia interface-consumer electronics control controller (HDMI™-CEC)">
            </link>
        </peripheral>
        <mode>
            <!-- @TODO Describe the mode TBD for CubeMX -->
        </mode>
        <config>
            <!-- @TODO configuration panel TBD for CubeMX -->
        </config>
    </serie>
    <serie ref="STM32F3">
        <peripheral>
            <!-- Title of the contextual widget -->
            <title>HDMI CEC</title>
            <!-- Generic description displayed in the first panel of the tooltip -->
            <extract>High Definition Multimedia Interface Consumer Electronics Control</extract>
            <!-- Detailed information displayed in the expandable panel when no MCU series has been selected -->
            <help_text>HDMI-CEC (High Definition Multimedia Interface Consumer Electronics Control) is&lt;br/&gt;
                the appendix supplement 1 to the HDMI standard. It is a protocol which provides high-level&lt;br/&gt;
                control functions between all of the various audiovisual products in an environment.&lt;br/&gt;
                It is specified to operate at low speeds with minimum processing and memory overhead.
            </help_text>
            <!-- Links that will be displayed on the help widgets:
            - filter: In case a selection needs to be made, use it as regexp on mcu name (STM32F042T6x)
            - display: string that will be displayed in front of the hyperlink
            - type: the type of file you want to display ("txt" "pdf", "chm", "html", "dynamic")
            dynamic stands for the document that have to be retrieved from the JSON database
            - reference: path to the document to be displayed (http or local path)
              If the file is dynamic, indicate the kind of file you want to display:
                * dataSheet => for datasheet document type
                * appNote => for application note document type
                * refMan => for reference manual document type
                * usrMan => for user Manual document type
                * prgMan => for Programming Manual document type
                * errSheet => for Errata Sheet document type
            - index: for pdf,html and chm type it specifies the chapter where the viewer will point
            for dynamic file it can specify a chapter except for application notes where it specifies
            the document display name (e.g. AN1015). This field may be left blank, then the full document
            is displayed -->
            <link filter="STM32F37[38].*" display="Datasheet" type="dynamic" reference="dataSheet" index="High-definition multimedia interface (HDMI) - consumer electronics control (CEC)">
            </link>
            <link display="Reference manual" type="dynamic" reference="refMan" index="HDMI-CEC controller (HDMI-CEC)">
            </link>
        </peripheral>
        <mode>
            <!-- @TODO Describe the mode TBD for CubeMX -->
        </mode>
        <config>
            <!-- @TODO configuration panel TBD for CubeMX -->
        </config>
    </serie>
    <serie ref="STM32F4">
        <peripheral>
            <!-- Title of the contextual widget -->
            <title>HDMI CEC</title>
            <!-- Generic description displayed in the first panel of the tooltip -->
            <extract>High Definition Multimedia Interface Consumer Electronics Control</extract>
            <!-- Detailed information displayed in the expandable panel when no MCU series has been selected -->
            <help_text>HDMI-CEC (High Definition Multimedia Interface Consumer Electronics Control) is&lt;br/&gt;
                the appendix supplement 1 to the HDMI standard. It is a protocol which provides high-level&lt;br/&gt;
                control functions between all of the various audiovisual products in an environment.&lt;br/&gt;
                It is specified to operate at low speeds with minimum processing and memory overhead.
            </help_text>
            <!-- Links that will be displayed on the help widgets:
            - filter: In case a selection needs to be made, use it as regexp on mcu name (STM32F042T6x)
            - display: string that will be displayed in front of the hyperlink
            - type: the type of file you want to display ("txt" "pdf", "chm", "html", "dynamic")
            dynamic stands for the document that have to be retrieved from the JSON database
            - reference: path to the document to be displayed (http or local path)
              If the file is dynamic, indicate the kind of file you want to display:
                * dataSheet => for datasheet document type
                * appNote => for application note document type
                * refMan => for reference manual document type
                * usrMan => for user Manual document type
                * prgMan => for Programming Manual document type
                * errSheet => for Errata Sheet document type
            - index: for pdf,html and chm type it specifies the chapter where the viewer will point
            for dynamic file it can specify a chapter except for application notes where it specifies
            the document display name (e.g. AN1015). This field may be left blank, then the full document
            is displayed -->
            <link filter="STM32F446.[CE].*" display="Datasheet" type="dynamic" reference="dataSheet" index="HDMI (high-definition multimedia interface) consumer electronics control (CEC)">
            </link>
            <link display="Reference manual" type="dynamic" reference="refMan" index="HDMI-CEC controller (HDMI-CEC)">
            </link>
        </peripheral>
        <mode>
            <!-- @TODO Describe the mode TBD for CubeMX -->
        </mode>
        <config>
            <!-- @TODO configuration panel TBD for CubeMX -->
        </config>
    </serie>
    <serie ref="STM32F7">
        <peripheral>
            <!-- Title of the contextual widget -->
            <title>HDMI CEC</title>
            <!-- Generic description displayed in the first panel of the tooltip -->
            <extract>High Definition Multimedia Interface Consumer Electronics Control</extract>
            <!-- Detailed information displayed in the expandable panel when no MCU series has been selected -->
            <help_text>HDMI-CEC (High Definition Multimedia Interface Consumer Electronics Control) is&lt;br/&gt;
                the appendix supplement 1 to the HDMI standard. It is a protocol which provides high-level&lt;br/&gt;
                control functions between all of the various audiovisual products in an environment.&lt;br/&gt;
                It is specified to operate at low speeds with minimum processing and memory overhead.
            </help_text>
            <!-- Links that will be displayed on the help widgets:
            - filter: In case a selection needs to be made, use it as regexp on mcu name (STM32F042T6x)
            - display: string that will be displayed in front of the hyperlink
            - type: the type of file you want to display ("txt" "pdf", "chm", "html", "dynamic")
            dynamic stands for the document that have to be retrieved from the JSON database
            - reference: path to the document to be displayed (http or local path)
              If the file is dynamic, indicate the kind of file you want to display:
                * dataSheet => for datasheet document type
                * appNote => for application note document type
                * refMan => for reference manual document type
                * usrMan => for user Manual document type
                * prgMan => for Programming Manual document type
                * errSheet => for Errata Sheet document type
            - index: for pdf,html and chm type it specifies the chapter where the viewer will point
            for dynamic file it can specify a chapter except for application notes where it specifies
            the document display name (e.g. AN1015). This field may be left blank, then the full document
            is displayed -->
            <link filter="STM32F7(?![23]).*" display="Datasheet" type="dynamic" reference="dataSheet" index="High-definition multimedia interface (HDMI) - consumer electronics control (CEC)">
            </link>
            <link display="Reference manual" type="dynamic" reference="refMan" index="HDMI-CEC controller (HDMI-CEC)">
            </link>
        </peripheral>
        <mode>
            <!-- @TODO Describe the mode TBD for CubeMX -->
        </mode>
        <config>
            <!-- @TODO configuration panel TBD for CubeMX -->
        </config>
    </serie>
    <serie ref="STM32G0">
        <peripheral>
            <!-- Title of the contextual widget -->
            <title>HDMI CEC</title>
            <!-- Generic description displayed in the first panel of the tooltip -->
            <extract>High Definition Multimedia Interface Consumer Electronics Control</extract>
            <!-- Detailed information displayed in the expandable panel when no MCU series has been selected -->
            <help_text>HDMI-CEC (High Definition Multimedia Interface Consumer Electronics Control) is&lt;br/&gt;
                the appendix supplement 1 to the HDMI standard. It is a protocol which provides high-level&lt;br/&gt;
                control functions between all of the various audiovisual products in an environment.&lt;br/&gt;
                It is specified to operate at low speeds with minimum processing and memory overhead.
            </help_text>
            <!-- Links that will be displayed on the help widgets:
            - filter: In case a selection needs to be made, use it as regexp on mcu name (STM32F042T6x)
            - display: string that will be displayed in front of the hyperlink
            - type: the type of file you want to display ("txt" "pdf", "chm", "html", "dynamic")
            dynamic stands for the document that have to be retrieved from the JSON database
            - reference: path to the document to be displayed (http or local path)
              If the file is dynamic, indicate the kind of file you want to display:
                * dataSheet => for datasheet document type
                * appNote => for application note document type
                * refMan => for reference manual document type
                * usrMan => for user Manual document type
                * prgMan => for Programming Manual document type
                * errSheet => for Errata Sheet document type
            - index: for pdf,html and chm type it specifies the chapter where the viewer will point
            for dynamic file it can specify a chapter except for application notes where it specifies
            the document display name (e.g. AN1015). This field may be left blank, then the full document
            is displayed -->
            <link display="Datasheet" type="dynamic" reference="dataSheet" index="High-definition multimedia interface (HDMI) - consumer electronics control (CEC)">
            </link>
            <link display="Reference manual" type="dynamic" reference="refMan" index="HDMI-CEC controller (CEC)">
            </link>
        </peripheral>
        <mode>
            <!-- @TODO Describe the mode TBD for CubeMX -->
        </mode>
        <config>
            <!-- @TODO configuration panel TBD for CubeMX -->
        </config>
    </serie>
    <serie ref="STM32H7">
        <peripheral>
            <!-- Title of the contextual widget -->
            <title>HDMI CEC</title>
            <!-- Generic description displayed in the first panel of the tooltip -->
            <extract>High Definition Multimedia Interface Consumer Electronics Control</extract>
            <!-- Detailed information displayed in the expandable panel when no MCU series has been selected -->
            <help_text>HDMI-CEC (High Definition Multimedia Interface Consumer Electronics Control) is&lt;br/&gt;
                the appendix supplement 1 to the HDMI standard. It is a protocol which provides high-level&lt;br/&gt;
                control functions between all of the various audiovisual products in an environment.&lt;br/&gt;
                It is specified to operate at low speeds with minimum processing and memory overhead.
            </help_text>
            <!-- Links that will be displayed on the help widgets:
            - filter: In case a selection needs to be made, use it as regexp on mcu name (STM32F042T6x)
            - display: string that will be displayed in front of the hyperlink
            - type: the type of file you want to display ("txt" "pdf", "chm", "html", "dynamic")
            dynamic stands for the document that have to be retrieved from the JSON database
            - reference: path to the document to be displayed (http or local path)
              If the file is dynamic, indicate the kind of file you want to display:
                * dataSheet => for datasheet document type
                * appNote => for application note document type
                * refMan => for reference manual document type
                * usrMan => for user Manual document type
                * prgMan => for Programming Manual document type
                * errSheet => for Errata Sheet document type
            - index: for pdf,html and chm type it specifies the chapter where the viewer will point
            for dynamic file it can specify a chapter except for application notes where it specifies
            the document display name (e.g. AN1015). This field may be left blank, then the full document
            is displayed -->
            <link display="Datasheet" type="dynamic" reference="dataSheet" index="High-definition multimedia interface (HDMI) - consumer electronics control (CEC)">
            </link>
            <link display="Reference manual" type="dynamic" reference="refMan" index="HDMI-CEC controller (HDMI-CEC)">
            </link>
        </peripheral>
        <mode>
            <!-- @TODO Describe the mode TBD for CubeMX -->
        </mode>
        <config>
            <!-- @TODO configuration panel TBD for CubeMX -->
        </config>
    </serie>
    <serie ref="STM32MP1">
        <peripheral>
            <!-- Title of the contextual widget -->
            <title>HDMI CEC</title>
            <!-- Generic description displayed in the first panel of the tooltip -->
            <extract>High Definition Multimedia Interface Consumer Electronics Control</extract>
            <!-- Detailed information displayed in the expandable panel when no MCU series has been selected -->
            <help_text>HDMI-CEC (High Definition Multimedia Interface Consumer Electronics Control) is&lt;br/&gt;
                the appendix supplement 1 to the HDMI standard. It is a protocol which provides high-level&lt;br/&gt;
                control functions between all of the various audiovisual products in an environment.&lt;br/&gt;
                It is specified to operate at low speeds with minimum processing and memory overhead.
            </help_text>
            <!-- Links that will be displayed on the help widgets:
            - filter: In case a selection needs to be made, use it as regexp on mcu name (STM32F042T6x)
            - display: string that will be displayed in front of the hyperlink
            - type: the type of file you want to display ("txt" "pdf", "chm", "html", "dynamic")
            dynamic stands for the document that have to be retrieved from the JSON database
            - reference: path to the document to be displayed (http or local path)
              If the file is dynamic, indicate the kind of file you want to display:
                * dataSheet => for datasheet document type
                * appNote => for application note document type
                * refMan => for reference manual document type
                * usrMan => for user Manual document type
                * prgMan => for Programming Manual document type
                * errSheet => for Errata Sheet document type
            - index: for pdf,html and chm type it specifies the chapter where the viewer will point
            for dynamic file it can specify a chapter except for application notes where it specifies
            the document display name (e.g. AN1015). This field may be left blank, then the full document
            is displayed -->
            <link display="Datasheet" type="dynamic" reference="dataSheet" index="High-definition multimedia interface (HDMI) – Consumer electronics control (CEC)">
            </link>
            <link display="Reference manual" type="dynamic" reference="refMan" index="HDMI-CEC controller (CEC)">
            </link>
        </peripheral>
        <mode>
            <!-- @TODO Describe the mode TBD for CubeMX -->
        </mode>
        <config>
            <!-- @TODO configuration panel TBD for CubeMX -->
        </config>
    </serie>
</ctx_periph_help>
