<?xml version="1.0" encoding="UTF-8"?>
<!--

 File Name          : QUADSPI.xml
 Description        : Contextual documentation of the QUADSPI
                      for all MCU series

 COPYRIGHT(c) 2016 STMicroelectronics

====================================================================
| version 0.1  |  A.Morin          | Creation                      |
====================================================================
| version 0.2  |  A.Morin          | BZ36828 correction            |
====================================================================

Contextual help database for QUADSPI peripheral, it contains:
    - peripheral generic information under <peripheral> node
    - information about peripheral mode under <mode> node
    - details about the peripheral configuration under <config> node

-->
<ctx_periph_help xsi:noNamespaceSchemaLocation="../../../../../../../doc/V4/Development/Specifications/contextualDocumentation/peripherals.xsd" xmlns:xsi="http://www.w3.org/2001/XMLSchema-instance">
    <!-- serie "ref" is the MCU series you want to document e.g. STM32F0, STM32F1... -->
    <serie ref="Default">
        <peripheral>
            <!-- Title of the contextual widget -->
            <title>QUADSPI</title>
            <!-- Generic description displayed in the first panel of the tooltip -->
            <extract>Quad-SPI memory interface</extract>
            <!-- Detailed information displayed in the expandable panel when no MCU series has been selected -->
            <help_text>Quad SPI memory interface, is a specialized communication interface targeting&lt;br/&gt;
                Single, Dual or Quad SPI flash memories. It can work in:&lt;br/&gt;
                • Direct mode through registers.&lt;br/&gt;
                • External flash status register polling mode.&lt;br/&gt;
                • Memory mapped mode.
            </help_text>
            <!-- Links that will be displayed on the help widgets:
            - filter: In case a selection needs to be made, use it as regexp on mcu name (STM32F042T6x)
            - display: string that will be displayed in front of the hyperlink
            - type: the type of file you want to display ("txt" "pdf", "chm", "html", "dynamic")
            dynamic stands for the document that have to be retrieved from the JSON database
            - reference: path to the document to be displayed (http or local path)
              If the file is dynamic, indicate the kind of file you want to display:
                * dataSheet => for datasheet document type
                * appNote => for application note document type
                * refMan => for reference manual document type
                * usrMan => for user Manual document type
                * prgMan => for Programming Manual document type
                * errSheet => for Errata Sheet document type
            - index: for pdf,html and chm type it specifies the chapter where the viewer will point
            for dynamic file it can specify a chapter except for application notes where it specifies
            the document display name (e.g. AN1015). This field may be left blank, then the full document
            is displayed -->
        </peripheral>
        <mode>
            <!-- @TODO Describe the mode TBD for CubeMX -->
        </mode>
        <config>
            <!-- @TODO configuration panel TBD for CubeMX -->
        </config>
    </serie>
    <serie ref="STM32MP1">
        <peripheral>
            <!-- Title of the contextual widget -->
            <title>QUADSPI</title>
            <!-- Generic description displayed in the first panel of the tooltip -->
            <extract>Quad-SPI memory interface</extract>
            <!-- Detailed information displayed in the expandable panel when no MCU series has been selected -->
            <help_text>Quad SPI memory interface, is a specialized communication interface targeting&lt;br/&gt;
                Single, Dual or Quad SPI flash memories. It can work in:&lt;br/&gt;
                • Indirect mode through registers.&lt;br/&gt;
                • External flash status register polling mode.&lt;br/&gt;
                • Memory mapped mode.
            </help_text>
            <!-- Links that will be displayed on the help widgets:
            - filter: In case a selection needs to be made, use it as regexp on mcu name (STM32F042T6x)
            - display: string that will be displayed in front of the hyperlink
            - type: the type of file you want to display ("txt" "pdf", "chm", "html", "dynamic")
            dynamic stands for the document that have to be retrieved from the JSON database
            - reference: path to the document to be displayed (http or local path)
              If the file is dynamic, indicate the kind of file you want to display:
                * dataSheet => for datasheet document type
                * appNote => for application note document type
                * refMan => for reference manual document type
                * usrMan => for user Manual document type
                * prgMan => for Programming Manual document type
                * errSheet => for Errata Sheet document type
            - index: for pdf,html and chm type it specifies the chapter where the viewer will point
            for dynamic file it can specify a chapter except for application notes where it specifies
            the document display name (e.g. AN1015). This field may be left blank, then the full document
            is displayed -->
            <link filter="MCU:STM32MP15[137].[AC].*" display="Datasheet" type="dynamic" reference="dataSheet" index="Dual Quad-SPI memory interface (QUADSPI)">
            </link>
            <link display="Reference manual" type="dynamic" reference="refMan" index="Quad-SPI interface (QUADSPI)">
            </link>
        </peripheral>
        <mode>
            <!-- @TODO Describe the mode TBD for CubeMX -->
        </mode>
        <config>
            <!-- @TODO configuration panel TBD for CubeMX -->
        </config>
    </serie>
    <serie ref="STM32F4">
        <peripheral>
            <!-- Title of the contextual widget -->
            <title>QUADSPI</title>
            <!-- Generic description displayed in the first panel of the tooltip -->
            <extract>Quad-SPI memory interface</extract>
            <!-- Detailed information displayed in the expandable panel when no MCU series has been selected -->
            <help_text>Quad SPI memory interface, is a specialized communication interface targeting&lt;br/&gt;
                Single, Dual or Quad SPI flash memories. It can work in:&lt;br/&gt;
                • Direct mode through registers.&lt;br/&gt;
                • External flash status register polling mode.&lt;br/&gt;
                • Memory mapped mode.
            </help_text>
            <!-- Links that will be displayed on the help widgets:
            - filter: In case a selection needs to be made, use it as regexp on mcu name (STM32F042T6x)
            - display: string that will be displayed in front of the hyperlink
            - type: the type of file you want to display ("txt" "pdf", "chm", "html", "dynamic")
            dynamic stands for the document that have to be retrieved from the JSON database
            - reference: path to the document to be displayed (http or local path)
              If the file is dynamic, indicate the kind of file you want to display:
                * dataSheet => for datasheet document type
                * appNote => for application note document type
                * refMan => for reference manual document type
                * usrMan => for user Manual document type
                * prgMan => for Programming Manual document type
                * errSheet => for Errata Sheet document type
            - index: for pdf,html and chm type it specifies the chapter where the viewer will point
            for dynamic file it can specify a chapter except for application notes where it specifies
            the document display name (e.g. AN1015). This field may be left blank, then the full document
            is displayed -->
            <link filter="MCU:STM32F446.[CE].*" display="Datasheet" type="dynamic" reference="dataSheet" index="Quad SPI memory interface (QUADSPI)">
            </link>
            <link filter="MCU:STM32F4[12][23].[EGH].*" display="Datasheet" type="dynamic" reference="dataSheet" index="Quad-SPI memory interface (QUAD-SPI)">
            </link>
            <link filter="MCU:STM32F4[67]9.*" display="Datasheet" type="dynamic" reference="dataSheet" index="Quad-SPI memory interface (QUADSPI)">
            </link>
            <link display="Reference manual" type="dynamic" reference="refMan" index="Quad-SPI interface (QUADSPI)">
            </link>
        </peripheral>
        <mode>
            <!-- @TODO Describe the mode TBD for CubeMX -->
        </mode>
        <config>
            <!-- @TODO configuration panel TBD for CubeMX -->
        </config>
    </serie>
    <serie ref="STM32F7">
        <peripheral>
            <!-- Title of the contextual widget -->
            <title>QUADSPI</title>
            <!-- Generic description displayed in the first panel of the tooltip -->
            <extract>Quad-SPI memory interface</extract>
            <!-- Detailed information displayed in the expandable panel when no MCU series has been selected -->
            <help_text>Quad SPI memory interface, is a specialized communication interface targeting&lt;br/&gt;
                Single, Dual or Quad SPI flash memories. It can work in:&lt;br/&gt;
                • Direct mode through registers.&lt;br/&gt;
                • External flash status register polling mode.&lt;br/&gt;
                • Memory mapped mode.
            </help_text>
            <!-- Links that will be displayed on the help widgets:
            - filter: In case a selection needs to be made, use it as regexp on mcu name (STM32F042T6x)
            - display: string that will be displayed in front of the hyperlink
            - type: the type of file you want to display ("txt" "pdf", "chm", "html", "dynamic")
            dynamic stands for the document that have to be retrieved from the JSON database
            - reference: path to the document to be displayed (http or local path)
              If the file is dynamic, indicate the kind of file you want to display:
                * dataSheet => for datasheet document type
                * appNote => for application note document type
                * refMan => for reference manual document type
                * usrMan => for user Manual document type
                * prgMan => for Programming Manual document type
                * errSheet => for Errata Sheet document type
            - index: for pdf,html and chm type it specifies the chapter where the viewer will point
            for dynamic file it can specify a chapter except for application notes where it specifies
            the document display name (e.g. AN1015). This field may be left blank, then the full document
            is displayed -->
            <link display="Datasheet" type="dynamic" reference="dataSheet" index="Quad-SPI memory interface (QUADSPI)">
            </link>
            <link display="Reference manual" type="dynamic" reference="refMan" index="Quad-SPI interface (QUADSPI)">
            </link>
        </peripheral>
        <mode>
            <!-- @TODO Describe the mode TBD for CubeMX -->
        </mode>
        <config>
            <!-- @TODO configuration panel TBD for CubeMX -->
        </config>
    </serie>
    <serie ref="STM32G0">
        <peripheral>
            <!-- Title of the contextual widget -->
            <title>QUADSPI</title>
            <!-- Generic description displayed in the first panel of the tooltip -->
            <extract>Quad-SPI memory interface</extract>
            <!-- Detailed information displayed in the expandable panel when no MCU series has been selected -->
            <help_text>Quad SPI memory interface, is a specialized communication interface targeting&lt;br/&gt;
                Single, Dual or Quad SPI flash memories. It can work in:&lt;br/&gt;
                • Direct mode through registers.&lt;br/&gt;
                • External flash status register polling mode.&lt;br/&gt;
                • Memory mapped mode.
            </help_text>
            <!-- Links that will be displayed on the help widgets:
            - filter: In case a selection needs to be made, use it as regexp on mcu name (STM32F042T6x)
            - display: string that will be displayed in front of the hyperlink
            - type: the type of file you want to display ("txt" "pdf", "chm", "html", "dynamic")
            dynamic stands for the document that have to be retrieved from the JSON database
            - reference: path to the document to be displayed (http or local path)
              If the file is dynamic, indicate the kind of file you want to display:
                * dataSheet => for datasheet document type
                * appNote => for application note document type
                * refMan => for reference manual document type
                * usrMan => for user Manual document type
                * prgMan => for Programming Manual document type
                * errSheet => for Errata Sheet document type
            - index: for pdf,html and chm type it specifies the chapter where the viewer will point
            for dynamic file it can specify a chapter except for application notes where it specifies
            the document display name (e.g. AN1015). This field may be left blank, then the full document
            is displayed -->
            <link display="Datasheet" type="dynamic" reference="dataSheet" index="Quad-SPI memory interface (QUADSPI)">
            </link>
            <link display="Reference manual" type="dynamic" reference="refMan" index="Quad-SPI interface (QUADSPI)">
            </link>
        </peripheral>
        <mode>
            <!-- @TODO Describe the mode TBD for CubeMX -->
        </mode>
        <config>
            <!-- @TODO configuration panel TBD for CubeMX -->
        </config>
    </serie>
    <serie ref="STM32G4">
        <peripheral>
            <!-- Title of the contextual widget -->
            <title>QUADSPI</title>
            <!-- Generic description displayed in the first panel of the tooltip -->
            <extract>Quad-SPI memory interface</extract>
            <!-- Detailed information displayed in the expandable panel when no MCU series has been selected -->
            <help_text>Quad SPI memory interface, is a specialized communication interface targeting&lt;br/&gt;
                Single, Dual or Quad SPI flash memories. It can work in:&lt;br/&gt;
                • Direct mode through registers.&lt;br/&gt;
                • External flash status register polling mode.&lt;br/&gt;
                • Memory mapped mode.
            </help_text>
            <!-- Links that will be displayed on the help widgets:
            - filter: In case a selection needs to be made, use it as regexp on mcu name (STM32F042T6x)
            - display: string that will be displayed in front of the hyperlink
            - type: the type of file you want to display ("txt" "pdf", "chm", "html", "dynamic")
            dynamic stands for the document that have to be retrieved from the JSON database
            - reference: path to the document to be displayed (http or local path)
              If the file is dynamic, indicate the kind of file you want to display:
                * dataSheet => for datasheet document type
                * appNote => for application note document type
                * refMan => for reference manual document type
                * usrMan => for user Manual document type
                * prgMan => for Programming Manual document type
                * errSheet => for Errata Sheet document type
            - index: for pdf,html and chm type it specifies the chapter where the viewer will point
            for dynamic file it can specify a chapter except for application notes where it specifies
            the document display name (e.g. AN1015). This field may be left blank, then the full document
            is displayed -->
            <link display="Datasheet" type="dynamic" reference="dataSheet" index="Quad SPI memory interface (QUADSPI)">
            </link>
            <link display="Reference manual" type="dynamic" reference="refMan" index="Quad-SPI interface (QUADSPI)">
            </link>
        </peripheral>
        <mode>
            <!-- @TODO Describe the mode TBD for CubeMX -->
        </mode>
        <config>
            <!-- @TODO configuration panel TBD for CubeMX -->
        </config>
    </serie>
    <serie ref="STM32H7">
        <peripheral>
            <!-- Title of the contextual widget -->
            <title>QUADSPI</title>
            <!-- Generic description displayed in the first panel of the tooltip -->
            <extract>Quad-SPI memory interface</extract>
            <!-- Detailed information displayed in the expandable panel when no MCU series has been selected -->
            <help_text>Quad SPI memory interface, is a specialized communication interface targeting&lt;br/&gt;
                Single, Dual or Quad SPI flash memories. It can work in:&lt;br/&gt;
                • Direct mode through registers.&lt;br/&gt;
                • External flash status register polling mode.&lt;br/&gt;
                • Memory mapped mode.
            </help_text>
            <!-- Links that will be displayed on the help widgets:
            - filter: In case a selection needs to be made, use it as regexp on mcu name (STM32F042T6x)
            - display: string that will be displayed in front of the hyperlink
            - type: the type of file you want to display ("txt" "pdf", "chm", "html", "dynamic")
            dynamic stands for the document that have to be retrieved from the JSON database
            - reference: path to the document to be displayed (http or local path)
              If the file is dynamic, indicate the kind of file you want to display:
                * dataSheet => for datasheet document type
                * appNote => for application note document type
                * refMan => for reference manual document type
                * usrMan => for user Manual document type
                * prgMan => for Programming Manual document type
                * errSheet => for Errata Sheet document type
            - index: for pdf,html and chm type it specifies the chapter where the viewer will point
            for dynamic file it can specify a chapter except for application notes where it specifies
            the document display name (e.g. AN1015). This field may be left blank, then the full document
            is displayed -->
            <link display="Datasheet" type="dynamic" reference="dataSheet" index="Quad-SPI memory interface (QUADSPI)">
            </link>
            <link display="Reference manual" type="dynamic" reference="refMan" index="Quad-SPI interface (QUADSPI)">
            </link>
        </peripheral>
        <mode>
            <!-- @TODO Describe the mode TBD for CubeMX -->
        </mode>
        <config>
            <!-- @TODO configuration panel TBD for CubeMX -->
        </config>
    </serie>
    <serie ref="STM32L4">
        <peripheral>
            <!-- Title of the contextual widget -->
            <title>QUADSPI</title>
            <!-- Generic description displayed in the first panel of the tooltip -->
            <extract>Quad-SPI memory interface</extract>
            <!-- Detailed information displayed in the expandable panel when no MCU series has been selected -->
            <help_text>Quad SPI memory interface, is a specialized communication interface targeting&lt;br/&gt;
                Single, Dual or Quad SPI flash memories. It can work in:&lt;br/&gt;
                • Direct mode through registers.&lt;br/&gt;
                • External flash status register polling mode.&lt;br/&gt;
                • Memory mapped mode.
            </help_text>
            <!-- Links that will be displayed on the help widgets:
            - filter: In case a selection needs to be made, use it as regexp on mcu name (STM32F042T6x)
            - display: string that will be displayed in front of the hyperlink
            - type: the type of file you want to display ("txt" "pdf", "chm", "html", "dynamic")
            dynamic stands for the document that have to be retrieved from the JSON database
            - reference: path to the document to be displayed (http or local path)
              If the file is dynamic, indicate the kind of file you want to display:
                * dataSheet => for datasheet document type
                * appNote => for application note document type
                * refMan => for reference manual document type
                * usrMan => for user Manual document type
                * prgMan => for Programming Manual document type
                * errSheet => for Errata Sheet document type
            - index: for pdf,html and chm type it specifies the chapter where the viewer will point
            for dynamic file it can specify a chapter except for application notes where it specifies
            the document display name (e.g. AN1015). This field may be left blank, then the full document
            is displayed -->
            <link filter="MCU:STM32L4(?![9A]).*" display="Datasheet" type="dynamic" reference="dataSheet" index="Quad SPI memory interface (QUADSPI)">
            </link>
            <link filter="MCU:STM32L4[9A].*" display="Datasheet" type="dynamic" reference="dataSheet" index="Dual-flash Quad SPI memory interface (QUADSPI)">
            </link>
            <link display="Reference manual" type="dynamic" reference="refMan" index="Quad-SPI interface (QUADSPI)">
            </link>
        </peripheral>
        <mode>
            <!-- @TODO Describe the mode TBD for CubeMX -->
        </mode>
        <config>
            <!-- @TODO configuration panel TBD for CubeMX -->
        </config>
    </serie>
</ctx_periph_help>
