<?xml version="1.0" encoding="UTF-8"?>
<!--

 File Name          : Security Area.xml
 Description        : Contextual documentation of the Security Area
                      for all MCU series

 COPYRIGHT(c) 2016 STMicroelectronics

====================================================================
| version 0.1  |  A.Morin          | Creation                      |
====================================================================

Contextual help database for Security Area peripheral, it contains:
    - peripheral generic information under <periperal> node
    - information about peripheral mode under <mode> node
    - details about the peripheral configuration under <config> node

-->
<ctx_periph_help xsi:noNamespaceSchemaLocation="../../../../../../../doc/V4/Development/Specifications/contextualDocumentation/peripherals.xsd" xmlns:xsi="http://www.w3.org/2001/XMLSchema-instance">
    <!-- serie "ref" is the MCU series you want to document e.g. STM32F0, STM32F1... -->
    <serie ref="Default">
        <peripheral>
            <!-- Title of the contextual widget -->
            <title>Security Area</title>
            <!-- Generic description displayed in the first panel of the tooltip -->
            <extract>Global security Controller</extract>
            <!-- Detailed information displayed in the expandable panel when no MCU series has been selected -->
            <help_text>
                <![CDATA[The Global security Controller includes the description of three different sub-blocks:<br/>
                <p style="text-indent:20px;"><b>• TZSC: Security Controller</b><br/>
                <p style="text-indent:30px;">This sub-block defines the secure/privilege state of slave/master peripherals. It also<br/>
                <p style="text-indent:30px;"> controls the non-secure area size for the WaterMark Memory Protection Controller<br/>
                <p style="text-indent:30px;"> (MPCWM). The TZSC block informs some peripherals (such as RCC or GPIOs) about<br/>
                <p style="text-indent:30px;"> the secure status of each securable peripheral, by sharing with RCC and I/O logic.</p>
                <p style="text-indent:20px;"><b>• MPCBB: Block-Based Memory Protection Controller</b><br/>
                <p style="text-indent:30px;">This sub-block controls secure states of all blocks (256-byte pages) of the associated SRAM.</p>
                <p style="text-indent:20px;"><b>• TZIC: Security Illegal access Controller</b><br/>
                <p style="text-indent:30px;">This sub-block gathers all illegal access events in the system and generates<br/>
                <p style="text-indent:30px;"> a secure interrupt towards NVIC.</p><br/>
                <p>These sub-blocks are used to configure the system security in a product having bus<br/>
                <p style="text-indent:30px;"> agents with programmable-security and privileged attributes (securable) such as:
                <p style="text-indent:20px;">• on-chip RAM with programmable secure blocks (pages).</p>
                <p style="text-indent:20px;">• AHB and APB peripherals with programmable security and/or privilege access.</p>
                <p style="text-indent:20px;">• AHB master granted as secure and/or privilege.</p>
                <p style="text-indent:20px;">• off-chip memories with secure areas.</p>]]>
            </help_text>
            <!-- Links that will be displayed on the help widgets:
            - display: string that will be displayed in front of the hyperlink
            - type: the type of file you want to display ("txt" "pdf", "chm", "html", "dynamic")
            dynamic stands for the document that have to be retrieved from the JSON database
            - reference: path to the document to be displayed (http or local path)
              If the file is dynamic, indicate the kind of file you want to display:
                * dataSheet => for datasheet document type
                * appNote => for application note document type
                * refMan => for reference manual document type
                * usrMan => for user Manual document type
                * prgMan => for Programming Manual document type
                * errSheet => for Errata Sheet document type
            - index: for pdf,html and chm type it specifies the chapter where the viewer will point
            for dynamic file it can specify a chapter except for application notes where it specifies
            the document display name (e.g. AN1015). This field may be left blank, then the full document
            is displayed -->
        </peripheral>
        <mode>
            <!-- @TODO Describe the mode TBD for CubeMX -->
        </mode>
        <config>
            <!-- @TODO configuration panel TBD for CubeMX -->
        </config>
    </serie>
    <serie ref="STM32L5">
        <peripheral>
            <!-- Title of the contextual widget -->
            <title>Security Area</title>
            <!-- Generic description displayed in the first panel of the tooltip -->
            <extract>Global TrustZone® Controller</extract>
            <!-- Detailed information displayed in the expandable panel when no MCU series has been selected -->
            <help_text>
                <![CDATA[The Global TrustZone® Controller includes the description of three different sub-blocks:<br/>
                <p style="text-indent:20px;"><b>• TZSC: TrustZone® Security Controller</b><br/>
                <p style="text-indent:30px;">This sub-block defines the secure/privilege state of slave/master peripherals. It also<br/>
                <p style="text-indent:30px;"> controls the non-secure area size for the WaterMark Memory Protection Controller<br/>
                <p style="text-indent:30px;"> (MPCWM). The TZSC block informs some peripherals (such as RCC or GPIOs) about<br/>
                <p style="text-indent:30px;"> the secure status of each securable peripheral, by sharing with RCC and I/O logic.</p>
                <p style="text-indent:20px;"><b>• MPCBB: Block-Based Memory Protection Controller</b><br/>
                <p style="text-indent:30px;">This sub-block controls secure states of all blocks (256-byte pages) of the associated SRAM.</p>
                <p style="text-indent:20px;"><b>• TZIC: TrustZone® Illegal access Controller</b><br/>
                <p style="text-indent:30px;">This sub-block gathers all illegal access events in the system and generates<br/>
                <p style="text-indent:30px;"> a secure interrupt towards NVIC.</p><br/>
                <p>These sub-blocks are used to configure TrustZone® system security in a product having bus<br/>
                <p style="text-indent:30px;"> agents with programmable-security and privileged attributes (securable) such as:
                <p style="text-indent:20px;">• on-chip RAM with programmable secure blocks (pages).</p>
                <p style="text-indent:20px;">• AHB and APB peripherals with programmable security and/or privilege access.</p>
                <p style="text-indent:20px;">• AHB master granted as secure and/or privilege.</p>
                <p style="text-indent:20px;">• off-chip memories with secure areas.</p>]]>
            </help_text>
            <!-- Links that will be displayed on the help widgets:
            - display: string that will be displayed in front of the hyperlink
            - type: the type of file you want to display ("txt" "pdf", "chm", "html", "dynamic")
            dynamic stands for the document that have to be retrieved from the JSON database
            - reference: path to the document to be displayed (http or local path)
              If the file is dynamic, indicate the kind of file you want to display:
                * dataSheet => for datasheet document type
                * appNote => for application note document type
                * refMan => for reference manual document type
                * usrMan => for user Manual document type
                * prgMan => for Programming Manual document type
                * errSheet => for Errata Sheet document type
            - index: for pdf,html and chm type it specifies the chapter where the viewer will point
            for dynamic file it can specify a chapter except for application notes where it specifies
            the document display name (e.g. AN1015). This field may be left blank, then the full document
            is displayed -->
            <link display="Datasheet" type="dynamic" reference="dataSheet" index="Global TrustZone® controller (GTZC)"/>
            <link display="Reference manual" type="dynamic" reference="refMan" index="Global TrustZone® controller (GTZC)"/>
        </peripheral>
        <mode>
            <!-- @TODO Describe the mode TBD for CubeMX -->
        </mode>
        <config>
            <!-- @TODO configuration panel TBD for CubeMX -->
        </config>
    </serie>
    <serie ref="STM32U5">
        <peripheral>
            <!-- Title of the contextual widget -->
            <title>TrustZone®</title>
            <!-- Generic description displayed in the first panel of the tooltip -->
            <extract>Global TrustZone® Controller</extract>
            <!-- Detailed information displayed in the expandable panel when no MCU series has been selected -->
            <help_text>
                <![CDATA[The Global TrustZone® Controller block contains the following sub-blocks:<br/>
                <p style="text-indent:20px;"><b>• TZSC: TrustZone® Security Controller</b><br/>
                <p style="text-indent:30px;">This sub-block defines the secure/privileged state of slave peripherals. It also controls<br/>
                <p style="text-indent:30px;"> the sub-region area size and properties for the watermark memory peripheral controller<br/>
                <p style="text-indent:30px;"> (MPCWM). The TZSC informs some peripherals (such as RCC or GPIOs) about the<br/>
                <p style="text-indent:30px;"> secure status of each securable peripheral, by sharing with RCC and I/O logic.</p>
                <p style="text-indent:20px;"><b>• MPCBB: Memory Protection Controller Block-Based</b><br/>
                <p style="text-indent:30px;">This sub-block configures the internal RAM in a TrustZone-system product having<br/>
                <p style="text-indent:30px;"> segmented SRAM (pages of 512 bytes) with programmable-security and privileged attributes.</p>
                <p style="text-indent:20px;"><b>• TZIC: TrustZone® Illegal access Controller</b><br/>
                <p style="text-indent:30px;">This sub-block gathers all illegal access events in the system and generates<br/>
                <p style="text-indent:30px;"> a secure interrupt towards NVIC.</p><br/>
                <p>These sub-blocks are used to configure TrustZone® system security in a product having bus<br/>
                <p style="text-indent:30px;"> agents with programmable-security and privileged attributes such as:
                <p style="text-indent:20px;">• on-chip RAM with programmable secure and/or privileged blocks (pages)</p>
                <p style="text-indent:20px;">• AHB and APB peripherals with programmable security and/or privilege access.</p>
                <p style="text-indent:20px;">• off-chip memories with secure and/or privileged areas</p>]]>
            </help_text>
            <!-- Links that will be displayed on the help widgets:
            - display: string that will be displayed in front of the hyperlink
            - type: the type of file you want to display ("txt" "pdf", "chm", "html", "dynamic")
            dynamic stands for the document that have to be retrieved from the JSON database
            - reference: path to the document to be displayed (http or local path)
              If the file is dynamic, indicate the kind of file you want to display:
                * dataSheet => for datasheet document type
                * appNote => for application note document type
                * refMan => for reference manual document type
                * usrMan => for user Manual document type
                * prgMan => for Programming Manual document type
                * errSheet => for Errata Sheet document type
            - index: for pdf,html and chm type it specifies the chapter where the viewer will point
            for dynamic file it can specify a chapter except for application notes where it specifies
            the document display name (e.g. AN1015). This field may be left blank, then the full document
            is displayed -->
            <link display="Datasheet" type="dynamic" reference="dataSheet" index="Global TrustZone® controller (GTZC)"/>
            <link display="Reference manual" type="dynamic" reference="refMan" index="Global TrustZone® controller (GTZC)"/>
        </peripheral>
        <mode>
            <!-- @TODO Describe the mode TBD for CubeMX -->
        </mode>
        <config>
            <!-- @TODO configuration panel TBD for CubeMX -->
        </config>
    </serie>
    <serie ref="STM32WL">
        <peripheral>
            <!-- Title of the contextual widget -->
            <title>Security Area</title>
            <!-- Generic description displayed in the first panel of the tooltip -->
            <extract>Global security Controller</extract>
            <!-- Detailed information displayed in the expandable panel when no MCU series has been selected -->
            <help_text>
                <![CDATA[The Global security Controller includes the description of two different sub-blocks:<br/>
                <p style="text-indent:20px;"><b>• TZSC: Security Controller</b><br/>
                <p style="text-indent:30px;">This sub-block defines the secure/privileged state of slave peripherals. It also controls<br/>
                <p style="text-indent:30px;"> the unprivileged area size for the watermark memory peripheral controller (MPCWM).<br/>
                <p style="text-indent:20px;"><b>• TZIC: Security Illegal access Controller</b><br/>
                <p style="text-indent:30px;">This sub-block gathers all illegal access events in the system and generates a secure<br/>
                <p style="text-indent:30px;"> interrupt towards the secure CPU2 NVIC.</p><br/>
                <p>These sub-blocks are used to configure the system security and privilege such as:<br/>
                <p style="text-indent:20px;">• on-chip Flash memory and RAM with programmable secure or privilege or both areas.</p>
                <p style="text-indent:20px;">• AHB and APB peripherals with programmable security and/or privileged access.</p>]]>
            </help_text>
            <!-- Links that will be displayed on the help widgets:
            - display: string that will be displayed in front of the hyperlink
            - type: the type of file you want to display ("txt" "pdf", "chm", "html", "dynamic")
            dynamic stands for the document that have to be retrieved from the JSON database
            - reference: path to the document to be displayed (http or local path)
              If the file is dynamic, indicate the kind of file you want to display:
                * dataSheet => for datasheet document type
                * appNote => for application note document type
                * refMan => for reference manual document type
                * usrMan => for user Manual document type
                * prgMan => for Programming Manual document type
                * errSheet => for Errata Sheet document type
            - index: for pdf,html and chm type it specifies the chapter where the viewer will point
            for dynamic file it can specify a chapter except for application notes where it specifies
            the document display name (e.g. AN1015). This field may be left blank, then the full document
            is displayed -->
            <link display="Datasheet" type="dynamic" reference="dataSheet" index="Global security controller (GTZC)"/>
            <link display="Reference manual" type="dynamic" reference="refMan" index="Global security controller (GTZC)"/>
        </peripheral>
        <mode>
            <!-- @TODO Describe the mode TBD for CubeMX -->
        </mode>
        <config>
            <!-- @TODO configuration panel TBD for CubeMX -->
        </config>
    </serie>
</ctx_periph_help>
