<?xml version="1.0" encoding="UTF-8"?>
<!--
 File Name          : Power Supply.xml
 Description        : Contextual documentation of the Power Supply for all Boards

 COPYRIGHT(c) 2020 STMicroelectronics

Contextual help database for Power Supply peripheral, it contains:
    - peripheral generic information under <peripheral> node
-->
<ctx_periph_help xsi:noNamespaceSchemaLocation="../../../../../../../doc/V4/Development/Specifications/contextualDocumentation/peripherals.xsd" xmlns:xsi="http://www.w3.org/2001/XMLSchema-instance">
    <serie ref="Default">
        <peripheral>
            <!-- Title of the contextual widget -->
            <title>Power Supply</title>
            <!-- Generic description displayed in the first panel of the tooltip -->
            <extract>Power Supply</extract>
            <!-- Detailed information displayed in the expandable panel when no Board has been selected -->
            <help_text>Power source can be of the following types:&lt;br/&gt;
            • external (3V, 3.3V or 5V)&lt;br/&gt;
            • daughterboard&lt;br/&gt;
            • ST-Link USB&lt;br/&gt;
            • USB VBUS
            </help_text>
            <!-- Links that will be displayed on the help widgets:
            - filter: In case a selection needs to be made, use it as regexp on mcu name (STM32F042T6x)
            - display: string that will be displayed in front of the hyperlink
            - type: the type of file you want to display ("txt" "pdf", "chm", "html", "dynamic")
            dynamic stands for the document that have to be retrieved from the JSON database
            - reference: path to the document to be displayed (http or local path)
              If the file is dynamic, indicate the kind of file you want to display:
                * dataSheet => for datasheet document type
                * appNote => for application note document type
                * refMan => for reference manual document type
                * usrMan => for user Manual document type
                * prgMan => for Programming Manual document type
                * errSheet => for Errata Sheet document type
            - index: for pdf,html and chm type it specifies the chapter where the viewer will point
            for dynamic file it can specify a chapter except for application notes where it specifies
            the document display name (e.g. AN1015). This field may be left blank, then the full document
            is displayed -->
            <link display="User manual" type="dynamic" reference="usrMan" index="Power Supply">
            </link>
        </peripheral>
    </serie>
</ctx_periph_help>
